held_out_subtype,seed,set,flight_id,family,mahal,iso,one_minus_conf,gaprule
drift_coherent,0,seen_test,f20260909103_spoof,spoof,9.693482998903043,0.4260028226284797,0.3146817286327941,0.19999980000020004
drift_coherent,0,seen_test,f20260909104_spoof,spoof,9.441477802539628,0.39507138656787455,0.34462373549960956,0.19999980000020004
drift_coherent,0,seen_test,f20260909109_spoof,spoof,24.893968401099183,0.49539214436057766,0.06527048093963261,0.19999980000020004
drift_coherent,0,seen_test,f20260909111_spoof,spoof,34.81662867741422,0.3853557031690762,0.12375515913930568,0.19999980000020004
drift_coherent,0,seen_test,f20260909120_spoof,spoof,4.3378435566379085,0.3789952722563987,0.5168987006883653,0.19999980000020004
drift_coherent,0,seen_test,f20260909122_spoof,spoof,18.09350533630236,0.41915837106478265,0.04319023773480035,0.19999980000020004
drift_coherent,0,seen_test,f20260909124_spoof,spoof,7.895574720457007,0.38363230462449444,0.540748214749964,0.19999980000020004
drift_coherent,0,seen_test,f20260909126_spoof,spoof,8.70075340756709,0.40047895407192835,0.13103142014853963,0.19999980000020004
drift_coherent,0,seen_test,f20260909137_spoof,spoof,6.647193718004396,0.388223350693918,0.29304830462310383,0.19999980000020004
drift_coherent,0,seen_test,f20260909139_spoof,spoof,9.29747537798669,0.39275693174759746,0.20564926358791202,0.19999980000020004
drift_coherent,0,seen_test,f20260909146_spoof,spoof,13.892692562747945,0.4163730275045263,0.30844168864587995,0.19999980000020004
drift_coherent,0,seen_test,f20260909149_spoof,spoof,11.625056090108133,0.42185910146466904,0.049778029615863306,0.19999980000020004
drift_coherent,0,seen_test,f20260909151_spoof,spoof,25.685772751118076,0.513605105888386,0.23205749109149243,0.19999980000020004
drift_coherent,0,seen_test,f20260909152_spoof,spoof,13.37975809020386,0.4643878219678439,0.08232770490678454,0.19999980000020004
drift_coherent,0,seen_test,f20260909158_spoof,spoof,17.38127283503499,0.44256604293551555,0.14481767641617949,0.19999980000020004
drift_coherent,0,unseen,f20260909102_spoof,spoof,8.480305576418353,0.37833362155011957,0.3718141942212987,0.19999980000020004
drift_coherent,0,unseen,f20260909105_spoof,spoof,6.020505552056836,0.36894928486226647,0.5214102851247643,0.19999980000020004
drift_coherent,0,unseen,f20260909110_spoof,spoof,14.761201698417754,0.38812973569711706,0.5100809897780494,0.19999980000020004
drift_coherent,0,unseen,f20260909116_spoof,spoof,2.448730896548609,0.3537555563405488,0.18687706428137063,0.19999980000020004
drift_coherent,0,unseen,f20260909117_spoof,spoof,13.296884901212767,0.3886510686284149,0.28571520313714005,0.19999980000020004
drift_coherent,0,unseen,f20260909121_spoof,spoof,19.846096259915406,0.4608250967690808,0.5178126468341316,0.19999980000020004
drift_coherent,0,unseen,f20260909123_spoof,spoof,71.33522950233981,0.39337024982406366,0.17219460408545995,0.19999980000020004
drift_coherent,0,unseen,f20260909129_spoof,spoof,10.552090317838754,0.4005642364158125,0.18575328746842223,0.19999980000020004
drift_coherent,0,unseen,f20260909132_spoof,spoof,7.961139616596395,0.3815836826627684,0.42748260712906727,0.19999980000020004
drift_coherent,0,unseen,f20260909133_spoof,spoof,7.0677894352794,0.4024159365326501,0.23920171347254426,0.19999980000020004
drift_coherent,0,unseen,f20260909135_spoof,spoof,6.900842076353934,0.3661379506983454,0.22182322393271214,0.19999980000020004
drift_coherent,0,unseen,f20260909143_spoof,spoof,12.712809523468747,0.43271723216449737,0.5204498951721568,0.19999980000020004
drift_coherent,0,unseen,f20260909144_spoof,spoof,25.48388321273539,0.43823321884939626,0.09454452774336208,0.19999980000020004
drift_coherent,0,unseen,f20260909147_spoof,spoof,12.56622141976328,0.37518794055195803,0.24720954478981672,0.19999980000020004
drift_coherent,0,unseen,f20260909150_spoof,spoof,6.998744117271997,0.3582609745705,0.1879392664975884,0.19999980000020004
drift_coherent,0,unseen,f20260909154_spoof,spoof,11.267955250118117,0.3718400461985209,0.12680647332252337,0.19999980000020004
drift_coherent,0,unseen,f20260909155_spoof,spoof,7.876847619854955,0.38597374028437753,0.45180315906126856,0.19999980000020004
drift_coherent,0,calibration,f148656514407084_gps_degrade,gps_degrade,22.283191218562013,0.46488487092659786,0.09622742700025266,0.9999990000010001
drift_coherent,0,calibration,f162578072652318_gps_degrade,gps_degrade,16.86661280993569,0.4837301680948742,0.00817519829884894,0.9999990000010001
drift_coherent,0,calibration,f179117136627038_gps_degrade,gps_degrade,21.302171403828545,0.49341546307280354,0.04668091077810865,0.9999990000010001
drift_coherent,0,calibration,f187049508766390_gps_degrade,gps_degrade,24.838681705945245,0.4564012313643814,0.06506037176195323,0.9999990000010001
drift_coherent,0,calibration,f20260909001_nominal,nominal,21.2888652644486,0.4402653792440668,0.0872986936200758,0.19999980000020004
drift_coherent,0,calibration,f20260909004_nominal,nominal,6.573980647096412,0.3726074893555072,0.061400625510234064,0.19999980000020004
drift_coherent,0,calibration,f20260909014_nominal,nominal,9.117179025575723,0.37312204669611176,0.19430707579105055,0.19999980000020004
drift_coherent,0,calibration,f20260909015_nominal,nominal,8.119833994200718,0.36417383395447517,0.19252951938101548,0.19999980000020004
drift_coherent,0,calibration,f20260909017_nominal,nominal,7.712291668220849,0.3626058055161829,0.2584582312885305,0.19999980000020004
drift_coherent,0,calibration,f20260909018_nominal,nominal,10.769998797462858,0.3609791181322103,0.10542764998901,0.19999980000020004
drift_coherent,0,calibration,f20260909019_nominal,nominal,40.6913884255018,0.39522259064228593,0.09412458397573531,0.19999980000020004
drift_coherent,0,calibration,f20260909023_nominal,nominal,9.72753647880677,0.37694539698982826,0.1374641575105786,0.19999980000020004
drift_coherent,0,calibration,f20260909027_nominal,nominal,9.523857273086188,0.3722250133215843,0.2267576290614216,0.19999980000020004
drift_coherent,0,calibration,f20260909035_nominal,nominal,3.6406128373978355,0.3542746696089629,0.06527373435289374,0.19999980000020004
drift_coherent,0,calibration,f20260909037_nominal,nominal,4.909377832318399,0.35228803420420673,0.18387185906440018,0.19999980000020004
drift_coherent,0,calibration,f20260909038_nominal,nominal,10.619807294852642,0.3584110215041611,0.08048497997333026,0.19999980000020004
drift_coherent,0,calibration,f20260909039_nominal,nominal,7.959388491984661,0.35374453419992397,0.1532955349645586,0.19999980000020004
drift_coherent,0,calibration,f20260909042_nominal,nominal,6.682417233425582,0.3515200743868442,0.15383886867847596,0.19999980000020004
drift_coherent,0,calibration,f20260909043_nominal,nominal,6.628200481236776,0.3679703991903386,0.5076069800460725,0.19999980000020004
drift_coherent,0,calibration,f20260909044_nominal,nominal,7.484122952419148,0.3594465790635734,0.06002259025958456,0.19999980000020004
drift_coherent,0,calibration,f20260909049_nominal,nominal,9.198377091681223,0.37594551780810015,0.18843587776263715,0.19999980000020004
drift_coherent,0,calibration,f20260909051_nominal,nominal,4.040942892563045,0.3512710289994994,0.07506178043812284,0.19999980000020004
drift_coherent,0,calibration,f20260909054_nominal,nominal,5.009082360119339,0.3572916021809247,0.08545898042472344,0.19999980000020004
drift_coherent,0,calibration,f20260909056_nominal,nominal,6.102404434490442,0.3576873227558553,0.045196280663772015,0.19999980000020004
drift_coherent,0,calibration,f20260909106_spoof,spoof,18.624054001588256,0.46482003092066976,0.03293399995864432,0.19999980000020004
drift_coherent,0,calibration,f20260909107_spoof,spoof,18.000244171112595,0.4315817941878677,0.01639255680331475,0.19999980000020004
drift_coherent,0,calibration,f20260909108_spoof,spoof,193.2198801618916,0.5300436569665019,0.252093476559879,0.19999980000020004
drift_coherent,0,calibration,f20260909112_spoof,spoof,10.909922580929404,0.39990283146745537,0.18492478856151295,0.19999980000020004
drift_coherent,0,calibration,f20260909113_spoof,spoof,7.14117619654493,0.4048780965302521,0.16187504302641909,0.19999980000020004
drift_coherent,0,calibration,f20260909114_spoof,spoof,10.297081686679197,0.4344831327295704,0.5334917138272655,0.19999980000020004
drift_coherent,0,calibration,f20260909115_spoof,spoof,14.28840616355632,0.41632325476925897,0.04147783634226665,0.19999980000020004
drift_coherent,0,calibration,f20260909130_spoof,spoof,192.26104188371997,0.5304292499050753,0.23031679111004666,0.19999980000020004
drift_coherent,0,calibration,f20260909131_spoof,spoof,197.44832291148737,0.4626085343243833,0.243876617877132,0.19999980000020004
drift_coherent,0,calibration,f20260909134_spoof,spoof,22.477322709795047,0.4463758536848713,0.38294397134598634,0.19999980000020004
drift_coherent,0,calibration,f20260909140_spoof,spoof,17.106761307277132,0.4710131887506461,0.21240439759908047,0.19999980000020004
drift_coherent,0,calibration,f20260909142_spoof,spoof,21.811865404483815,0.4448619345877733,0.014780742597174767,0.19999980000020004
drift_coherent,0,calibration,f20260909153_spoof,spoof,42.421939934857704,0.5083332032839603,0.0031960289361774308,0.19999980000020004
drift_coherent,0,calibration,f20260909159_spoof,spoof,14.111248338837695,0.429552632859831,0.04688420990579478,0.19999980000020004
drift_coherent,0,calibration,f20260909207_gps_degrade,gps_degrade,593.3751865274724,0.6709703395941703,0.0002196725060893412,0.19999980000020004
drift_coherent,0,calibration,f20260909208_gps_degrade,gps_degrade,52.92306553812335,0.5137642391724166,0.04655616656910677,0.19999980000020004
drift_coherent,0,calibration,f20260909211_gps_degrade,gps_degrade,368.9002261552022,0.6129962332636867,0.0023162668045655366,0.19999980000020004
drift_coherent,0,calibration,f20260909213_gps_degrade,gps_degrade,21.100897601092047,0.45104285119846516,0.09225037136852021,0.9999990000010001
drift_coherent,0,calibration,f20260909216_gps_degrade,gps_degrade,31.592988577404338,0.4694139610216316,0.10193136122539148,0.9999990000010001
drift_coherent,0,calibration,f20260909217_gps_degrade,gps_degrade,59.03551170566956,0.5233735391943989,0.07876021072272388,0.19999980000020004
drift_coherent,0,calibration,f20260909218_gps_degrade,gps_degrade,36.31096045132429,0.4994261565475897,0.008876611075850693,0.9999990000010001
drift_coherent,0,calibration,f20260909220_gps_degrade,gps_degrade,26.825399551767045,0.49515188969445334,0.0063648019351653096,0.9999990000010001
drift_coherent,0,calibration,f20260909228_gps_degrade,gps_degrade,33587.453013489925,0.5621275118966027,2.44954957651089e-07,0.19999980000020004
drift_coherent,0,calibration,f20260909237_gps_degrade,gps_degrade,112.98024615417806,0.5537548439922304,0.00011811326311128578,0.9999990000010001
drift_coherent,0,calibration,f20260909238_gps_degrade,gps_degrade,71.22467690241007,0.5536310943402801,0.10564058994518744,0.19999980000020004
drift_coherent,0,calibration,f20260909239_gps_degrade,gps_degrade,1320.3214941878693,0.6508613149919069,9.044096994759165e-06,0.19999980000020004
drift_coherent,0,calibration,f20260909246_gps_degrade,gps_degrade,604.421077169839,0.606116140081523,0.04324667504188584,0.19999980000020004
drift_coherent,0,calibration,f20260909249_gps_degrade,gps_degrade,1574307.9628512715,0.6228465873509242,0.0,0.19999980000020004
drift_coherent,0,calibration,f20260909301_sensor_fault,sensor_fault,13.998785618615848,0.4903994329989541,0.004901960956947615,0.9999990000010001
drift_coherent,0,calibration,f20260909302_sensor_fault,sensor_fault,127.99155750001897,0.5061316939561938,0.001400543455654546,0.9999990000010001
drift_coherent,0,calibration,f20260909307_sensor_fault,sensor_fault,17.217288771084696,0.43729760665520423,0.07483286472235406,0.9999990000010001
drift_coherent,0,calibration,f20260909308_sensor_fault,sensor_fault,13.198071706358371,0.4800966249940731,0.008269600833633595,0.9999990000010001
drift_coherent,0,calibration,f20260909310_sensor_fault,sensor_fault,13.83126789870644,0.4213510961170758,0.16332874112017526,0.6399993600006401
drift_coherent,0,calibration,f20260909318_sensor_fault,sensor_fault,16.539641887702714,0.4523638602058058,0.024750506914460457,0.9999990000010001
drift_coherent,0,calibration,f20260909319_sensor_fault,sensor_fault,37.53696892412972,0.46420296874052713,0.12458118914541672,0.9999990000010001
drift_coherent,0,calibration,f20260909320_sensor_fault,sensor_fault,15.760146994673132,0.46953983560860785,0.011340697652374554,0.9999990000010001
drift_coherent,0,calibration,f20260909327_sensor_fault,sensor_fault,75.9281616824832,0.5358677014822676,0.0005411669078013714,0.9999990000010001
drift_coherent,0,calibration,f20260909330_sensor_fault,sensor_fault,13.823603244711226,0.4131983415036513,0.13637799133382544,0.8399991600008401
drift_coherent,0,calibration,f20260909331_sensor_fault,sensor_fault,23.399579630665503,0.4210136869923287,0.16406710383989898,0.9999990000010001
drift_coherent,0,calibration,f20260909341_sensor_fault,sensor_fault,26.250267861823648,0.4860279092679815,0.004148793981672783,0.9999990000010001
drift_coherent,0,calibration,f20260909342_sensor_fault,sensor_fault,13.767595433162075,0.42074722917495266,0.05923072187745704,0.9999990000010001
drift_coherent,0,calibration,f20260909345_sensor_fault,sensor_fault,16.280051085118476,0.44662528608619295,0.018916253128121507,0.9999990000010001
drift_coherent,0,calibration,f20260909347_sensor_fault,sensor_fault,21.08236996211941,0.47768171039046026,0.010300733742300894,0.9999990000010001
drift_coherent,0,calibration,f20260909350_sensor_fault,sensor_fault,12.969691039039489,0.4080178335017791,0.3384440203535177,0.47999952000048
drift_coherent,0,calibration,f20260909352_sensor_fault,sensor_fault,17.603095337349014,0.4404855801033782,0.05808373380819598,0.9999990000010001
drift_coherent,0,calibration,f20260909355_sensor_fault,sensor_fault,16.869241681441984,0.4394602023467543,0.08461094791246537,0.9999990000010001
drift_coherent,0,calibration,f20260909357_sensor_fault,sensor_fault,63.93497899127892,0.4707524443176761,0.016393312884460776,0.9999990000010001
drift_coherent,0,calibration,f20260909358_sensor_fault,sensor_fault,128.30447076214006,0.5138573398975067,0.00297642790145769,0.9999990000010001
drift_coherent,0,calibration,f267926232552533_gps_degrade,gps_degrade,47.41062424360821,0.5055558200705313,0.02381101826219656,0.9999990000010001
drift_coherent,0,calibration,f7925275977104_gps_degrade,gps_degrade,19.64238461079446,0.4803468823091039,0.023012883555081576,0.9999990000010001
drift_coherent,1,seen_test,f20260909103_spoof,spoof,11.768955121733908,0.40840897811449445,0.36734389710248294,0.19999980000020004
drift_coherent,1,seen_test,f20260909104_spoof,spoof,9.094641377469845,0.4035475640986013,0.40306988350689177,0.19999980000020004
drift_coherent,1,seen_test,f20260909108_spoof,spoof,1132.82730579833,0.5261381596077822,1.2124633700261178e-05,0.19999980000020004
drift_coherent,1,seen_test,f20260909112_spoof,spoof,8.56509307670064,0.40931449077611415,0.3054822900571701,0.19999980000020004
drift_coherent,1,seen_test,f20260909119_spoof,spoof,10.559685391580418,0.40938369305494127,0.41638825120669387,0.19999980000020004
drift_coherent,1,seen_test,f20260909122_spoof,spoof,10.392109454985128,0.4234641943029774,0.20659543419740922,0.19999980000020004
drift_coherent,1,seen_test,f20260909127_spoof,spoof,11.304636690765312,0.4375701411997372,0.26855570841457355,0.19999980000020004
drift_coherent,1,seen_test,f20260909128_spoof,spoof,39.38900882821987,0.5047444390893602,0.0078426336937919,0.19999980000020004
drift_coherent,1,seen_test,f20260909136_spoof,spoof,9.98447178398633,0.43109753656482086,0.30455351855194224,0.19999980000020004
drift_coherent,1,seen_test,f20260909138_spoof,spoof,6.453502762794575,0.402846757909512,0.3979162125262058,0.19999980000020004
drift_coherent,1,seen_test,f20260909152_spoof,spoof,11.110711800602363,0.41350402012532456,0.08080925436965347,0.19999980000020004
drift_coherent,1,seen_test,f20260909153_spoof,spoof,45.50480171583232,0.49617770080928036,0.0051962709376198735,0.19999980000020004
drift_coherent,1,seen_test,f20260909156_spoof,spoof,9.230158408130896,0.4231405293238107,0.43298342344880136,0.19999980000020004
drift_coherent,1,seen_test,f20260909158_spoof,spoof,10.405706427362722,0.41610099576517545,0.08377201927428812,0.19999980000020004
drift_coherent,1,seen_test,f20260909159_spoof,spoof,11.439019015081742,0.4295968229175482,0.1067916520527541,0.19999980000020004
drift_coherent,1,unseen,f20260909102_spoof,spoof,5.67463624320469,0.37092130350251373,0.33250670725522824,0.19999980000020004
drift_coherent,1,unseen,f20260909105_spoof,spoof,9.761799888552362,0.3851209593096794,0.4729586144975634,0.19999980000020004
drift_coherent,1,unseen,f20260909110_spoof,spoof,5.990832145820487,0.3747555027646223,0.3872029444419338,0.19999980000020004
drift_coherent,1,unseen,f20260909116_spoof,spoof,5.720662545907765,0.37617302685720533,0.3241750274056544,0.19999980000020004
drift_coherent,1,unseen,f20260909117_spoof,spoof,10.091005166312296,0.39506642644410334,0.398805920779418,0.19999980000020004
drift_coherent,1,unseen,f20260909121_spoof,spoof,30.063903790718452,0.4533818099225993,0.4992550139017954,0.19999980000020004
drift_coherent,1,unseen,f20260909123_spoof,spoof,22.76277859937367,0.40736959055612854,0.18471261772100778,0.19999980000020004
drift_coherent,1,unseen,f20260909129_spoof,spoof,13.733356255875465,0.43858121511768794,0.4503244927695219,0.19999980000020004
drift_coherent,1,unseen,f20260909132_spoof,spoof,6.7507787767146015,0.3737590777257115,0.1720290818884339,0.19999980000020004
drift_coherent,1,unseen,f20260909133_spoof,spoof,11.26728365410287,0.39797234869591636,0.4599078739044392,0.19999980000020004
drift_coherent,1,unseen,f20260909135_spoof,spoof,5.63401662509152,0.38013466555485265,0.26074496988217555,0.19999980000020004
drift_coherent,1,unseen,f20260909143_spoof,spoof,5.529304784788553,0.3839162263988108,0.31050554131143004,0.19999980000020004
drift_coherent,1,unseen,f20260909144_spoof,spoof,8.36349927695564,0.3938530700720366,0.49835167378114176,0.19999980000020004
drift_coherent,1,unseen,f20260909147_spoof,spoof,7.672380074887752,0.3758109724422733,0.1928388164338969,0.19999980000020004
drift_coherent,1,unseen,f20260909150_spoof,spoof,8.94447070400072,0.38476020281043866,0.4876173270674068,0.19999980000020004
drift_coherent,1,unseen,f20260909154_spoof,spoof,4.034616200615689,0.36665352008174684,0.23252568005304075,0.19999980000020004
drift_coherent,1,unseen,f20260909155_spoof,spoof,6.626922215946651,0.3792651994856153,0.40761067663304185,0.19999980000020004
drift_coherent,1,calibration,f115936881981907_gps_degrade,gps_degrade,21.41744621155829,0.47178665416184684,0.06319616642928205,0.9999990000010001
drift_coherent,1,calibration,f137476638112559_gps_degrade,gps_degrade,29.136335661981878,0.48681511442963427,0.03197312389044871,0.9999990000010001
drift_coherent,1,calibration,f153363458695622_gps_degrade,gps_degrade,16.38647755558964,0.4871689115356688,0.019597623834685107,0.9999990000010001
drift_coherent,1,calibration,f162578072652318_gps_degrade,gps_degrade,19.490979230736635,0.4911392841217027,0.01771565404247244,0.9999990000010001
drift_coherent,1,calibration,f20260909000_nominal,nominal,4.679712601614192,0.3646125791098624,0.12422157698239067,0.15999984000016002
drift_coherent,1,calibration,f20260909012_nominal,nominal,6.102928450732417,0.3686148661131426,0.2958419728035885,0.19999980000020004
drift_coherent,1,calibration,f20260909015_nominal,nominal,8.41673324581713,0.3877073901684763,0.041104389374668315,0.19999980000020004
drift_coherent,1,calibration,f20260909017_nominal,nominal,6.0008444861874155,0.3811423480688008,0.38340797485894873,0.19999980000020004
drift_coherent,1,calibration,f20260909021_nominal,nominal,12.34443235326633,0.4013022218969568,0.12698146562573864,0.19999980000020004
drift_coherent,1,calibration,f20260909024_nominal,nominal,7.034098074113622,0.37980091807200905,0.09669314162761689,0.19999980000020004
drift_coherent,1,calibration,f20260909027_nominal,nominal,3.7073156042229,0.3660805016803299,0.11998295615340915,0.19999980000020004
drift_coherent,1,calibration,f20260909028_nominal,nominal,12.740181423325524,0.3802874450905289,0.028758473096784365,0.19999980000020004
drift_coherent,1,calibration,f20260909031_nominal,nominal,8.835335333237389,0.3971948742631984,0.09148791010707158,0.19999980000020004
drift_coherent,1,calibration,f20260909036_nominal,nominal,6.263720985365065,0.3762522232285848,0.06077778824219526,0.19999980000020004
drift_coherent,1,calibration,f20260909037_nominal,nominal,4.989709385520174,0.3721013475387353,0.13116498667840326,0.19999980000020004
drift_coherent,1,calibration,f20260909038_nominal,nominal,5.882474362672595,0.3672360242721874,0.05197510340668876,0.19999980000020004
drift_coherent,1,calibration,f20260909042_nominal,nominal,8.209085013448732,0.38386809735788224,0.1283599554218745,0.19999980000020004
drift_coherent,1,calibration,f20260909043_nominal,nominal,9.687887414325898,0.37959658019884485,0.05433943851879586,0.19999980000020004
drift_coherent,1,calibration,f20260909044_nominal,nominal,4.48666092385498,0.3634894620016342,0.14650876789263256,0.19999980000020004
drift_coherent,1,calibration,f20260909045_nominal,nominal,5.89863409272384,0.3749262284266998,0.31608229930718235,0.19999980000020004
drift_coherent,1,calibration,f20260909048_nominal,nominal,6.218747360114392,0.368986023299607,0.08486360927571468,0.19999980000020004
drift_coherent,1,calibration,f20260909049_nominal,nominal,7.2811775825527105,0.3813787645891441,0.096761887773264,0.19999980000020004
drift_coherent,1,calibration,f20260909055_nominal,nominal,4.268995517875181,0.36514864813575926,0.18989646524217207,0.19999980000020004
drift_coherent,1,calibration,f20260909057_nominal,nominal,5.126782967610169,0.37016086611934124,0.12148146855854614,0.19999980000020004
drift_coherent,1,calibration,f20260909100_spoof,spoof,11.299650278209482,0.4506522498772477,0.1903613637852215,0.15999984000016002
drift_coherent,1,calibration,f20260909106_spoof,spoof,13.438277649688063,0.4327135360704685,0.055664442175549445,0.19999980000020004
drift_coherent,1,calibration,f20260909107_spoof,spoof,13.083014006728302,0.4265896296039083,0.05967306486860979,0.19999980000020004
drift_coherent,1,calibration,f20260909111_spoof,spoof,5.850384755198715,0.37914220449268415,0.29260585234915326,0.19999980000020004
drift_coherent,1,calibration,f20260909113_spoof,spoof,9.809147078326593,0.4150464445899177,0.2782263258063298,0.19999980000020004
drift_coherent,1,calibration,f20260909120_spoof,spoof,4.610013266247434,0.3948863122105656,0.5189416853251563,0.19999980000020004
drift_coherent,1,calibration,f20260909131_spoof,spoof,5.565496641831188,0.3842658116410448,0.5097221265320477,0.19999980000020004
drift_coherent,1,calibration,f20260909134_spoof,spoof,16.286510844963782,0.43845755534349906,0.20958118841199336,0.19999980000020004
drift_coherent,1,calibration,f20260909137_spoof,spoof,6.054862934297585,0.3974198495072641,0.3816854694807785,0.19999980000020004
drift_coherent,1,calibration,f20260909139_spoof,spoof,9.763770940666596,0.4091500920625609,0.27139538924630224,0.19999980000020004
drift_coherent,1,calibration,f20260909145_spoof,spoof,6.0336588509126114,0.39958753641114975,0.499978322137421,0.19999980000020004
drift_coherent,1,calibration,f20260909146_spoof,spoof,7.7443535096257605,0.42442024224388974,0.4270361400933589,0.19999980000020004
drift_coherent,1,calibration,f20260909148_spoof,spoof,19.422431439607433,0.4368974018182931,0.31928730908067204,0.19999980000020004
drift_coherent,1,calibration,f20260909157_spoof,spoof,40.70099698562736,0.49180864660597584,0.03087597429643163,0.19999980000020004
drift_coherent,1,calibration,f20260909206_gps_degrade,gps_degrade,23.12829127441405,0.4995042325576322,0.030797564175264247,0.9999990000010001
drift_coherent,1,calibration,f20260909208_gps_degrade,gps_degrade,18.195885503751608,0.4859065128650516,0.14873779921873176,0.19999980000020004
drift_coherent,1,calibration,f20260909210_gps_degrade,gps_degrade,15.580122445626083,0.49242005767171976,0.028886704246365302,0.9999990000010001
drift_coherent,1,calibration,f20260909212_gps_degrade,gps_degrade,18.923125208276996,0.49708175480180367,0.014613901290594478,0.9999990000010001
drift_coherent,1,calibration,f20260909229_gps_degrade,gps_degrade,18.088870552846053,0.46314026728048224,0.13192145488340812,0.9999990000010001
drift_coherent,1,calibration,f20260909236_gps_degrade,gps_degrade,20.24679249609017,0.4868965236189491,0.0390641816386702,0.9999990000010001
drift_coherent,1,calibration,f20260909239_gps_degrade,gps_degrade,102.54032691226665,0.5818211106125815,0.0004250566950672052,0.19999980000020004
drift_coherent,1,calibration,f20260909243_gps_degrade,gps_degrade,24.253120425954023,0.5049023800362071,0.04748556936841486,0.19999980000020004
drift_coherent,1,calibration,f20260909246_gps_degrade,gps_degrade,110.22308373573331,0.5473466419823207,0.0019643626959081617,0.19999980000020004
drift_coherent,1,calibration,f20260909247_gps_degrade,gps_degrade,21.477019586259836,0.47844558768192513,0.1702760566186593,0.9999990000010001
drift_coherent,1,calibration,f20260909248_gps_degrade,gps_degrade,40.92726767133978,0.5206270866607445,0.020053905430027608,0.19999980000020004
drift_coherent,1,calibration,f20260909255_gps_degrade,gps_degrade,14.14766644896163,0.47543552432209474,0.07512500069183614,0.9999990000010001
drift_coherent,1,calibration,f20260909256_gps_degrade,gps_degrade,17.16631420924716,0.43796678749642504,0.4494900149485188,0.19999980000020004
drift_coherent,1,calibration,f20260909258_gps_degrade,gps_degrade,17.246251809787637,0.4739146592693134,0.3296042699374928,0.19999980000020004
drift_coherent,1,calibration,f20260909259_gps_degrade,gps_degrade,17.09814442418841,0.48764417149783706,0.014133920293298852,0.9999990000010001
drift_coherent,1,calibration,f20260909302_sensor_fault,sensor_fault,1545.3125726412432,0.49044049133482676,0.0007287661189506744,0.9999990000010001
drift_coherent,1,calibration,f20260909303_sensor_fault,sensor_fault,17.492883577821907,0.46229794281252545,0.01244398805352187,0.9999990000010001
drift_coherent,1,calibration,f20260909308_sensor_fault,sensor_fault,11.551874726179395,0.4653329382155965,0.01826614504075197,0.9999990000010001
drift_coherent,1,calibration,f20260909311_sensor_fault,sensor_fault,18.349644646841572,0.4854764611710545,0.0030660636415709153,0.9999990000010001
drift_coherent,1,calibration,f20260909315_sensor_fault,sensor_fault,9.936413571696871,0.4634442877459528,0.016899645453125278,0.9999990000010001
drift_coherent,1,calibration,f20260909320_sensor_fault,sensor_fault,14.426985799852886,0.44515485435171875,0.019711204784575442,0.9999990000010001
drift_coherent,1,calibration,f20260909324_sensor_fault,sensor_fault,15.929167606757762,0.4415772343570092,0.02961370872639546,0.9999990000010001
drift_coherent,1,calibration,f20260909330_sensor_fault,sensor_fault,14.911246411022487,0.4204277198177905,0.2482777240809323,0.8399991600008401
drift_coherent,1,calibration,f20260909336_sensor_fault,sensor_fault,18.458027272037043,0.43142962187542333,0.19121848128192387,0.9999990000010001
drift_coherent,1,calibration,f20260909339_sensor_fault,sensor_fault,25.42101770920771,0.46509248460764163,0.19046395900781243,0.71999928000072
drift_coherent,1,calibration,f20260909341_sensor_fault,sensor_fault,20.927509745485764,0.48956250940795004,0.003896693815998664,0.9999990000010001
drift_coherent,1,calibration,f20260909343_sensor_fault,sensor_fault,25.503172500632594,0.5012338290981978,0.0030081917926838564,0.9999990000010001
drift_coherent,1,calibration,f20260909344_sensor_fault,sensor_fault,1724.6283648100632,0.516737354209144,0.005793747327729415,0.9999990000010001
drift_coherent,1,calibration,f20260909347_sensor_fault,sensor_fault,195.2037305054953,0.4739589263401702,0.002367691790794657,0.9999990000010001
drift_coherent,1,calibration,f20260909348_sensor_fault,sensor_fault,55.225423258065355,0.4706106990686079,0.11939809463755835,0.8399991600008401
drift_coherent,1,calibration,f20260909349_sensor_fault,sensor_fault,16.707149620453055,0.44805453038917414,0.08628413511178801,0.9999990000010001
drift_coherent,1,calibration,f20260909350_sensor_fault,sensor_fault,12.271057797861308,0.41299486786587375,0.5073624370786729,0.47999952000048
drift_coherent,1,calibration,f20260909356_sensor_fault,sensor_fault,33.567710655391494,0.4719816625361619,0.15807308246483043,0.9199990800009201
drift_coherent,1,calibration,f20260909358_sensor_fault,sensor_fault,1407.4199521732123,0.4738985936891613,0.0020777149657390526,0.9999990000010001
drift_coherent,1,calibration,f20260909359_sensor_fault,sensor_fault,590.4986684096863,0.49389820349576047,0.0009581091809532927,0.9999990000010001
drift_coherent,1,calibration,f7925275977104_gps_degrade,gps_degrade,26.073399050389735,0.48577627005001645,0.08043961158274582,0.9999990000010001
drift_coherent,2,seen_test,f20260909100_spoof,spoof,12.48978430018092,0.42214179058851453,0.1374363597053282,0.15999984000016002
drift_coherent,2,seen_test,f20260909104_spoof,spoof,8.35990693630117,0.391033706930638,0.30403954850621406,0.19999980000020004
drift_coherent,2,seen_test,f20260909108_spoof,spoof,116.6686559809223,0.5835671038720645,0.06392804864314616,0.19999980000020004
drift_coherent,2,seen_test,f20260909111_spoof,spoof,16.53500760113796,0.43727287933886044,0.29994581210921667,0.19999980000020004
drift_coherent,2,seen_test,f20260909113_spoof,spoof,9.007097912190915,0.40808036215561244,0.17965717521264135,0.19999980000020004
drift_coherent,2,seen_test,f20260909114_spoof,spoof,12.047043349013816,0.41459703501989975,0.32565910500409556,0.19999980000020004
drift_coherent,2,seen_test,f20260909118_spoof,spoof,25.625874420035785,0.548673052844844,0.07398774791649543,0.19999980000020004
drift_coherent,2,seen_test,f20260909124_spoof,spoof,14.886368152322088,0.4169969259144623,0.5491764130283809,0.19999980000020004
drift_coherent,2,seen_test,f20260909125_spoof,spoof,14.12750555795156,0.4592696732352373,0.09281581452218968,0.19999980000020004
drift_coherent,2,seen_test,f20260909137_spoof,spoof,4.8457305215669,0.3977407723635,0.2576662681566195,0.19999980000020004
drift_coherent,2,seen_test,f20260909142_spoof,spoof,44.201176452435405,0.4923823775531235,0.005705418696887898,0.19999980000020004
drift_coherent,2,seen_test,f20260909148_spoof,spoof,15.977540779002785,0.41173989662762045,0.16569851422235782,0.19999980000020004
drift_coherent,2,seen_test,f20260909149_spoof,spoof,23.613526421363257,0.448267036656552,0.05123614021385048,0.19999980000020004
drift_coherent,2,seen_test,f20260909151_spoof,spoof,24.54012578123104,0.4960561999327229,0.5255839487500089,0.19999980000020004
drift_coherent,2,seen_test,f20260909153_spoof,spoof,15.725761949652204,0.4285211416666041,0.5258225864199785,0.19999980000020004
drift_coherent,2,unseen,f20260909102_spoof,spoof,23.578796965476116,0.46545662240283653,0.3925034583771486,0.19999980000020004
drift_coherent,2,unseen,f20260909105_spoof,spoof,10.051125098016168,0.41368390505373515,0.47508112642657296,0.19999980000020004
drift_coherent,2,unseen,f20260909110_spoof,spoof,6.837230931852146,0.38008970584038926,0.29388726823578337,0.19999980000020004
drift_coherent,2,unseen,f20260909116_spoof,spoof,3.785269162141635,0.3676302609559623,0.34963140546744065,0.19999980000020004
drift_coherent,2,unseen,f20260909117_spoof,spoof,9.033124846808873,0.3903794893860322,0.39313647680864006,0.19999980000020004
drift_coherent,2,unseen,f20260909121_spoof,spoof,4.888565694531176,0.40276641147388065,0.16926679166243797,0.19999980000020004
drift_coherent,2,unseen,f20260909123_spoof,spoof,6.145881810107204,0.38418705722077323,0.0712681906392092,0.19999980000020004
drift_coherent,2,unseen,f20260909129_spoof,spoof,31.757437360851895,0.4473303190225278,0.20591769439868035,0.19999980000020004
drift_coherent,2,unseen,f20260909132_spoof,spoof,4.703676658566805,0.38281918281869265,0.11581937078294013,0.19999980000020004
drift_coherent,2,unseen,f20260909133_spoof,spoof,12.914831159346312,0.4086250220613455,0.3312308390138322,0.19999980000020004
drift_coherent,2,unseen,f20260909135_spoof,spoof,9.663965114897852,0.3738758540387099,0.19487576336293322,0.19999980000020004
drift_coherent,2,unseen,f20260909143_spoof,spoof,4.771989505632637,0.38036575303340237,0.4011104035665253,0.19999980000020004
drift_coherent,2,unseen,f20260909144_spoof,spoof,10.393799614562244,0.3952644711555439,0.22200098764241494,0.19999980000020004
drift_coherent,2,unseen,f20260909147_spoof,spoof,3.314299584818482,0.36149372993477485,0.10294074602231884,0.19999980000020004
drift_coherent,2,unseen,f20260909150_spoof,spoof,5.984183890485537,0.38498741192595254,0.3184055360712208,0.19999980000020004
drift_coherent,2,unseen,f20260909154_spoof,spoof,5.331520086074179,0.37942116133373605,0.3322281257256626,0.19999980000020004
drift_coherent,2,unseen,f20260909155_spoof,spoof,5.883246273905298,0.38191274460640795,0.3020640534795688,0.19999980000020004
drift_coherent,2,calibration,f152849246098291_gps_degrade,gps_degrade,33.42395005672825,0.4846754020990884,0.019316012159453555,0.9999990000010001
drift_coherent,2,calibration,f154051046525415_gps_degrade,gps_degrade,34.71413032255645,0.4978981604668104,0.01032173179816609,0.9999990000010001
drift_coherent,2,calibration,f164363336037972_gps_degrade,gps_degrade,36.26675291714361,0.49974340857168165,0.007744865450070582,0.9999990000010001
drift_coherent,2,calibration,f179243424651613_gps_degrade,gps_degrade,26.829522899632348,0.4560295006499086,0.06102877774987536,0.9999990000010001
drift_coherent,2,calibration,f20260909000_nominal,nominal,10.39100246853628,0.3794344814965278,0.14755678034676356,0.15999984000016002
drift_coherent,2,calibration,f20260909007_nominal,nominal,20.644212712684876,0.44724424446394767,0.4553182998670344,0.19999980000020004
drift_coherent,2,calibration,f20260909011_nominal,nominal,5.133481146228349,0.37155368340937805,0.11350760940646909,0.19999980000020004
drift_coherent,2,calibration,f20260909012_nominal,nominal,7.014556559551737,0.37365168581809743,0.24438097644262713,0.19999980000020004
drift_coherent,2,calibration,f20260909014_nominal,nominal,19.60064981546151,0.44557849519724435,0.26300322657781183,0.19999980000020004
drift_coherent,2,calibration,f20260909015_nominal,nominal,4.377019746471594,0.358161592988414,0.17826014760833242,0.19999980000020004
drift_coherent,2,calibration,f20260909019_nominal,nominal,3.347998437471929,0.36725044150944336,0.1796243034555136,0.19999980000020004
drift_coherent,2,calibration,f20260909020_nominal,nominal,15.43309840724746,0.4428500117144355,0.5054443000165921,0.19999980000020004
drift_coherent,2,calibration,f20260909023_nominal,nominal,20.027380968558948,0.37405189769048813,0.20882597396586677,0.19999980000020004
drift_coherent,2,calibration,f20260909024_nominal,nominal,3.5861956880345223,0.37417245446080666,0.1186813439964094,0.19999980000020004
drift_coherent,2,calibration,f20260909026_nominal,nominal,20.644444517549037,0.45516402859688865,0.47362427577884303,0.19999980000020004
drift_coherent,2,calibration,f20260909028_nominal,nominal,6.862354922862546,0.3832309827381835,0.1449008505993521,0.19999980000020004
drift_coherent,2,calibration,f20260909032_nominal,nominal,7.909990310498267,0.3800684022160205,0.2788790287338535,0.19999980000020004
drift_coherent,2,calibration,f20260909037_nominal,nominal,5.061507027136681,0.3510013838079535,0.17300208914684578,0.19999980000020004
drift_coherent,2,calibration,f20260909047_nominal,nominal,3.790057152932978,0.3578587418603275,0.13843501622784782,0.19999980000020004
drift_coherent,2,calibration,f20260909048_nominal,nominal,5.036175303486627,0.36390243915958853,0.07230843675417797,0.19999980000020004
drift_coherent,2,calibration,f20260909049_nominal,nominal,4.823322941853856,0.36230863335582864,0.14934861282168033,0.19999980000020004
drift_coherent,2,calibration,f20260909051_nominal,nominal,3.3751881467459306,0.3536807449799259,0.16338543446113907,0.19999980000020004
drift_coherent,2,calibration,f20260909053_nominal,nominal,5.139879807090435,0.3719604844719849,0.1437863657633105,0.19999980000020004
drift_coherent,2,calibration,f20260909054_nominal,nominal,6.601206583584577,0.38557493974226836,0.25633647946049753,0.19999980000020004
drift_coherent,2,calibration,f20260909101_spoof,spoof,21.93549418385843,0.5009955992094278,0.061336455360995745,0.19999980000020004
drift_coherent,2,calibration,f20260909103_spoof,spoof,11.276117188328303,0.42156388794414995,0.2830150951622322,0.19999980000020004
drift_coherent,2,calibration,f20260909109_spoof,spoof,6.581942553211379,0.3969295422620761,0.2645432150721372,0.19999980000020004
drift_coherent,2,calibration,f20260909112_spoof,spoof,9.23644424191768,0.40542264522059523,0.19749304467059647,0.19999980000020004
drift_coherent,2,calibration,f20260909115_spoof,spoof,9.290429901595996,0.41829668434668726,0.1363168758407054,0.19999980000020004
drift_coherent,2,calibration,f20260909119_spoof,spoof,15.14751658404535,0.4092621370515878,0.1319684970611099,0.19999980000020004
drift_coherent,2,calibration,f20260909126_spoof,spoof,5.769539142248404,0.39868063224706346,0.20366743482736493,0.19999980000020004
drift_coherent,2,calibration,f20260909128_spoof,spoof,86.49387165800607,0.5420384495830981,0.0008419175785732147,0.19999980000020004
drift_coherent,2,calibration,f20260909130_spoof,spoof,18.454537673255874,0.4834533799619483,0.08623285067325537,0.19999980000020004
drift_coherent,2,calibration,f20260909134_spoof,spoof,6.885261902132215,0.3981867773312879,0.22760107733915913,0.19999980000020004
drift_coherent,2,calibration,f20260909140_spoof,spoof,25.282394494326763,0.5405245762766809,0.07017225093866386,0.19999980000020004
drift_coherent,2,calibration,f20260909141_spoof,spoof,8.993275567851224,0.4152974155595568,0.16095383913380612,0.19999980000020004
drift_coherent,2,calibration,f20260909156_spoof,spoof,7.70021215053185,0.41137015252591425,0.23797649912209995,0.19999980000020004
drift_coherent,2,calibration,f20260909157_spoof,spoof,20.07948853427906,0.47044090048669623,0.3701569103044664,0.19999980000020004
drift_coherent,2,calibration,f20260909203_gps_degrade,gps_degrade,13.96386881970334,0.4835187529889845,0.012680800034022055,0.9999990000010001
drift_coherent,2,calibration,f20260909215_gps_degrade,gps_degrade,18.046260560554465,0.44553021219568995,0.04176084236698707,0.9999990000010001
drift_coherent,2,calibration,f20260909218_gps_degrade,gps_degrade,26.893268945449297,0.5119236046229925,0.0108619650882128,0.9999990000010001
drift_coherent,2,calibration,f20260909220_gps_degrade,gps_degrade,14.392855911398382,0.5004929165060447,0.01894562064293226,0.9999990000010001
drift_coherent,2,calibration,f20260909222_gps_degrade,gps_degrade,23.319701977074164,0.5063088997289754,0.11506823840844049,0.19999980000020004
drift_coherent,2,calibration,f20260909224_gps_degrade,gps_degrade,14.510883670156158,0.46976774439150637,0.03203323147579484,0.9999990000010001
drift_coherent,2,calibration,f20260909232_gps_degrade,gps_degrade,24.15100758926991,0.4781147343057513,0.01921855834653552,0.9999990000010001
drift_coherent,2,calibration,f20260909235_gps_degrade,gps_degrade,73.01211814199402,0.5353247088091004,0.018280673674630932,0.19999980000020004
drift_coherent,2,calibration,f20260909239_gps_degrade,gps_degrade,349.54852636613685,0.5881845765308532,1.6523306966997886e-05,0.19999980000020004
drift_coherent,2,calibration,f20260909243_gps_degrade,gps_degrade,52.648986063737915,0.5276380893985237,0.06989548402172563,0.19999980000020004
drift_coherent,2,calibration,f20260909246_gps_degrade,gps_degrade,102.38678786533005,0.6043714800954757,0.0011073662565211917,0.19999980000020004
drift_coherent,2,calibration,f20260909249_gps_degrade,gps_degrade,264941.85987271357,0.5872135317848296,1.2212453270876722e-15,0.19999980000020004
drift_coherent,2,calibration,f20260909307_sensor_fault,sensor_fault,12.887608001435055,0.44196938289252435,0.04933294772936736,0.9999990000010001
drift_coherent,2,calibration,f20260909309_sensor_fault,sensor_fault,36.0951376069364,0.5382154241983832,0.33196988081103707,0.9999990000010001
drift_coherent,2,calibration,f20260909310_sensor_fault,sensor_fault,10.29406332246452,0.46475152607433484,0.16360499875025514,0.6399993600006401
drift_coherent,2,calibration,f20260909312_sensor_fault,sensor_fault,13.678989968934578,0.4585955613864694,0.0068869108848953475,0.9999990000010001
drift_coherent,2,calibration,f20260909316_sensor_fault,sensor_fault,22.519868042255624,0.4955648156032054,0.006281851509751357,0.9999990000010001
drift_coherent,2,calibration,f20260909318_sensor_fault,sensor_fault,13.143166032541675,0.4519678865837954,0.02012106546556225,0.9999990000010001
drift_coherent,2,calibration,f20260909325_sensor_fault,sensor_fault,11.942686608738699,0.46607607502251497,0.006864628909290849,0.9999990000010001
drift_coherent,2,calibration,f20260909327_sensor_fault,sensor_fault,60.260704859766285,0.5429247202660867,0.0011247502040019342,0.9999990000010001
drift_coherent,2,calibration,f20260909329_sensor_fault,sensor_fault,20.586762615596115,0.46091205826772236,0.013376274575329306,0.9999990000010001
drift_coherent,2,calibration,f20260909331_sensor_fault,sensor_fault,24.565193567365895,0.46769954571743044,0.33433688580424836,0.9999990000010001
drift_coherent,2,calibration,f20260909332_sensor_fault,sensor_fault,10.066535456685628,0.41938404187622824,0.14644619900697609,0.6799993200006801
drift_coherent,2,calibration,f20260909333_sensor_fault,sensor_fault,18.46199191369488,0.42312594149248584,0.12409429328759036,0.9999990000010001
drift_coherent,2,calibration,f20260909339_sensor_fault,sensor_fault,14.345999997695317,0.4439582751062974,0.16160364471230737,0.71999928000072
drift_coherent,2,calibration,f20260909342_sensor_fault,sensor_fault,14.385020425721457,0.456285120467193,0.12216584282652843,0.9999990000010001
drift_coherent,2,calibration,f20260909343_sensor_fault,sensor_fault,22.898330539695696,0.48918916163045956,0.002800830280644595,0.9999990000010001
drift_coherent,2,calibration,f20260909350_sensor_fault,sensor_fault,27.202885533960053,0.43834593374470676,0.6039399710950643,0.47999952000048
drift_coherent,2,calibration,f20260909352_sensor_fault,sensor_fault,22.133282323106695,0.46093785333636184,0.045340917639338896,0.9999990000010001
drift_coherent,2,calibration,f20260909354_sensor_fault,sensor_fault,14.073144025462181,0.44497506057254105,0.028734008358805352,0.9999990000010001
drift_coherent,2,calibration,f20260909356_sensor_fault,sensor_fault,22.15390106703619,0.46838505220152343,0.3076500173528388,0.9199990800009201
drift_coherent,2,calibration,f20260909359_sensor_fault,sensor_fault,21.06257460757031,0.506888563262225,0.0036826271328276317,0.9999990000010001
drift_coherent,2,calibration,f210080082905703_gps_degrade,gps_degrade,41.04752974649922,0.5054346776067936,0.01130672204189298,0.9999990000010001
drift_coherent,2,calibration,f272722099923160_gps_degrade,gps_degrade,37.036877773503676,0.4806193158676327,0.05455070542089524,0.9999990000010001
drift_coherent,2,calibration,f36042457135056_gps_degrade,gps_degrade,36.1997137116201,0.4984554232157737,0.027110704080212433,0.9999990000010001
drift_coherent,2,calibration,f45889653030206_gps_degrade,gps_degrade,37.05158665701003,0.5294909969898801,0.013646775910818532,0.9999990000010001
drift_incoherent,0,seen_test,f20260909110_spoof,spoof,212.33136082084883,0.5012064237223474,0.09677088993760607,0.19999980000020004
drift_incoherent,0,seen_test,f20260909115_spoof,spoof,13.84046172447987,0.4432126212708031,0.046331104969689174,0.19999980000020004
drift_incoherent,0,seen_test,f20260909116_spoof,spoof,17.36171107708873,0.39072507001592793,0.21495496873036724,0.19999980000020004
drift_incoherent,0,seen_test,f20260909117_spoof,spoof,46.112271841966724,0.47914887059135197,0.21173363244006516,0.19999980000020004
drift_incoherent,0,seen_test,f20260909127_spoof,spoof,13.131819830997285,0.46130090213285707,0.029546843276558543,0.19999980000020004
drift_incoherent,0,seen_test,f20260909129_spoof,spoof,218.55504066114398,0.5334252883505596,0.11940291975018602,0.19999980000020004
drift_incoherent,0,seen_test,f20260909131_spoof,spoof,5.371967732573061,0.3871373016335425,0.29053933180755764,0.19999980000020004
drift_incoherent,0,seen_test,f20260909135_spoof,spoof,12.762610528024855,0.3929507320246179,0.5058143749058961,0.19999980000020004
drift_incoherent,0,seen_test,f20260909137_spoof,spoof,7.918120443159855,0.4082175513608832,0.12347299076820828,0.19999980000020004
drift_incoherent,0,seen_test,f20260909138_spoof,spoof,10.773721294244238,0.4038460188485294,0.16705941484325937,0.19999980000020004
drift_incoherent,0,seen_test,f20260909139_spoof,spoof,12.77818565589257,0.41651216074649083,0.0908937854964007,0.19999980000020004
drift_incoherent,0,seen_test,f20260909143_spoof,spoof,28.670907498999917,0.4392140679732624,0.22400999196988747,0.19999980000020004
drift_incoherent,0,seen_test,f20260909148_spoof,spoof,18.93171955350983,0.4134111517468115,0.14788455448023563,0.19999980000020004
drift_incoherent,0,seen_test,f20260909154_spoof,spoof,7.90392852936469,0.3719010647107364,0.3552224395484267,0.19999980000020004
drift_incoherent,0,unseen,f20260909100_spoof,spoof,28.143355923105055,0.44355600540434986,0.4971769917661286,0.15999984000016002
drift_incoherent,0,unseen,f20260909101_spoof,spoof,76.39047971615483,0.5133230064429016,0.03450744103168346,0.19999980000020004
drift_incoherent,0,unseen,f20260909103_spoof,spoof,35.6332399089446,0.504218889023794,0.5380449028518572,0.19999980000020004
drift_incoherent,0,unseen,f20260909106_spoof,spoof,97.54874036246721,0.5344077583575166,0.016399996375614068,0.19999980000020004
drift_incoherent,0,unseen,f20260909107_spoof,spoof,125.64071501185104,0.5429586420386889,0.0056484023864005195,0.19999980000020004
drift_incoherent,0,unseen,f20260909108_spoof,spoof,420.05284076254736,0.5375120229195705,0.0003744660821657364,0.19999980000020004
drift_incoherent,0,unseen,f20260909111_spoof,spoof,20.615922076964637,0.43277969250777504,0.552720613587137,0.19999980000020004
drift_incoherent,0,unseen,f20260909114_spoof,spoof,64.97155385742667,0.48714910449078336,0.03140014263169544,0.19999980000020004
drift_incoherent,0,unseen,f20260909118_spoof,spoof,257.10867751717046,0.523372481883486,0.0004190739084994899,0.19999980000020004
drift_incoherent,0,unseen,f20260909119_spoof,spoof,42.344101672909126,0.4925873659271412,0.09411066781342392,0.19999980000020004
drift_incoherent,0,unseen,f20260909125_spoof,spoof,54.768551224166266,0.505742702712267,0.027992587773690625,0.19999980000020004
drift_incoherent,0,unseen,f20260909128_spoof,spoof,189.44339461812274,0.552039881895553,0.003876254802222201,0.19999980000020004
drift_incoherent,0,unseen,f20260909130_spoof,spoof,234.52641437127573,0.5086488858210109,0.000766075937399191,0.19999980000020004
drift_incoherent,0,unseen,f20260909140_spoof,spoof,80.93285852008393,0.5822107069555583,0.02238292904547079,0.19999980000020004
drift_incoherent,0,unseen,f20260909142_spoof,spoof,124.51620931953249,0.510832555402141,0.004107275584971926,0.19999980000020004
drift_incoherent,0,unseen,f20260909149_spoof,spoof,109.29426253777055,0.5186279965444939,0.006775166040328462,0.19999980000020004
drift_incoherent,0,unseen,f20260909151_spoof,spoof,124.95276517291876,0.5119628591155216,0.003796709610501714,0.19999980000020004
drift_incoherent,0,unseen,f20260909152_spoof,spoof,56.743823895010216,0.493332738708011,0.03292923721226382,0.19999980000020004
drift_incoherent,0,unseen,f20260909153_spoof,spoof,257.2516494190641,0.5303350933838631,0.000562709579987386,0.19999980000020004
drift_incoherent,0,unseen,f20260909157_spoof,spoof,50.905711190575914,0.5119129822661067,0.04454498868679635,0.19999980000020004
drift_incoherent,0,unseen,f20260909158_spoof,spoof,71.31036475452322,0.4986029425976568,0.018092654276125386,0.19999980000020004
drift_incoherent,0,unseen,f20260909159_spoof,spoof,141.42590506221111,0.49803710832579634,0.002333374955826528,0.19999980000020004
drift_incoherent,0,calibration,f103716604252706_gps_degrade,gps_degrade,19.848484907071885,0.518041687166632,0.009311096834055288,0.9999990000010001
drift_incoherent,0,calibration,f115936881981907_gps_degrade,gps_degrade,17.789242916953093,0.48847089203330135,0.019649244168046365,0.9999990000010001
drift_incoherent,0,calibration,f148656514407084_gps_degrade,gps_degrade,21.06657829576618,0.48488084933580544,0.08069578415465062,0.9999990000010001
drift_incoherent,0,calibration,f187049508766390_gps_degrade,gps_degrade,24.947347947229368,0.4702736074905051,0.058111788849420476,0.9999990000010001
drift_incoherent,0,calibration,f20260909000_nominal,nominal,10.87369983104471,0.3918302629657009,0.10517803496882194,0.15999984000016002
drift_incoherent,0,calibration,f20260909002_nominal,nominal,8.03966205218734,0.37388644255469355,0.45869744469081764,0.19999980000020004
drift_incoherent,0,calibration,f20260909007_nominal,nominal,11.07178876501828,0.36688406647116045,0.23916637304040111,0.19999980000020004
drift_incoherent,0,calibration,f20260909010_nominal,nominal,4.860061138978974,0.3693372693072801,0.49441731367004227,0.19999980000020004
drift_incoherent,0,calibration,f20260909014_nominal,nominal,8.126466478217385,0.36677019882809087,0.3755013907818998,0.19999980000020004
drift_incoherent,0,calibration,f20260909019_nominal,nominal,5.714095265033956,0.37584479696863926,0.080789851569666,0.19999980000020004
drift_incoherent,0,calibration,f20260909020_nominal,nominal,6.090377812827588,0.3649215862362014,0.2622672571198208,0.19999980000020004
drift_incoherent,0,calibration,f20260909021_nominal,nominal,7.461150587535961,0.38646572539100305,0.4219924621941443,0.19999980000020004
drift_incoherent,0,calibration,f20260909022_nominal,nominal,5.450527894216581,0.36674250097079386,0.13538233680345257,0.19999980000020004
drift_incoherent,0,calibration,f20260909030_nominal,nominal,4.482245966710778,0.361912082560196,0.0935363603509759,0.19999980000020004
drift_incoherent,0,calibration,f20260909034_nominal,nominal,4.563081040491257,0.36648345117164044,0.17473265886616052,0.19999980000020004
drift_incoherent,0,calibration,f20260909040_nominal,nominal,4.743688931673177,0.3636690377330273,0.08256267167538756,0.19999980000020004
drift_incoherent,0,calibration,f20260909042_nominal,nominal,37.91965820214162,0.47533123394745647,0.399167741800167,0.19999980000020004
drift_incoherent,0,calibration,f20260909044_nominal,nominal,3.3549620530182094,0.3541206607461951,0.20643429870679098,0.19999980000020004
drift_incoherent,0,calibration,f20260909046_nominal,nominal,4.040059383615564,0.36917641122933886,0.4301742913260592,0.19999980000020004
drift_incoherent,0,calibration,f20260909048_nominal,nominal,5.0714551226037,0.3599675127173171,0.36421922368006165,0.19999980000020004
drift_incoherent,0,calibration,f20260909049_nominal,nominal,7.026804770270563,0.3630397750926093,0.34056129745625785,0.19999980000020004
drift_incoherent,0,calibration,f20260909050_nominal,nominal,168.2526879031648,0.5135817738822117,0.26343813598581833,0.19999980000020004
drift_incoherent,0,calibration,f20260909051_nominal,nominal,6.583045444647575,0.35804111424189966,0.23686534754998445,0.19999980000020004
drift_incoherent,0,calibration,f20260909058_nominal,nominal,26.885101139310663,0.3900657722867007,0.22787642588946888,0.19999980000020004
drift_incoherent,0,calibration,f20260909105_spoof,spoof,31.783897487522847,0.4422185645387752,0.27019996566167115,0.19999980000020004
drift_incoherent,0,calibration,f20260909109_spoof,spoof,6.7169122586421794,0.40949361188237143,0.26576084262147126,0.19999980000020004
drift_incoherent,0,calibration,f20260909113_spoof,spoof,9.537931963766557,0.4163700478876403,0.11209524699662543,0.19999980000020004
drift_incoherent,0,calibration,f20260909121_spoof,spoof,32.02395621589218,0.5097935263004525,0.5744950909954237,0.19999980000020004
drift_incoherent,0,calibration,f20260909122_spoof,spoof,19.05326459303211,0.42673815674806803,0.06658569108724999,0.19999980000020004
drift_incoherent,0,calibration,f20260909126_spoof,spoof,10.082312561491117,0.40838180714289474,0.08564006394160373,0.19999980000020004
drift_incoherent,0,calibration,f20260909132_spoof,spoof,11.112130592776282,0.3827620560403319,0.5043072521282288,0.19999980000020004
drift_incoherent,0,calibration,f20260909133_spoof,spoof,17.888977586490256,0.4259846254416889,0.5745811426519647,0.19999980000020004
drift_incoherent,0,calibration,f20260909134_spoof,spoof,6.1551685611700675,0.4139380623669439,0.5440560237939274,0.19999980000020004
drift_incoherent,0,calibration,f20260909144_spoof,spoof,13.448453829451992,0.3977327210901331,0.26857319229125043,0.19999980000020004
drift_incoherent,0,calibration,f20260909145_spoof,spoof,17.63288541429451,0.44546406758243173,0.11427583553853682,0.19999980000020004
drift_incoherent,0,calibration,f20260909147_spoof,spoof,22.782022734835696,0.416662856361691,0.20320561795412762,0.19999980000020004
drift_incoherent,0,calibration,f20260909201_gps_degrade,gps_degrade,21.244068078825414,0.4677612805855586,0.14881931992601527,0.9999990000010001
drift_incoherent,0,calibration,f20260909211_gps_degrade,gps_degrade,119.08352733434052,0.5923419431806886,0.003774227589978807,0.19999980000020004
drift_incoherent,0,calibration,f20260909213_gps_degrade,gps_degrade,26.88241729462136,0.48636824257898414,0.25356291100164374,0.9999990000010001
drift_incoherent,0,calibration,f20260909215_gps_degrade,gps_degrade,17.620423542467517,0.4567186318996111,0.07344754232603856,0.9999990000010001
drift_incoherent,0,calibration,f20260909216_gps_degrade,gps_degrade,28.386802743112522,0.46694911986029214,0.09186906339576495,0.9999990000010001
drift_incoherent,0,calibration,f20260909217_gps_degrade,gps_degrade,26.149255615772248,0.5093517441005876,0.08736915453696115,0.19999980000020004
drift_incoherent,0,calibration,f20260909223_gps_degrade,gps_degrade,49.91829694621197,0.5597867911594947,0.047806737514996867,0.19999980000020004
drift_incoherent,0,calibration,f20260909227_gps_degrade,gps_degrade,29.771996168682108,0.5616461796815393,0.1459167153985963,0.19999980000020004
drift_incoherent,0,calibration,f20260909228_gps_degrade,gps_degrade,3318.7313324480415,0.6119635539685537,3.009480820548305e-06,0.19999980000020004
drift_incoherent,0,calibration,f20260909231_gps_degrade,gps_degrade,11.699961980994717,0.4728128489602126,0.022795503205257583,0.9999990000010001
drift_incoherent,0,calibration,f20260909232_gps_degrade,gps_degrade,12.537230741953813,0.4720787898053519,0.02733326377408518,0.9999990000010001
drift_incoherent,0,calibration,f20260909242_gps_degrade,gps_degrade,56.14139370198627,0.5539407326701028,0.0479537525909387,0.19999980000020004
drift_incoherent,0,calibration,f20260909244_gps_degrade,gps_degrade,50.08911355905336,0.5541606649194816,0.42719613011809043,0.19999980000020004
drift_incoherent,0,calibration,f20260909302_sensor_fault,sensor_fault,48.300864144241494,0.545239266997513,0.0006993854763420737,0.9999990000010001
drift_incoherent,0,calibration,f20260909305_sensor_fault,sensor_fault,83.67901712710638,0.6093899777315469,0.0008623464364804212,0.9999990000010001
drift_incoherent,0,calibration,f20260909310_sensor_fault,sensor_fault,10.350997233687288,0.43027984992867724,0.09165283924919831,0.6399993600006401
drift_incoherent,0,calibration,f20260909311_sensor_fault,sensor_fault,54.83336729604794,0.5308557032848513,0.0005500411633329039,0.9999990000010001
drift_incoherent,0,calibration,f20260909315_sensor_fault,sensor_fault,26.408555385874656,0.5310296711003579,0.0030308243260463996,0.9999990000010001
drift_incoherent,0,calibration,f20260909316_sensor_fault,sensor_fault,33.02786353233243,0.5412963902253506,0.0013534158099092197,0.9999990000010001
drift_incoherent,0,calibration,f20260909320_sensor_fault,sensor_fault,28.736006634358638,0.506383046130673,0.00276492265041417,0.9999990000010001
drift_incoherent,0,calibration,f20260909324_sensor_fault,sensor_fault,23.004242585029136,0.4821448871826962,0.0066806036958328985,0.9999990000010001
drift_incoherent,0,calibration,f20260909326_sensor_fault,sensor_fault,38.09925133174733,0.5229554303236278,0.001032503177218702,0.9999990000010001
drift_incoherent,0,calibration,f20260909327_sensor_fault,sensor_fault,189.7997718173748,0.5534421046177521,3.404456750544238e-05,0.9999990000010001
drift_incoherent,0,calibration,f20260909328_sensor_fault,sensor_fault,21.31891108406794,0.48754867260093737,0.0056732528988180375,0.9999990000010001
drift_incoherent,0,calibration,f20260909331_sensor_fault,sensor_fault,18.236288799993044,0.4199489298264926,0.08337662726010864,0.9999990000010001
drift_incoherent,0,calibration,f20260909335_sensor_fault,sensor_fault,22.8455548197592,0.4658233391440298,0.011003721953269818,0.9999990000010001
drift_incoherent,0,calibration,f20260909337_sensor_fault,sensor_fault,28.16410931931663,0.515891511752168,0.0011451326154712227,0.9999990000010001
drift_incoherent,0,calibration,f20260909343_sensor_fault,sensor_fault,60.19681393853677,0.5198159728245907,0.0004983404730984908,0.9999990000010001
drift_incoherent,0,calibration,f20260909345_sensor_fault,sensor_fault,35.269895295356264,0.5053698631483363,0.0047181640431589456,0.9999990000010001
drift_incoherent,0,calibration,f20260909349_sensor_fault,sensor_fault,15.90422412509241,0.4292696671020065,0.026231865517680975,0.9999990000010001
drift_incoherent,0,calibration,f20260909351_sensor_fault,sensor_fault,15.235243635042876,0.45116957745339,0.020005646488130857,0.9999990000010001
drift_incoherent,0,calibration,f20260909354_sensor_fault,sensor_fault,24.58014151445841,0.4610935977369108,0.015117965555870083,0.9999990000010001
drift_incoherent,0,calibration,f20260909357_sensor_fault,sensor_fault,27.35110242157394,0.49907895105385613,0.005956277659140974,0.9999990000010001
drift_incoherent,0,calibration,f267926232552533_gps_degrade,gps_degrade,17.57759198163595,0.47109064857357735,0.018306694949713487,0.9999990000010001
drift_incoherent,0,calibration,f38329162600154_gps_degrade,gps_degrade,241.55528407661768,0.553264892380251,9.983613952113668e-05,0.9999990000010001
drift_incoherent,0,calibration,f7925275977104_gps_degrade,gps_degrade,21.681907657346237,0.5014814030192961,0.025199215997662394,0.9999990000010001
drift_incoherent,1,seen_test,f20260909105_spoof,spoof,11.160694664350869,0.4344383146426489,0.20171238622277454,0.19999980000020004
drift_incoherent,1,seen_test,f20260909113_spoof,spoof,5.867155815635123,0.42022986216481856,0.2298811127341973,0.19999980000020004
drift_incoherent,1,seen_test,f20260909115_spoof,spoof,8.86673630923811,0.43560720261354713,0.1666387875165517,0.19999980000020004
drift_incoherent,1,seen_test,f20260909124_spoof,spoof,22.31752837243927,0.4325542937999683,0.4841148397578545,0.19999980000020004
drift_incoherent,1,seen_test,f20260909127_spoof,spoof,11.520320160505523,0.434882049679089,0.15338827894938512,0.19999980000020004
drift_incoherent,1,seen_test,f20260909133_spoof,spoof,15.660913303961182,0.4302788031921919,0.2597145290703995,0.19999980000020004
drift_incoherent,1,seen_test,f20260909134_spoof,spoof,150.72158155741695,0.5180493038893946,0.5550581839481614,0.19999980000020004
drift_incoherent,1,seen_test,f20260909138_spoof,spoof,7.658674290181164,0.4008595096889796,0.28584958768159363,0.19999980000020004
drift_incoherent,1,seen_test,f20260909139_spoof,spoof,9.288045725162238,0.41509730878223,0.2188890682766208,0.19999980000020004
drift_incoherent,1,seen_test,f20260909146_spoof,spoof,12.414308538495519,0.43129266199579674,0.15784031028281054,0.19999980000020004
drift_incoherent,1,seen_test,f20260909148_spoof,spoof,7.30417591448315,0.4112368267482171,0.22241682829704013,0.19999980000020004
drift_incoherent,1,seen_test,f20260909150_spoof,spoof,33.08953614103401,0.437405179312599,0.5548934628209072,0.19999980000020004
drift_incoherent,1,seen_test,f20260909154_spoof,spoof,6.455182472389507,0.37648030388138304,0.3682905272180147,0.19999980000020004
drift_incoherent,1,seen_test,f20260909156_spoof,spoof,6.53328281639315,0.41287711365967283,0.19234719048689164,0.19999980000020004
drift_incoherent,1,unseen,f20260909100_spoof,spoof,22.41354376309066,0.4747159299667628,0.14158115356165246,0.15999984000016002
drift_incoherent,1,unseen,f20260909101_spoof,spoof,43.86801261750946,0.4855594044505804,0.041961265523478786,0.19999980000020004
drift_incoherent,1,unseen,f20260909103_spoof,spoof,40.039668628431635,0.4997036858871069,0.33143419149515363,0.19999980000020004
drift_incoherent,1,unseen,f20260909106_spoof,spoof,38.52092707930529,0.507432584538376,0.12051899822984813,0.19999980000020004
drift_incoherent,1,unseen,f20260909107_spoof,spoof,45.50708718406976,0.5206393948262981,0.14150345734031422,0.19999980000020004
drift_incoherent,1,unseen,f20260909108_spoof,spoof,125.38381604816534,0.6036610392558752,0.36896325882311987,0.19999980000020004
drift_incoherent,1,unseen,f20260909111_spoof,spoof,11.18223273672363,0.3913969456864253,0.4682965077905774,0.19999980000020004
drift_incoherent,1,unseen,f20260909114_spoof,spoof,30.510974906886517,0.4706073463051003,0.11934376373847866,0.19999980000020004
drift_incoherent,1,unseen,f20260909118_spoof,spoof,120.70287358452244,0.539266854969005,0.0006580248775164277,0.19999980000020004
drift_incoherent,1,unseen,f20260909119_spoof,spoof,71.07244520078034,0.5388136726860375,0.01659894412863072,0.19999980000020004
drift_incoherent,1,unseen,f20260909125_spoof,spoof,52.76890001577618,0.4888150571759268,0.03664876021224439,0.19999980000020004
drift_incoherent,1,unseen,f20260909128_spoof,spoof,80.61407443262793,0.5742754114767992,0.027785814681519194,0.19999980000020004
drift_incoherent,1,unseen,f20260909130_spoof,spoof,90.01078335315067,0.570092733060877,0.002785644732967496,0.19999980000020004
drift_incoherent,1,unseen,f20260909140_spoof,spoof,64.77198571820385,0.4917990459223485,0.008695367464614301,0.19999980000020004
drift_incoherent,1,unseen,f20260909142_spoof,spoof,104.46168665141165,0.5579567098210095,0.01808176003803308,0.19999980000020004
drift_incoherent,1,unseen,f20260909149_spoof,spoof,101.05608299254062,0.5601746464192071,0.0017708509723936006,0.19999980000020004
drift_incoherent,1,unseen,f20260909151_spoof,spoof,151.03861046594565,0.5238753585669134,0.0003128381462278451,0.19999980000020004
drift_incoherent,1,unseen,f20260909152_spoof,spoof,58.652284390580945,0.4974198049090018,0.024104914958102297,0.19999980000020004
drift_incoherent,1,unseen,f20260909153_spoof,spoof,78.551902453704,0.5701649939898955,0.030831752414377633,0.19999980000020004
drift_incoherent,1,unseen,f20260909157_spoof,spoof,57.60726605474473,0.5206257325213669,0.01018636577054044,0.19999980000020004
drift_incoherent,1,unseen,f20260909158_spoof,spoof,68.13637631477428,0.5013011269732072,0.010460269131679967,0.19999980000020004
drift_incoherent,1,unseen,f20260909159_spoof,spoof,149.0768739203782,0.5008743637819996,0.0009710060339542803,0.19999980000020004
drift_incoherent,1,calibration,f137476638112559_gps_degrade,gps_degrade,19.727598325078322,0.49189409653028726,0.033730142383090245,0.9999990000010001
drift_incoherent,1,calibration,f153363458695622_gps_degrade,gps_degrade,16.765330520116766,0.49942162702664183,0.010833665163795136,0.9999990000010001
drift_incoherent,1,calibration,f154051046525415_gps_degrade,gps_degrade,19.324318547764403,0.5144037621298446,0.006082096098260714,0.9999990000010001
drift_incoherent,1,calibration,f164363336037972_gps_degrade,gps_degrade,38.080758996525724,0.5328329789828719,0.003694698366835447,0.9999990000010001
drift_incoherent,1,calibration,f187049508766390_gps_degrade,gps_degrade,33.04782143022423,0.47185123625472525,0.16790519536935133,0.9999990000010001
drift_incoherent,1,calibration,f20260909000_nominal,nominal,27.044882987838555,0.4060090855509026,0.5207694113984997,0.15999984000016002
drift_incoherent,1,calibration,f20260909002_nominal,nominal,12.908826207050542,0.4132815643980946,0.34873978881580536,0.19999980000020004
drift_incoherent,1,calibration,f20260909007_nominal,nominal,3.688520770528946,0.3628762126537814,0.09803621656133443,0.19999980000020004
drift_incoherent,1,calibration,f20260909015_nominal,nominal,6.3363462892017495,0.37839005330270703,0.045777386895222594,0.19999980000020004
drift_incoherent,1,calibration,f20260909020_nominal,nominal,3.146323231086361,0.3592764523581794,0.12768485664651874,0.19999980000020004
drift_incoherent,1,calibration,f20260909021_nominal,nominal,5.7083455044384,0.38056854396323103,0.09674695301895098,0.19999980000020004
drift_incoherent,1,calibration,f20260909024_nominal,nominal,6.517995795643643,0.38023079317818986,0.05012347977137721,0.19999980000020004
drift_incoherent,1,calibration,f20260909026_nominal,nominal,5.637713986547554,0.3728505834215162,0.10864422877222202,0.19999980000020004
drift_incoherent,1,calibration,f20260909029_nominal,nominal,6.8116008486154485,0.37347493784029884,0.488949012860429,0.19999980000020004
drift_incoherent,1,calibration,f20260909031_nominal,nominal,111.50280323001724,0.5338044458710189,0.19427082267730655,0.19999980000020004
drift_incoherent,1,calibration,f20260909037_nominal,nominal,70.48150341972702,0.39359281470246327,0.4688059254731525,0.19999980000020004
drift_incoherent,1,calibration,f20260909039_nominal,nominal,4.6085728883055035,0.37337029697281804,0.37156884509153876,0.19999980000020004
drift_incoherent,1,calibration,f20260909042_nominal,nominal,4.418255357409025,0.36061132670575463,0.40337239930733204,0.19999980000020004
drift_incoherent,1,calibration,f20260909043_nominal,nominal,11.203097290143031,0.38648676391951964,0.4945479121110693,0.19999980000020004
drift_incoherent,1,calibration,f20260909044_nominal,nominal,8.054032883903702,0.3623248389094696,0.22060614341450258,0.19999980000020004
drift_incoherent,1,calibration,f20260909046_nominal,nominal,27.719894974318365,0.40013148377077556,0.39563822230944024,0.19999980000020004
drift_incoherent,1,calibration,f20260909049_nominal,nominal,3.9984605604621324,0.3631114300609026,0.14811219526902963,0.19999980000020004
drift_incoherent,1,calibration,f20260909052_nominal,nominal,4.503418602538309,0.3679744293361049,0.06474970202282948,0.19999980000020004
drift_incoherent,1,calibration,f20260909053_nominal,nominal,9.342467531790508,0.3708490567981698,0.20599754224255784,0.19999980000020004
drift_incoherent,1,calibration,f20260909056_nominal,nominal,19.816526791660507,0.382487317957992,0.19175400562568068,0.19999980000020004
drift_incoherent,1,calibration,f20260909102_spoof,spoof,14.168282643322344,0.38745234894499536,0.3117075689827955,0.19999980000020004
drift_incoherent,1,calibration,f20260909109_spoof,spoof,30.172752604541056,0.5259089831572933,0.020380968940119093,0.19999980000020004
drift_incoherent,1,calibration,f20260909110_spoof,spoof,19.350361939280436,0.456135386242305,0.029089899871842628,0.19999980000020004
drift_incoherent,1,calibration,f20260909112_spoof,spoof,20.497748538610313,0.47774056901697953,0.08287202037732766,0.19999980000020004
drift_incoherent,1,calibration,f20260909116_spoof,spoof,13.119969114565059,0.40876945020059224,0.3270986055441093,0.19999980000020004
drift_incoherent,1,calibration,f20260909117_spoof,spoof,33.803939596156596,0.5318028772853108,0.013582900811999421,0.19999980000020004
drift_incoherent,1,calibration,f20260909120_spoof,spoof,3.66714411088683,0.40511653746667525,0.40491532092756777,0.19999980000020004
drift_incoherent,1,calibration,f20260909126_spoof,spoof,13.731073118349144,0.42938027288554376,0.18068212149387064,0.19999980000020004
drift_incoherent,1,calibration,f20260909131_spoof,spoof,3.1545817574854973,0.3923558080420401,0.2931973477424885,0.19999980000020004
drift_incoherent,1,calibration,f20260909137_spoof,spoof,5.531175865357139,0.40810983502547377,0.23688087697663907,0.19999980000020004
drift_incoherent,1,calibration,f20260909141_spoof,spoof,14.226326578682471,0.4463447416228249,0.18575138302312377,0.19999980000020004
drift_incoherent,1,calibration,f20260909143_spoof,spoof,108.77327984077816,0.554803381233789,0.1600798662639249,0.19999980000020004
drift_incoherent,1,calibration,f20260909200_gps_degrade,gps_degrade,37.751538655351,0.5014700443347654,0.012718619454916147,0.9999990000010001
drift_incoherent,1,calibration,f20260909201_gps_degrade,gps_degrade,32.008764676278886,0.485173508841647,0.10233547273288912,0.9999990000010001
drift_incoherent,1,calibration,f20260909212_gps_degrade,gps_degrade,39.9492931389024,0.5325150770467342,0.003707093664555128,0.9999990000010001
drift_incoherent,1,calibration,f20260909215_gps_degrade,gps_degrade,28.295558698887355,0.5046727689632535,0.028603982867554723,0.9999990000010001
drift_incoherent,1,calibration,f20260909228_gps_degrade,gps_degrade,12.216303334873176,0.49516584807206937,0.0602003537709207,0.19999980000020004
drift_incoherent,1,calibration,f20260909232_gps_degrade,gps_degrade,32.86712700778027,0.49948297695469496,0.011257436829604783,0.9999990000010001
drift_incoherent,1,calibration,f20260909235_gps_degrade,gps_degrade,41.556610008776815,0.5183311258144575,0.052527813465898854,0.19999980000020004
drift_incoherent,1,calibration,f20260909236_gps_degrade,gps_degrade,29.01624119235229,0.4971948996025213,0.03878835498583444,0.9999990000010001
drift_incoherent,1,calibration,f20260909245_gps_degrade,gps_degrade,28.92866073120397,0.49633799836747444,0.02712154040140724,0.9999990000010001
drift_incoherent,1,calibration,f20260909259_gps_degrade,gps_degrade,33.47523457494044,0.5099502207683773,0.005673974659437642,0.9999990000010001
drift_incoherent,1,calibration,f20260909302_sensor_fault,sensor_fault,57.00663821022286,0.5064743638107019,0.002739187065693205,0.9999990000010001
drift_incoherent,1,calibration,f20260909303_sensor_fault,sensor_fault,18.427811391207932,0.4622097708776981,0.015248216389417535,0.9999990000010001
drift_incoherent,1,calibration,f20260909306_sensor_fault,sensor_fault,15.00001792423149,0.42729593098046587,0.12838290540729735,0.9999990000010001
drift_incoherent,1,calibration,f20260909308_sensor_fault,sensor_fault,31.9883773861357,0.48476982124575607,0.028000762385273048,0.9999990000010001
drift_incoherent,1,calibration,f20260909311_sensor_fault,sensor_fault,15.481723507142874,0.4735452989754279,0.0030379363404464677,0.9999990000010001
drift_incoherent,1,calibration,f20260909315_sensor_fault,sensor_fault,10.517448021851969,0.4600255685417083,0.022678058858211614,0.9999990000010001
drift_incoherent,1,calibration,f20260909320_sensor_fault,sensor_fault,15.154211905159192,0.4849153266438522,0.08936637199260411,0.9999990000010001
drift_incoherent,1,calibration,f20260909324_sensor_fault,sensor_fault,22.92341016509384,0.46727019234448347,0.03915922429430574,0.9999990000010001
drift_incoherent,1,calibration,f20260909330_sensor_fault,sensor_fault,14.234618592237478,0.41384732333716884,0.2511376353219499,0.8399991600008401
drift_incoherent,1,calibration,f20260909337_sensor_fault,sensor_fault,10.85570651095378,0.4596819024323122,0.01741330845952105,0.9999990000010001
drift_incoherent,1,calibration,f20260909339_sensor_fault,sensor_fault,13.25236859505461,0.44992512541610075,0.2436195240864737,0.71999928000072
drift_incoherent,1,calibration,f20260909343_sensor_fault,sensor_fault,19.43586830289869,0.4790863100661933,0.0036312083751247615,0.9999990000010001
drift_incoherent,1,calibration,f20260909344_sensor_fault,sensor_fault,70.33859549357378,0.4981707568840747,0.04546707048221754,0.9999990000010001
drift_incoherent,1,calibration,f20260909345_sensor_fault,sensor_fault,11.26490074763124,0.4447598426247741,0.021243094772617876,0.9999990000010001
drift_incoherent,1,calibration,f20260909346_sensor_fault,sensor_fault,11.243598737277734,0.44893527980509207,0.06623298129491872,0.9999990000010001
drift_incoherent,1,calibration,f20260909347_sensor_fault,sensor_fault,12.504614078872772,0.46909008375107447,0.00874463899478728,0.9999990000010001
drift_incoherent,1,calibration,f20260909352_sensor_fault,sensor_fault,25.881195789620005,0.4387079907464545,0.24253418140236815,0.9999990000010001
drift_incoherent,1,calibration,f20260909354_sensor_fault,sensor_fault,12.989674536023266,0.4377160745732581,0.09182548611729757,0.9999990000010001
drift_incoherent,1,calibration,f20260909355_sensor_fault,sensor_fault,20.48449718477422,0.4218164389650957,0.2970083506029392,0.9999990000010001
drift_incoherent,1,calibration,f20260909356_sensor_fault,sensor_fault,17.270981530001546,0.4351448797119005,0.20024018870615679,0.9199990800009201
drift_incoherent,1,calibration,f210080082905703_gps_degrade,gps_degrade,21.205480387081497,0.5011896743912708,0.009204959681336722,0.9999990000010001
drift_incoherent,1,calibration,f27414466462551_gps_degrade,gps_degrade,27.541491646424596,0.5345305395410205,0.01903639428402626,0.9999990000010001
drift_incoherent,1,calibration,f38329162600154_gps_degrade,gps_degrade,79.59399589016763,0.5807874435875638,0.00016888063190678704,0.9999990000010001
drift_incoherent,1,calibration,f52087898353843_gps_degrade,gps_degrade,88.88386409810225,0.5840706155217253,0.00017634267449762042,0.9999990000010001
drift_incoherent,1,calibration,f89695495040802_gps_degrade,gps_degrade,24.11442462117467,0.497648671363967,0.02150830694354089,0.9999990000010001
drift_incoherent,2,seen_test,f20260909105_spoof,spoof,16.27234345637455,0.4316731529650696,0.5232504961917877,0.19999980000020004
drift_incoherent,2,seen_test,f20260909110_spoof,spoof,56.11103524891194,0.5104065602438783,0.2349312346209037,0.19999980000020004
drift_incoherent,2,seen_test,f20260909113_spoof,spoof,11.20998768579108,0.4195627686066677,0.040012981628102184,0.19999980000020004
drift_incoherent,2,seen_test,f20260909116_spoof,spoof,5.892627696880692,0.38430667684567915,0.44112895260869023,0.19999980000020004
drift_incoherent,2,seen_test,f20260909121_spoof,spoof,7.111602664484118,0.4130699513801123,0.4009814957162109,0.19999980000020004
drift_incoherent,2,seen_test,f20260909123_spoof,spoof,15.085960798618961,0.40171172276856354,0.09165753230276663,0.19999980000020004
drift_incoherent,2,seen_test,f20260909129_spoof,spoof,46.52425935463588,0.4571223615871895,0.05895462008164454,0.19999980000020004
drift_incoherent,2,seen_test,f20260909131_spoof,spoof,4.1996439405057036,0.39563770018650474,0.4673112321762183,0.19999980000020004
drift_incoherent,2,seen_test,f20260909134_spoof,spoof,9.712608841274259,0.4321949760565813,0.18660318656786146,0.19999980000020004
drift_incoherent,2,seen_test,f20260909139_spoof,spoof,17.3656913869806,0.422300576615411,0.4065931096736648,0.19999980000020004
drift_incoherent,2,seen_test,f20260909146_spoof,spoof,7.071841415112687,0.4192597575226321,0.2603198483137078,0.19999980000020004
drift_incoherent,2,seen_test,f20260909147_spoof,spoof,18.618216284395906,0.45890424458382834,0.4526884623514432,0.19999980000020004
drift_incoherent,2,seen_test,f20260909150_spoof,spoof,28.22165939109644,0.4358304713792309,0.06513154818802991,0.19999980000020004
drift_incoherent,2,seen_test,f20260909154_spoof,spoof,7.515266898283829,0.38933810916573347,0.2071332934373613,0.19999980000020004
drift_incoherent,2,unseen,f20260909100_spoof,spoof,43.457622216113535,0.4663387067951219,0.06855633617469037,0.15999984000016002
drift_incoherent,2,unseen,f20260909101_spoof,spoof,62.825278350450965,0.49345718399903316,0.07257473941090342,0.19999980000020004
drift_incoherent,2,unseen,f20260909103_spoof,spoof,19.12103565483662,0.4417148407689698,0.5027514843613392,0.19999980000020004
drift_incoherent,2,unseen,f20260909106_spoof,spoof,51.011103245362364,0.5369251895174479,0.06180195692732138,0.19999980000020004
drift_incoherent,2,unseen,f20260909107_spoof,spoof,42.08893421763136,0.5167603723131141,0.03866283151621186,0.19999980000020004
drift_incoherent,2,unseen,f20260909108_spoof,spoof,207.34891571132647,0.5810600385099968,0.0022697495135178825,0.19999980000020004
drift_incoherent,2,unseen,f20260909111_spoof,spoof,20.986131841617507,0.4092951240864337,0.37231718849373163,0.19999980000020004
drift_incoherent,2,unseen,f20260909114_spoof,spoof,56.71546458722778,0.48164147173200716,0.038640083273368875,0.19999980000020004
drift_incoherent,2,unseen,f20260909118_spoof,spoof,98.53049592598619,0.542264045751581,0.00143032238919083,0.19999980000020004
drift_incoherent,2,unseen,f20260909119_spoof,spoof,33.744575434349144,0.47158339420289963,0.09671385825461376,0.19999980000020004
drift_incoherent,2,unseen,f20260909125_spoof,spoof,39.29577410127803,0.49986273272387877,0.06000273234999165,0.19999980000020004
drift_incoherent,2,unseen,f20260909128_spoof,spoof,113.47672191692901,0.5879658884095488,0.011033621285015616,0.19999980000020004
drift_incoherent,2,unseen,f20260909130_spoof,spoof,63.822008612614034,0.4957028504842277,0.01714043282746258,0.19999980000020004
drift_incoherent,2,unseen,f20260909140_spoof,spoof,52.971369433213724,0.5243454997476581,0.0266645636320455,0.19999980000020004
drift_incoherent,2,unseen,f20260909142_spoof,spoof,116.29292414015362,0.5349108452665116,0.03193396058074416,0.19999980000020004
drift_incoherent,2,unseen,f20260909149_spoof,spoof,98.18587053529363,0.5186017183303611,0.010435924917094108,0.19999980000020004
drift_incoherent,2,unseen,f20260909151_spoof,spoof,127.09805412476356,0.5133559918642869,0.0015457302057743094,0.19999980000020004
drift_incoherent,2,unseen,f20260909152_spoof,spoof,55.61771441782302,0.48392462725982105,0.08312987366201208,0.19999980000020004
drift_incoherent,2,unseen,f20260909153_spoof,spoof,81.08149027052693,0.5388776760961572,0.005016261884985496,0.19999980000020004
drift_incoherent,2,unseen,f20260909157_spoof,spoof,31.555363430660073,0.47070226582632696,0.09073207244793713,0.19999980000020004
drift_incoherent,2,unseen,f20260909158_spoof,spoof,93.740488781482,0.5072825723788855,0.10933084433059281,0.19999980000020004
drift_incoherent,2,unseen,f20260909159_spoof,spoof,141.09613551422666,0.49764506860022684,0.0031244380836845664,0.19999980000020004
drift_incoherent,2,calibration,f152849246098291_gps_degrade,gps_degrade,28.914356451453017,0.4904383520164313,0.012470874143751032,0.9999990000010001
drift_incoherent,2,calibration,f154051046525415_gps_degrade,gps_degrade,25.611051982518042,0.49304715625951107,0.00567848112487046,0.9999990000010001
drift_incoherent,2,calibration,f164363336037972_gps_degrade,gps_degrade,29.742034326997167,0.49437563348032854,0.0037272911238531714,0.9999990000010001
drift_incoherent,2,calibration,f179243424651613_gps_degrade,gps_degrade,26.981456321652526,0.47374062005380047,0.0559572776717252,0.9999990000010001
drift_incoherent,2,calibration,f20260909000_nominal,nominal,10.115083896032743,0.39237122318462087,0.19284441516941142,0.15999984000016002
drift_incoherent,2,calibration,f20260909007_nominal,nominal,3.27098710880613,0.36733226892633725,0.28349261502393475,0.19999980000020004
drift_incoherent,2,calibration,f20260909008_nominal,nominal,7.445061161367619,0.3915402930107448,0.10798359389363887,0.19999980000020004
drift_incoherent,2,calibration,f20260909012_nominal,nominal,5.31407814006048,0.36159096356795906,0.27097887674751253,0.19999980000020004
drift_incoherent,2,calibration,f20260909014_nominal,nominal,5.136030358257826,0.37556016998184,0.5216445636529099,0.19999980000020004
drift_incoherent,2,calibration,f20260909015_nominal,nominal,9.605637384298246,0.3928756688209321,0.14001124699043632,0.19999980000020004
drift_incoherent,2,calibration,f20260909018_nominal,nominal,4.401490326571342,0.3749890163520098,0.3845022675752614,0.19999980000020004
drift_incoherent,2,calibration,f20260909020_nominal,nominal,6.643866117539679,0.367869178149432,0.08729493328248639,0.19999980000020004
drift_incoherent,2,calibration,f20260909023_nominal,nominal,22.497503515547276,0.38372797869509123,0.10823901700228622,0.19999980000020004
drift_incoherent,2,calibration,f20260909024_nominal,nominal,9.876787898036207,0.397983542603784,0.14540582675293057,0.19999980000020004
drift_incoherent,2,calibration,f20260909025_nominal,nominal,6.744724073735858,0.37571135123059574,0.17910285290313754,0.19999980000020004
drift_incoherent,2,calibration,f20260909028_nominal,nominal,5.275735141320192,0.3731648758466664,0.09801666263762754,0.19999980000020004
drift_incoherent,2,calibration,f20260909032_nominal,nominal,5.9087725067470345,0.37415969844009567,0.26073039655407504,0.19999980000020004
drift_incoherent,2,calibration,f20260909033_nominal,nominal,5.1837710148472675,0.37121865520715447,0.12854196723871436,0.19999980000020004
drift_incoherent,2,calibration,f20260909034_nominal,nominal,4.2652543408355825,0.3607687191046601,0.20165396127891444,0.19999980000020004
drift_incoherent,2,calibration,f20260909041_nominal,nominal,12.919864033800726,0.38098297741382064,0.07603809952806784,0.19999980000020004
drift_incoherent,2,calibration,f20260909042_nominal,nominal,8.20121495191096,0.38447343949486834,0.1390622669495194,0.19999980000020004
drift_incoherent,2,calibration,f20260909044_nominal,nominal,8.990155553565096,0.35653469277866123,0.26035439811174776,0.19999980000020004
drift_incoherent,2,calibration,f20260909045_nominal,nominal,5.474066786193797,0.3699614300961351,0.4106605565343956,0.19999980000020004
drift_incoherent,2,calibration,f20260909048_nominal,nominal,15.5102000558505,0.459833109096309,0.06380062996311886,0.19999980000020004
drift_incoherent,2,calibration,f20260909102_spoof,spoof,8.790887642685496,0.387750012705279,0.29607396931572094,0.19999980000020004
drift_incoherent,2,calibration,f20260909104_spoof,spoof,18.33876580160495,0.41748926986887236,0.15622323639376268,0.19999980000020004
drift_incoherent,2,calibration,f20260909109_spoof,spoof,4.744517155882096,0.41977730995053386,0.21079197609071365,0.19999980000020004
drift_incoherent,2,calibration,f20260909115_spoof,spoof,10.922834518922354,0.4250729239223206,0.03758351516061931,0.19999980000020004
drift_incoherent,2,calibration,f20260909117_spoof,spoof,19.90394615405779,0.4393798001713481,0.14303546738167694,0.19999980000020004
drift_incoherent,2,calibration,f20260909120_spoof,spoof,3.9778178978554464,0.3909937241570913,0.4066794325936821,0.19999980000020004
drift_incoherent,2,calibration,f20260909124_spoof,spoof,39.87422959536747,0.41490689472450165,0.10419645678450773,0.19999980000020004
drift_incoherent,2,calibration,f20260909135_spoof,spoof,7.7592368952446025,0.3678053407073614,0.08877597264076864,0.19999980000020004
drift_incoherent,2,calibration,f20260909136_spoof,spoof,43.5052738577885,0.5167311013362712,0.5070896152906106,0.19999980000020004
drift_incoherent,2,calibration,f20260909138_spoof,spoof,4.203801432563723,0.40537254761633235,0.3672136527968536,0.19999980000020004
drift_incoherent,2,calibration,f20260909144_spoof,spoof,10.905944114886964,0.4277385913506317,0.4644671848401467,0.19999980000020004
drift_incoherent,2,calibration,f20260909148_spoof,spoof,18.898309638247383,0.455333904115564,0.45218770516657125,0.19999980000020004
drift_incoherent,2,calibration,f20260909203_gps_degrade,gps_degrade,14.220592936302149,0.48948806035664677,0.0075735321901339026,0.9999990000010001
drift_incoherent,2,calibration,f20260909215_gps_degrade,gps_degrade,18.46827185641108,0.46983076333096435,0.04144027257868954,0.9999990000010001
drift_incoherent,2,calibration,f20260909218_gps_degrade,gps_degrade,23.403369250221864,0.5194165605409647,0.006730310241470416,0.9999990000010001
drift_incoherent,2,calibration,f20260909220_gps_degrade,gps_degrade,13.212184238193705,0.47982221944760534,0.01018291153460904,0.9999990000010001
drift_incoherent,2,calibration,f20260909222_gps_degrade,gps_degrade,25.019879102170304,0.4849720847477558,0.09296693975553061,0.19999980000020004
drift_incoherent,2,calibration,f20260909224_gps_degrade,gps_degrade,17.355586912365528,0.483048742198602,0.022829101227575088,0.9999990000010001
drift_incoherent,2,calibration,f20260909232_gps_degrade,gps_degrade,30.333043412344214,0.5071505297399217,0.02486914645741012,0.9999990000010001
drift_incoherent,2,calibration,f20260909235_gps_degrade,gps_degrade,92.24990169299987,0.5606319459036483,0.4989051360003832,0.19999980000020004
drift_incoherent,2,calibration,f20260909239_gps_degrade,gps_degrade,357.704105286023,0.5750653807955837,0.0006397173415479962,0.19999980000020004
drift_incoherent,2,calibration,f20260909243_gps_degrade,gps_degrade,56.973141718255796,0.5227010801777974,0.3626412996814242,0.19999980000020004
drift_incoherent,2,calibration,f20260909246_gps_degrade,gps_degrade,102.06329149712747,0.5824242592951575,0.006929000934774665,0.19999980000020004
drift_incoherent,2,calibration,f20260909249_gps_degrade,gps_degrade,279356.03702094493,0.6034310767306541,0.0,0.19999980000020004
drift_incoherent,2,calibration,f20260909307_sensor_fault,sensor_fault,15.170922437594129,0.4496220162992006,0.025493853752940887,0.9999990000010001
drift_incoherent,2,calibration,f20260909309_sensor_fault,sensor_fault,20.96851313541717,0.4703537794073263,0.2088950860455686,0.9999990000010001
drift_incoherent,2,calibration,f20260909310_sensor_fault,sensor_fault,10.459954990998888,0.45326998924409223,0.2087940648414649,0.6399993600006401
drift_incoherent,2,calibration,f20260909312_sensor_fault,sensor_fault,26.181397072621287,0.5459730051151586,0.01093914323846723,0.9999990000010001
drift_incoherent,2,calibration,f20260909316_sensor_fault,sensor_fault,26.498140066041127,0.5129921729300826,0.003728069495694375,0.9999990000010001
drift_incoherent,2,calibration,f20260909318_sensor_fault,sensor_fault,13.261072722325157,0.4955401673119424,0.027200332830748186,0.9999990000010001
drift_incoherent,2,calibration,f20260909325_sensor_fault,sensor_fault,11.628337719335716,0.4666490811572921,0.008952896725906268,0.9999990000010001
drift_incoherent,2,calibration,f20260909327_sensor_fault,sensor_fault,57.7425509983066,0.531305038576475,0.0006059206485518054,0.9999990000010001
drift_incoherent,2,calibration,f20260909329_sensor_fault,sensor_fault,20.54182954086994,0.49243406243339666,0.010814054632499404,0.9999990000010001
drift_incoherent,2,calibration,f20260909331_sensor_fault,sensor_fault,19.16973194717467,0.42678832441869075,0.1735503187022659,0.9999990000010001
drift_incoherent,2,calibration,f20260909332_sensor_fault,sensor_fault,9.111309136745867,0.4124026665924168,0.195100276622037,0.6799993200006801
drift_incoherent,2,calibration,f20260909333_sensor_fault,sensor_fault,23.438302872666515,0.43876153303725085,0.14063895228611356,0.9999990000010001
drift_incoherent,2,calibration,f20260909339_sensor_fault,sensor_fault,23.88084441893999,0.4863764110854745,0.2983577438777967,0.71999928000072
drift_incoherent,2,calibration,f20260909342_sensor_fault,sensor_fault,13.218838713895986,0.422933173038408,0.08211134361400896,0.9999990000010001
drift_incoherent,2,calibration,f20260909343_sensor_fault,sensor_fault,30.426744017852815,0.542331750332964,0.003970456858217841,0.9999990000010001
drift_incoherent,2,calibration,f20260909350_sensor_fault,sensor_fault,10.0284129380702,0.4126140659245013,0.19771865613209316,0.47999952000048
drift_incoherent,2,calibration,f20260909352_sensor_fault,sensor_fault,39.40703300758068,0.4871356729597471,0.17911170739771565,0.9999990000010001
drift_incoherent,2,calibration,f20260909354_sensor_fault,sensor_fault,26.01518935224629,0.5071784049790858,0.0493400279301307,0.9999990000010001
drift_incoherent,2,calibration,f20260909356_sensor_fault,sensor_fault,20.441829546807856,0.4411490168949808,0.1333218876050184,0.9199990800009201
drift_incoherent,2,calibration,f20260909359_sensor_fault,sensor_fault,17.975968003661862,0.5116301479877237,0.0036533532085537557,0.9999990000010001
drift_incoherent,2,calibration,f210080082905703_gps_degrade,gps_degrade,42.692608982328906,0.517910858222092,0.009842303820798093,0.9999990000010001
drift_incoherent,2,calibration,f272722099923160_gps_degrade,gps_degrade,30.394779915289714,0.4749819035575836,0.031092115656899177,0.9999990000010001
drift_incoherent,2,calibration,f36042457135056_gps_degrade,gps_degrade,28.189628250675064,0.49473143645440637,0.016791562831198648,0.9999990000010001
drift_incoherent,2,calibration,f45889653030206_gps_degrade,gps_degrade,30.344369341108884,0.5204961661077073,0.00446925100872908,0.9999990000010001
jump,0,seen_test,f20260909102_spoof,spoof,3.7850917139884723,0.3511995003467471,0.2931695137729792,0.19999980000020004
jump,0,seen_test,f20260909103_spoof,spoof,7.576212579866864,0.42726602230594135,0.06594588272985602,0.19999980000020004
jump,0,seen_test,f20260909108_spoof,spoof,3096.5889105586334,0.5352534516014092,9.725664130932898e-06,0.19999980000020004
jump,0,seen_test,f20260909110_spoof,spoof,5.00286803753127,0.3637232761315212,0.46375588221378516,0.19999980000020004
jump,0,seen_test,f20260909123_spoof,spoof,3.5708713067187703,0.34904129678180384,0.23821510623423992,0.19999980000020004
jump,0,seen_test,f20260909125_spoof,spoof,9.035190762839745,0.4064372926485443,0.07555004380598307,0.19999980000020004
jump,0,seen_test,f20260909129_spoof,spoof,101.47997930037567,0.5062890086685222,0.1632479666467317,0.19999980000020004
jump,0,seen_test,f20260909130_spoof,spoof,11.183269136821535,0.4408454858338851,0.007942722599014629,0.19999980000020004
jump,0,seen_test,f20260909132_spoof,spoof,6.587362197927335,0.35476120842382974,0.17170057450827592,0.19999980000020004
jump,0,seen_test,f20260909143_spoof,spoof,4.635902141456545,0.36036077669725836,0.2794049533156473,0.19999980000020004
jump,0,seen_test,f20260909147_spoof,spoof,6.486469016748167,0.3563930555658485,0.5075376696123288,0.19999980000020004
jump,0,seen_test,f20260909153_spoof,spoof,36.55914879184441,0.5034310647404995,0.0001727926037000671,0.19999980000020004
jump,0,seen_test,f20260909155_spoof,spoof,8.38339905339173,0.3682372284356949,0.21909585702566337,0.19999980000020004
jump,0,unseen,f20260909104_spoof,spoof,17.97432372856605,0.4246504189044442,0.2229486943013912,0.19999980000020004
jump,0,unseen,f20260909109_spoof,spoof,16.655846371458672,0.46711486981861894,0.051182044060441356,0.19999980000020004
jump,0,unseen,f20260909112_spoof,spoof,14.08349192573703,0.41083239733676746,0.4288324444418289,0.19999980000020004
jump,0,unseen,f20260909113_spoof,spoof,21.556599280519457,0.4413208818513741,0.45795022276040265,0.19999980000020004
jump,0,unseen,f20260909115_spoof,spoof,19.44261353320248,0.4428102027330511,0.41635854740612677,0.19999980000020004
jump,0,unseen,f20260909120_spoof,spoof,15.863274290834045,0.4485635707626098,0.3169312119750538,0.19999980000020004
jump,0,unseen,f20260909122_spoof,spoof,27.351272280188148,0.4484222548597654,0.5560349190443805,0.19999980000020004
jump,0,unseen,f20260909124_spoof,spoof,26.19516505118329,0.430797963928172,0.27331070205703545,0.19999980000020004
jump,0,unseen,f20260909126_spoof,spoof,16.645855800062506,0.43030080103693785,0.4571077034479143,0.19999980000020004
jump,0,unseen,f20260909127_spoof,spoof,24.80434902543606,0.45019224066137925,0.5746102275049059,0.19999980000020004
jump,0,unseen,f20260909131_spoof,spoof,12.973549226748643,0.4166254230870159,0.2942956381702454,0.19999980000020004
jump,0,unseen,f20260909134_spoof,spoof,13.957371140980069,0.430178632192216,0.43032390689288114,0.19999980000020004
jump,0,unseen,f20260909136_spoof,spoof,16.490188441212307,0.43763236751986523,0.5610862652131026,0.19999980000020004
jump,0,unseen,f20260909137_spoof,spoof,8.57346876213137,0.4118185284215313,0.24405726752988688,0.19999980000020004
jump,0,unseen,f20260909138_spoof,spoof,9.3072936614875,0.40151599042694025,0.30265615382805766,0.19999980000020004
jump,0,unseen,f20260909139_spoof,spoof,13.221775710833723,0.4172641045126881,0.29615868887487073,0.19999980000020004
jump,0,unseen,f20260909141_spoof,spoof,14.932807191052747,0.4386585372264682,0.2773743582938114,0.19999980000020004
jump,0,unseen,f20260909145_spoof,spoof,8.027030112337961,0.40279080107885584,0.2584765920897477,0.19999980000020004
jump,0,unseen,f20260909146_spoof,spoof,16.426412543771388,0.43695571197026767,0.2378930399938196,0.19999980000020004
jump,0,unseen,f20260909148_spoof,spoof,24.417917641976874,0.42607779409018054,0.2255964512877373,0.19999980000020004
jump,0,unseen,f20260909156_spoof,spoof,44.30730743782107,0.486924610057166,0.597739611105331,0.19999980000020004
jump,0,calibration,f103716604252706_gps_degrade,gps_degrade,17.943130999033794,0.4780960559689911,0.01760329517723458,2.4999937500156784
jump,0,calibration,f115936881981907_gps_degrade,gps_degrade,21.732585030269718,0.4705163229030106,0.044701175680284755,2.4999937500156784
jump,0,calibration,f148656514407084_gps_degrade,gps_degrade,18.41387347977933,0.46084524343314687,0.08979370566587719,2.4999937500156784
jump,0,calibration,f187049508766390_gps_degrade,gps_degrade,22.76195963542327,0.44114004902487197,0.09130004045784013,2.4999937500156784
jump,0,calibration,f20260909002_nominal,nominal,8.844660661140315,0.37476630760586244,0.4651019583861936,0.19999980000020004
jump,0,calibration,f20260909007_nominal,nominal,5.32859499593966,0.35255481635900116,0.30150272503011377,0.19999980000020004
jump,0,calibration,f20260909012_nominal,nominal,3.6323427936867976,0.3549904857287245,0.10642464652519446,0.19999980000020004
jump,0,calibration,f20260909018_nominal,nominal,17.58291940310433,0.37269991775214717,0.07781707312109587,0.19999980000020004
jump,0,calibration,f20260909019_nominal,nominal,7.2942626589812445,0.3667798252153406,0.15001105941580495,0.19999980000020004
jump,0,calibration,f20260909020_nominal,nominal,3.7047787968436556,0.3506331284868059,0.07899546735258056,0.19999980000020004
jump,0,calibration,f20260909021_nominal,nominal,6.338126210048549,0.3738806165963653,0.08067544662692283,0.19999980000020004
jump,0,calibration,f20260909027_nominal,nominal,6.1322456863757,0.3589303258852899,0.06612307671893602,0.19999980000020004
jump,0,calibration,f20260909032_nominal,nominal,6.233872025199836,0.35852748981113663,0.18033729091880768,0.19999980000020004
jump,0,calibration,f20260909034_nominal,nominal,6.601427506082939,0.36994146937621,0.05868704100771027,0.19999980000020004
jump,0,calibration,f20260909037_nominal,nominal,4.38874171896107,0.35343535732050385,0.4188871122289899,0.19999980000020004
jump,0,calibration,f20260909040_nominal,nominal,3.453689638419665,0.35080431337519064,0.07852388645027875,0.19999980000020004
jump,0,calibration,f20260909042_nominal,nominal,4.329309469106305,0.35482959788596075,0.09836224932843896,0.19999980000020004
jump,0,calibration,f20260909044_nominal,nominal,4.126504093655251,0.3513753072059789,0.06894711593355096,0.19999980000020004
jump,0,calibration,f20260909045_nominal,nominal,3.5800742149334974,0.35242410266243285,0.08332104171008048,0.19999980000020004
jump,0,calibration,f20260909048_nominal,nominal,4.927380890446142,0.3502455998854372,0.10088969531273162,0.19999980000020004
jump,0,calibration,f20260909049_nominal,nominal,6.2771508485475715,0.36864123524401365,0.06579347142325653,0.19999980000020004
jump,0,calibration,f20260909056_nominal,nominal,9.844980786394173,0.3596732376367391,0.06288540504565765,0.19999980000020004
jump,0,calibration,f20260909057_nominal,nominal,6.284824504309736,0.3665334865513342,0.06452298120275446,0.19999980000020004
jump,0,calibration,f20260909059_nominal,nominal,6.995717317956506,0.36458986212034505,0.056456036277063304,0.19999980000020004
jump,0,calibration,f20260909105_spoof,spoof,8.727437514157977,0.3763679861898987,0.2835772831733534,0.19999980000020004
jump,0,calibration,f20260909106_spoof,spoof,8.29818038918291,0.4436371350020251,0.010726892105504149,0.19999980000020004
jump,0,calibration,f20260909116_spoof,spoof,8.939379594656403,0.36040986231184563,0.21286367438505982,0.19999980000020004
jump,0,calibration,f20260909117_spoof,spoof,11.595698658552827,0.39951789215367006,0.04120940548530583,0.19999980000020004
jump,0,calibration,f20260909119_spoof,spoof,8.733112197662903,0.3980254567359872,0.23614055187902716,0.19999980000020004
jump,0,calibration,f20260909121_spoof,spoof,6.583687604491625,0.37869863861137126,0.5532038740539363,0.19999980000020004
jump,0,calibration,f20260909144_spoof,spoof,10.35643621393763,0.3813067340222483,0.07468087282170721,0.19999980000020004
jump,0,calibration,f20260909150_spoof,spoof,51.40820569296969,0.48536316274154023,0.38427455929042453,0.19999980000020004
jump,0,calibration,f20260909152_spoof,spoof,8.950665702038824,0.4325203042655467,0.014663300038682658,0.19999980000020004
jump,0,calibration,f20260909154_spoof,spoof,5.561964891418817,0.35167121583417466,0.2852537622072576,0.19999980000020004
jump,0,calibration,f20260909157_spoof,spoof,24.583059505000072,0.5089331493264169,0.15115510748243022,0.19999980000020004
jump,0,calibration,f20260909158_spoof,spoof,6.119988959003668,0.42649308567794064,0.02985901351110498,0.19999980000020004
jump,0,calibration,f20260909159_spoof,spoof,17.66632383170485,0.47215786359772766,0.08024296787478169,0.19999980000020004
jump,0,calibration,f20260909201_gps_degrade,gps_degrade,20.457563666230026,0.4536610108866339,0.10996248388423269,0.9999990000010001
jump,0,calibration,f20260909211_gps_degrade,gps_degrade,230.49237276172292,0.5994254549283845,8.23156844785844e-05,0.19999980000020004
jump,0,calibration,f20260909213_gps_degrade,gps_degrade,21.108523119096713,0.4449924399488623,0.13317895521402368,0.9999990000010001
jump,0,calibration,f20260909215_gps_degrade,gps_degrade,20.562528293244068,0.4606049316452394,0.07661472084410326,0.9999990000010001
jump,0,calibration,f20260909216_gps_degrade,gps_degrade,31.961668597896516,0.4610703187476094,0.09148882442553874,0.9999990000010001
jump,0,calibration,f20260909217_gps_degrade,gps_degrade,42.11874353500912,0.5055316270981924,0.03507908968892037,0.19999980000020004
jump,0,calibration,f20260909218_gps_degrade,gps_degrade,17.915374907245454,0.4812229429412043,0.01465751183405306,0.9999990000010001
jump,0,calibration,f20260909227_gps_degrade,gps_degrade,29.550758971535302,0.5754110280482768,0.019739027669031572,0.19999980000020004
jump,0,calibration,f20260909228_gps_degrade,gps_degrade,5509.557442478174,0.5799331230300553,0.0011441252546456893,0.19999980000020004
jump,0,calibration,f20260909230_gps_degrade,gps_degrade,473.6683494758013,0.5950382584096873,4.9657293669791436e-05,0.19999980000020004
jump,0,calibration,f20260909233_gps_degrade,gps_degrade,17.39155867609035,0.4656437411609968,0.0426031301429971,0.9999990000010001
jump,0,calibration,f20260909234_gps_degrade,gps_degrade,17.669613069674426,0.4620434740750055,0.07196496602546354,0.9999990000010001
jump,0,calibration,f20260909235_gps_degrade,gps_degrade,121.59409995361823,0.6084084075700487,0.0010673792957494044,0.19999980000020004
jump,0,calibration,f20260909244_gps_degrade,gps_degrade,50.36163099907922,0.5292250957403299,0.03135168758098361,0.19999980000020004
jump,0,calibration,f20260909246_gps_degrade,gps_degrade,395.433027495638,0.5984491621922023,0.00029632548681712834,0.19999980000020004
jump,0,calibration,f20260909248_gps_degrade,gps_degrade,76.40287033336192,0.5672293935843811,0.004227567072640492,0.19999980000020004
jump,0,calibration,f20260909302_sensor_fault,sensor_fault,46.8234940491946,0.5286891380462441,0.0006113945993034831,0.9999990000010001
jump,0,calibration,f20260909305_sensor_fault,sensor_fault,43.920566207531046,0.5717423120494263,0.0027538796070245564,0.9999990000010001
jump,0,calibration,f20260909310_sensor_fault,sensor_fault,11.002692664781694,0.4066135139282746,0.0764970430138815,0.6399993600006401
jump,0,calibration,f20260909311_sensor_fault,sensor_fault,50.365410069646174,0.5104339575465691,0.0010531109707266895,0.9999990000010001
jump,0,calibration,f20260909315_sensor_fault,sensor_fault,23.747967577178535,0.505413865679577,0.004052748897867109,0.9999990000010001
jump,0,calibration,f20260909316_sensor_fault,sensor_fault,35.40511701281232,0.5243265354709542,0.002613126792652243,0.9999990000010001
jump,0,calibration,f20260909320_sensor_fault,sensor_fault,26.702508901268565,0.4746147216676702,0.005305182564566802,0.9999990000010001
jump,0,calibration,f20260909324_sensor_fault,sensor_fault,21.023705882373157,0.4592480384738844,0.0063846090498224095,0.9999990000010001
jump,0,calibration,f20260909326_sensor_fault,sensor_fault,36.84027989025174,0.5252109797642679,0.003144883133606391,0.9999990000010001
jump,0,calibration,f20260909327_sensor_fault,sensor_fault,145.92309051821826,0.5357256290407121,0.00015262849374841903,0.9999990000010001
jump,0,calibration,f20260909328_sensor_fault,sensor_fault,22.465973881264013,0.47711188798825394,0.005670267668573037,0.9999990000010001
jump,0,calibration,f20260909331_sensor_fault,sensor_fault,16.896409122343286,0.4103710281129136,0.0761195757148111,0.9999990000010001
jump,0,calibration,f20260909335_sensor_fault,sensor_fault,18.66812494755695,0.4444397381499887,0.011538383004010222,0.9999990000010001
jump,0,calibration,f20260909337_sensor_fault,sensor_fault,27.703894404050423,0.5029405511704932,0.0015283505575646172,0.9999990000010001
jump,0,calibration,f20260909343_sensor_fault,sensor_fault,58.06857649342865,0.5212703863150264,0.0006229140884803641,0.9999990000010001
jump,0,calibration,f20260909345_sensor_fault,sensor_fault,25.976919036014397,0.48016265008162134,0.003514183881416222,0.9999990000010001
jump,0,calibration,f20260909349_sensor_fault,sensor_fault,18.580311711526033,0.4345424734744424,0.014888603831918146,0.9999990000010001
jump,0,calibration,f20260909351_sensor_fault,sensor_fault,16.520325275890137,0.4699149102875197,0.02611864221081539,0.9999990000010001
jump,0,calibration,f20260909354_sensor_fault,sensor_fault,23.856794002170464,0.4434577359154384,0.013819187240810216,0.9999990000010001
jump,0,calibration,f20260909357_sensor_fault,sensor_fault,26.827786490535743,0.49253802371979427,0.00646118335389112,0.9999990000010001
jump,1,seen_test,f20260909102_spoof,spoof,5.791946612596371,0.36131220701579375,0.4300087888033004,0.19999980000020004
jump,1,seen_test,f20260909108_spoof,spoof,19.862123968918603,0.5121076344411766,0.0018581399973927049,0.19999980000020004
jump,1,seen_test,f20260909119_spoof,spoof,5.804105318006238,0.4239759087464893,0.15420634992011528,0.19999980000020004
jump,1,seen_test,f20260909123_spoof,spoof,5.206304446200366,0.3866704758485446,0.44749059350412335,0.19999980000020004
jump,1,seen_test,f20260909130_spoof,spoof,12.509811682952792,0.4657311853708416,0.0038806665765263038,0.19999980000020004
jump,1,seen_test,f20260909132_spoof,spoof,4.764222772166124,0.37235828856316144,0.34012503443538467,0.19999980000020004
jump,1,seen_test,f20260909142_spoof,spoof,12.96885752816648,0.45090795970659114,0.045462982203416935,0.19999980000020004
jump,1,seen_test,f20260909143_spoof,spoof,6.099863410648956,0.38795182371838133,0.5401425372035937,0.19999980000020004
jump,1,seen_test,f20260909151_spoof,spoof,19.497189785119957,0.49926107359325067,0.0025061975923497126,0.19999980000020004
jump,1,seen_test,f20260909153_spoof,spoof,8.404714083995152,0.45870095636678704,0.011291159400338424,0.19999980000020004
jump,1,seen_test,f20260909155_spoof,spoof,9.12518282199334,0.3822105980657319,0.2496761272165836,0.19999980000020004
jump,1,seen_test,f20260909158_spoof,spoof,7.043197854225159,0.43182834137652093,0.05707431029418575,0.19999980000020004
jump,1,seen_test,f20260909159_spoof,spoof,11.927770937655698,0.44414920498552796,0.1439451227255878,0.19999980000020004
jump,1,unseen,f20260909104_spoof,spoof,8.084935980259157,0.3971800470314411,0.34182936411370857,0.19999980000020004
jump,1,unseen,f20260909109_spoof,spoof,6.285880137335829,0.4069675045880669,0.4611143199006711,0.19999980000020004
jump,1,unseen,f20260909112_spoof,spoof,10.674250096730535,0.4225424336482508,0.4566577222346936,0.19999980000020004
jump,1,unseen,f20260909113_spoof,spoof,7.226502233715743,0.40267373007427165,0.3063843381492837,0.19999980000020004
jump,1,unseen,f20260909115_spoof,spoof,10.229403900366291,0.41938323669144617,0.33441043324065134,0.19999980000020004
jump,1,unseen,f20260909120_spoof,spoof,3.824801035471539,0.39096466359920024,0.29061494735925264,0.19999980000020004
jump,1,unseen,f20260909122_spoof,spoof,12.672726352662657,0.41174941438526486,0.3608247854697928,0.19999980000020004
jump,1,unseen,f20260909124_spoof,spoof,4.68425659486674,0.3977097709890867,0.31057477866341765,0.19999980000020004
jump,1,unseen,f20260909126_spoof,spoof,6.883971292019322,0.40929462726548016,0.39317835646163424,0.19999980000020004
jump,1,unseen,f20260909127_spoof,spoof,11.308644934220546,0.43696604034788245,0.37475963930160106,0.19999980000020004
jump,1,unseen,f20260909131_spoof,spoof,13.651520770357065,0.4131121174451084,0.13897378703986452,0.19999980000020004
jump,1,unseen,f20260909134_spoof,spoof,5.763468148067787,0.4026914285558159,0.35223259475335367,0.19999980000020004
jump,1,unseen,f20260909136_spoof,spoof,7.3947212711509875,0.40488539126590334,0.40529814882274395,0.19999980000020004
jump,1,unseen,f20260909137_spoof,spoof,5.79221934362226,0.3951443784103629,0.3570165104132804,0.19999980000020004
jump,1,unseen,f20260909138_spoof,spoof,6.566824857008843,0.39405058308212043,0.315779092529079,0.19999980000020004
jump,1,unseen,f20260909139_spoof,spoof,9.193817794364264,0.40779264519365555,0.2642975713531689,0.19999980000020004
jump,1,unseen,f20260909141_spoof,spoof,45.35991218752145,0.45382738613291757,0.10344947101707525,0.19999980000020004
jump,1,unseen,f20260909145_spoof,spoof,7.796121369848914,0.42022693470568406,0.31973295263427814,0.19999980000020004
jump,1,unseen,f20260909146_spoof,spoof,14.045408990186932,0.4321709762262678,0.18618504902707667,0.19999980000020004
jump,1,unseen,f20260909148_spoof,spoof,6.087887896098476,0.4088958817158905,0.3645727814693406,0.19999980000020004
jump,1,unseen,f20260909156_spoof,spoof,7.570689650648526,0.4165494035842709,0.4760994759855842,0.19999980000020004
jump,1,calibration,f137476638112559_gps_degrade,gps_degrade,18.304947196126644,0.4791271614863027,0.03310537237034694,0.9999990000010001
jump,1,calibration,f153363458695622_gps_degrade,gps_degrade,18.090514108837688,0.5005549536326911,0.017463400744295865,0.9999990000010001
jump,1,calibration,f154051046525415_gps_degrade,gps_degrade,20.062412101615756,0.5129783865374529,0.015560890710265673,0.9999990000010001
jump,1,calibration,f164363336037972_gps_degrade,gps_degrade,18.083213759342122,0.5076482814579173,0.013027829305071292,0.9999990000010001
jump,1,calibration,f187049508766390_gps_degrade,gps_degrade,30.989759731401197,0.4649232760021367,0.1408952797662315,0.9999990000010001
jump,1,calibration,f20260909000_nominal,nominal,8.779207158932179,0.37316720356990934,0.06992941323636881,0.15999984000016002
jump,1,calibration,f20260909002_nominal,nominal,5.439519717804093,0.36850726648112736,0.5189198868821097,0.19999980000020004
jump,1,calibration,f20260909007_nominal,nominal,3.7290564396534265,0.3574605448932195,0.09589327320092933,0.19999980000020004
jump,1,calibration,f20260909015_nominal,nominal,7.5631400257528565,0.37543659566954657,0.0630380557033059,0.19999980000020004
jump,1,calibration,f20260909020_nominal,nominal,8.680050792702854,0.36902544001767096,0.05982782326632641,0.19999980000020004
jump,1,calibration,f20260909021_nominal,nominal,3.9545578520004097,0.36977441336235173,0.11755972803553238,0.19999980000020004
jump,1,calibration,f20260909024_nominal,nominal,7.644259018241198,0.37847743721450927,0.0633824005657172,0.19999980000020004
jump,1,calibration,f20260909026_nominal,nominal,7.947701612486104,0.37606772169542413,0.04148395027623464,0.19999980000020004
jump,1,calibration,f20260909029_nominal,nominal,2.9144556082179847,0.35914807795977055,0.11258143471063153,0.19999980000020004
jump,1,calibration,f20260909031_nominal,nominal,22.193357405477016,0.41824798448196804,0.13190219289917593,0.19999980000020004
jump,1,calibration,f20260909037_nominal,nominal,3.8096951824177423,0.3733749434094587,0.22614007633127953,0.19999980000020004
jump,1,calibration,f20260909039_nominal,nominal,3.9134112935192165,0.35678265296773487,0.08845547075945459,0.19999980000020004
jump,1,calibration,f20260909042_nominal,nominal,5.5111602287286665,0.35648074256824,0.1003831193381709,0.19999980000020004
jump,1,calibration,f20260909043_nominal,nominal,3.7360661073919714,0.36546199887929015,0.06274760877995245,0.19999980000020004
jump,1,calibration,f20260909044_nominal,nominal,5.233619175032476,0.35722360875585407,0.16184043021853822,0.19999980000020004
jump,1,calibration,f20260909046_nominal,nominal,11.819177295564975,0.38635579375399826,0.2839318403609331,0.19999980000020004
jump,1,calibration,f20260909049_nominal,nominal,4.27318355341314,0.3650688053088336,0.08123551598370093,0.19999980000020004
jump,1,calibration,f20260909052_nominal,nominal,5.974722723600296,0.37039993870058446,0.06986794907541438,0.19999980000020004
jump,1,calibration,f20260909053_nominal,nominal,4.058817254855888,0.368558221694969,0.09537837691135143,0.19999980000020004
jump,1,calibration,f20260909056_nominal,nominal,3.350396778533983,0.3618221199071334,0.07329523756741085,0.19999980000020004
jump,1,calibration,f20260909100_spoof,spoof,7.77342889322794,0.40802801831943825,0.13110096456263598,0.15999984000016002
jump,1,calibration,f20260909103_spoof,spoof,8.313203358258468,0.4426047387412076,0.05053437425639917,0.19999980000020004
jump,1,calibration,f20260909105_spoof,spoof,7.276626050860907,0.39377240542885533,0.4567602645983385,0.19999980000020004
jump,1,calibration,f20260909106_spoof,spoof,7.2061743025028235,0.43815543503099813,0.03289346643626234,0.19999980000020004
jump,1,calibration,f20260909107_spoof,spoof,9.633206321893157,0.43247440640600276,0.054600605953414205,0.19999980000020004
jump,1,calibration,f20260909110_spoof,spoof,10.674303971148644,0.39841737023860907,0.4379700526454957,0.19999980000020004
jump,1,calibration,f20260909111_spoof,spoof,4.859728102598532,0.3727728166611377,0.3248613891787667,0.19999980000020004
jump,1,calibration,f20260909114_spoof,spoof,4.8579000769878045,0.4064040137203757,0.28164872338167557,0.19999980000020004
jump,1,calibration,f20260909121_spoof,spoof,8.067726315606183,0.411319275658227,0.4580577018302673,0.19999980000020004
jump,1,calibration,f20260909128_spoof,spoof,21.04419900987753,0.4850074642916397,0.0029997995526187538,0.19999980000020004
jump,1,calibration,f20260909140_spoof,spoof,5.690605016624814,0.4420673210654322,0.1323809170967355,0.19999980000020004
jump,1,calibration,f20260909147_spoof,spoof,7.643589888683439,0.38119494302002976,0.5009712021293419,0.19999980000020004
jump,1,calibration,f20260909154_spoof,spoof,5.9889374360207075,0.3689966882520083,0.4895111315244183,0.19999980000020004
jump,1,calibration,f20260909200_gps_degrade,gps_degrade,40.09000290000884,0.5153899168135095,0.01601495136847786,0.9999990000010001
jump,1,calibration,f20260909201_gps_degrade,gps_degrade,30.9259531175917,0.48441273259587386,0.08856052821031912,0.9999990000010001
jump,1,calibration,f20260909212_gps_degrade,gps_degrade,39.49519155021341,0.5340870483150845,0.013097820893119394,0.9999990000010001
jump,1,calibration,f20260909215_gps_degrade,gps_degrade,28.475403130266958,0.4962116829931914,0.02964207374581207,0.9999990000010001
jump,1,calibration,f20260909228_gps_degrade,gps_degrade,14.952940157673387,0.4887424595399444,0.07536663350419048,0.19999980000020004
jump,1,calibration,f20260909232_gps_degrade,gps_degrade,39.789197982499985,0.4959843474651795,0.01652591515059809,0.9999990000010001
jump,1,calibration,f20260909235_gps_degrade,gps_degrade,45.113548494210534,0.51642775591197,0.0006481567786833509,0.19999980000020004
jump,1,calibration,f20260909236_gps_degrade,gps_degrade,26.071214041753848,0.4774045570873119,0.039650930664583695,0.9999990000010001
jump,1,calibration,f20260909245_gps_degrade,gps_degrade,27.06677555995998,0.47785334039738,0.03608802500723807,0.9999990000010001
jump,1,calibration,f20260909259_gps_degrade,gps_degrade,33.41511995420626,0.5014941058576283,0.010897005565155937,0.9999990000010001
jump,1,calibration,f20260909302_sensor_fault,sensor_fault,56.66025895974828,0.4965543217808825,0.0020255516146892028,0.9999990000010001
jump,1,calibration,f20260909303_sensor_fault,sensor_fault,17.94312938629554,0.44081905258432147,0.017477940485798316,0.9999990000010001
jump,1,calibration,f20260909306_sensor_fault,sensor_fault,14.524807621464916,0.42289245090087535,0.113475818019381,0.9999990000010001
jump,1,calibration,f20260909308_sensor_fault,sensor_fault,11.608755041660991,0.45853716259702776,0.025478950216402896,0.9999990000010001
jump,1,calibration,f20260909311_sensor_fault,sensor_fault,16.446514879890373,0.4612781254005942,0.002849394226427826,0.9999990000010001
jump,1,calibration,f20260909315_sensor_fault,sensor_fault,8.525020185989195,0.43419944933350174,0.02333502701479606,0.9999990000010001
jump,1,calibration,f20260909320_sensor_fault,sensor_fault,12.199263658892104,0.45404614069414834,0.042763302317119445,0.9999990000010001
jump,1,calibration,f20260909324_sensor_fault,sensor_fault,11.80119001046256,0.42823218481463027,0.03699867274642443,0.9999990000010001
jump,1,calibration,f20260909330_sensor_fault,sensor_fault,13.6548654748512,0.4133140506646072,0.18267465475281341,0.8399991600008401
jump,1,calibration,f20260909337_sensor_fault,sensor_fault,8.563431761501889,0.4409869583463015,0.012718538980998062,0.9999990000010001
jump,1,calibration,f20260909339_sensor_fault,sensor_fault,14.449169873747499,0.46104212293571883,0.33107583590193224,0.71999928000072
jump,1,calibration,f20260909343_sensor_fault,sensor_fault,20.77613128894471,0.47258747184499644,0.0026696006580408937,0.9999990000010001
jump,1,calibration,f20260909344_sensor_fault,sensor_fault,61.415966237000724,0.4885567550880581,0.00807409135386461,0.9999990000010001
jump,1,calibration,f20260909345_sensor_fault,sensor_fault,12.752200010193292,0.4220692412315416,0.017769198486224824,0.9999990000010001
jump,1,calibration,f20260909346_sensor_fault,sensor_fault,12.131954113015034,0.44257350471547247,0.06398924451121213,0.9999990000010001
jump,1,calibration,f20260909347_sensor_fault,sensor_fault,12.654358093002166,0.4569949724033596,0.0044384192965027935,0.9999990000010001
jump,1,calibration,f20260909352_sensor_fault,sensor_fault,21.28828238358045,0.4413794985579743,0.2095991001775881,0.9999990000010001
jump,1,calibration,f20260909354_sensor_fault,sensor_fault,15.260422961619314,0.4302322798800213,0.08301572835600768,0.9999990000010001
jump,1,calibration,f20260909355_sensor_fault,sensor_fault,21.36194578921875,0.4150438505770374,0.24064469875206818,0.9999990000010001
jump,1,calibration,f20260909356_sensor_fault,sensor_fault,19.10923296044415,0.4439286670249598,0.19725132411717117,0.9199990800009201
jump,1,calibration,f210080082905703_gps_degrade,gps_degrade,20.5925829277246,0.49597324141277876,0.01881798177613736,0.9999990000010001
jump,1,calibration,f27414466462551_gps_degrade,gps_degrade,19.559841209200748,0.4924045967643865,0.026396647536855444,0.9999990000010001
jump,1,calibration,f38329162600154_gps_degrade,gps_degrade,79.41792348389257,0.585827184628775,0.0009410250008584642,0.9999990000010001
jump,1,calibration,f52087898353843_gps_degrade,gps_degrade,82.45367130826388,0.5812744630143377,0.0011669947085964916,0.9999990000010001
jump,1,calibration,f89695495040802_gps_degrade,gps_degrade,19.685330434465694,0.4864912348494875,0.03141270367427795,0.9999990000010001
jump,2,seen_test,f20260909102_spoof,spoof,5.844297303322709,0.37206238495189065,0.4436413196860505,0.19999980000020004
jump,2,seen_test,f20260909105_spoof,spoof,13.880793465910086,0.41813265737404987,0.10666648966625247,0.19999980000020004
jump,2,seen_test,f20260909107_spoof,spoof,18.298128321686008,0.4621598525016344,0.013106242434753779,0.19999980000020004
jump,2,seen_test,f20260909116_spoof,spoof,8.274004803378235,0.37469505700560823,0.3521523340907533,0.19999980000020004
jump,2,seen_test,f20260909118_spoof,spoof,62.921044506483646,0.5377376261926633,0.002676964996540576,0.19999980000020004
jump,2,seen_test,f20260909125_spoof,spoof,11.951128398504425,0.4477781438047497,0.05362026968264866,0.19999980000020004
jump,2,seen_test,f20260909128_spoof,spoof,43.44564941339074,0.539182180056584,0.003077782542145857,0.19999980000020004
jump,2,seen_test,f20260909132_spoof,spoof,11.980938297605318,0.39764776289710213,0.3889974773088508,0.19999980000020004
jump,2,seen_test,f20260909143_spoof,spoof,10.812769563410209,0.43365076528008806,0.09912311243338101,0.19999980000020004
jump,2,seen_test,f20260909151_spoof,spoof,40.55320516984327,0.5702945592290797,0.008146021066333664,0.19999980000020004
jump,2,seen_test,f20260909153_spoof,spoof,50.770017056123095,0.5368779882056098,0.0021324584811232006,0.19999980000020004
jump,2,seen_test,f20260909154_spoof,spoof,6.604852191167473,0.3853767101832824,0.2396962757722163,0.19999980000020004
jump,2,seen_test,f20260909155_spoof,spoof,23.570541651406472,0.4362888369040164,0.2488534522012814,0.19999980000020004
jump,2,unseen,f20260909104_spoof,spoof,12.80201445800779,0.41313726631154524,0.3796303873114709,0.19999980000020004
jump,2,unseen,f20260909109_spoof,spoof,7.619269439970202,0.4157426688668421,0.4981150818066522,0.19999980000020004
jump,2,unseen,f20260909112_spoof,spoof,11.843460421439254,0.4185971503806174,0.507372583965962,0.19999980000020004
jump,2,unseen,f20260909113_spoof,spoof,14.51236578126844,0.4166184603676393,0.5656113302607154,0.19999980000020004
jump,2,unseen,f20260909115_spoof,spoof,14.89201691012135,0.427292628850076,0.42522184284958586,0.19999980000020004
jump,2,unseen,f20260909120_spoof,spoof,6.034026082992778,0.4164278058990482,0.4003848725486989,0.19999980000020004
jump,2,unseen,f20260909122_spoof,spoof,21.16515243301398,0.4246562441381042,0.48745665391692605,0.19999980000020004
jump,2,unseen,f20260909124_spoof,spoof,10.128593603636924,0.40597411131004546,0.5281397025012593,0.19999980000020004
jump,2,unseen,f20260909126_spoof,spoof,12.115176905716119,0.4150765297068882,0.5619870522556394,0.19999980000020004
jump,2,unseen,f20260909127_spoof,spoof,17.59980431331248,0.4372551914069024,0.5438993612210812,0.19999980000020004
jump,2,unseen,f20260909131_spoof,spoof,8.11645960157519,0.4060838703974865,0.4178889349746805,0.19999980000020004
jump,2,unseen,f20260909134_spoof,spoof,7.6300171702205475,0.42110353272122686,0.34712521951954267,0.19999980000020004
jump,2,unseen,f20260909136_spoof,spoof,10.412473394449963,0.4322383765314342,0.48818298505005997,0.19999980000020004
jump,2,unseen,f20260909137_spoof,spoof,10.673320193901304,0.40633818789751786,0.46548490909856677,0.19999980000020004
jump,2,unseen,f20260909138_spoof,spoof,6.4812202549072495,0.40578919882568376,0.46469850200099694,0.19999980000020004
jump,2,unseen,f20260909139_spoof,spoof,14.544284513382182,0.4150618853605698,0.42866990508991243,0.19999980000020004
jump,2,unseen,f20260909141_spoof,spoof,12.80303850025313,0.4553011468468925,0.46457961319200203,0.19999980000020004
jump,2,unseen,f20260909145_spoof,spoof,9.651228894207067,0.404542091133511,0.4413192071597144,0.19999980000020004
jump,2,unseen,f20260909146_spoof,spoof,14.46107458866661,0.42729200094204667,0.3510373720737108,0.19999980000020004
jump,2,unseen,f20260909148_spoof,spoof,21.004705138460842,0.42063656884023026,0.42393947088293427,0.19999980000020004
jump,2,unseen,f20260909156_spoof,spoof,11.184316509828399,0.43089374994633417,0.4002279021016524,0.19999980000020004
jump,2,calibration,f152849246098291_gps_degrade,gps_degrade,25.45231514338725,0.45951125190300834,0.04696981714524706,0.9999990000010001
jump,2,calibration,f154051046525415_gps_degrade,gps_degrade,24.103321200194713,0.47989962655584045,0.034204811713489436,0.9999990000010001
jump,2,calibration,f164363336037972_gps_degrade,gps_degrade,27.620926499071714,0.48905604190105334,0.028843126723361978,0.9999990000010001
jump,2,calibration,f179243424651613_gps_degrade,gps_degrade,23.25525835055684,0.4488509139167636,0.07762624584597566,0.9999990000010001
jump,2,calibration,f20260909000_nominal,nominal,8.166001503677391,0.39688237454550007,0.11158103399945796,0.15999984000016002
jump,2,calibration,f20260909007_nominal,nominal,4.139955601269071,0.3525159742914711,0.1178564644712411,0.19999980000020004
jump,2,calibration,f20260909008_nominal,nominal,5.789351696532518,0.36202308216873996,0.0940836290644822,0.19999980000020004
jump,2,calibration,f20260909012_nominal,nominal,2.77369108100761,0.35861438270498525,0.1814269506964863,0.19999980000020004
jump,2,calibration,f20260909014_nominal,nominal,4.096065304473467,0.3678849534221376,0.2987176437809911,0.19999980000020004
jump,2,calibration,f20260909015_nominal,nominal,5.220227116707936,0.3572432229107336,0.09510134121235281,0.19999980000020004
jump,2,calibration,f20260909018_nominal,nominal,4.010872858048881,0.35974140230126045,0.13038982068608995,0.19999980000020004
jump,2,calibration,f20260909020_nominal,nominal,4.662529494642358,0.3579815005939153,0.09429729530697029,0.19999980000020004
jump,2,calibration,f20260909023_nominal,nominal,22.234825546649986,0.36947283751860854,0.12993444710432533,0.19999980000020004
jump,2,calibration,f20260909024_nominal,nominal,5.482704625107718,0.3647503997954935,0.10861976361889147,0.19999980000020004
jump,2,calibration,f20260909025_nominal,nominal,4.250527807626321,0.35687823518134204,0.3003145718102602,0.19999980000020004
jump,2,calibration,f20260909028_nominal,nominal,5.381798303895777,0.36201117266276917,0.0870469268176951,0.19999980000020004
jump,2,calibration,f20260909032_nominal,nominal,7.546848115597908,0.38624935152908224,0.31318719527391825,0.19999980000020004
jump,2,calibration,f20260909033_nominal,nominal,8.144119303632547,0.3712307460939939,0.37151168991687245,0.19999980000020004
jump,2,calibration,f20260909034_nominal,nominal,4.210620299683213,0.36100316187452675,0.10954153316347559,0.19999980000020004
jump,2,calibration,f20260909041_nominal,nominal,7.39396411053907,0.3634148204065543,0.0932761916091005,0.19999980000020004
jump,2,calibration,f20260909042_nominal,nominal,7.499553154769177,0.3775209717947137,0.48198692880879457,0.19999980000020004
jump,2,calibration,f20260909044_nominal,nominal,3.7063775188615113,0.35791015237448887,0.13972374656772268,0.19999980000020004
jump,2,calibration,f20260909045_nominal,nominal,4.443372713152253,0.36005989554195317,0.15499484587116086,0.19999980000020004
jump,2,calibration,f20260909048_nominal,nominal,4.289492297630417,0.3493552058029295,0.14205264418664942,0.19999980000020004
jump,2,calibration,f20260909100_spoof,spoof,9.949404953759519,0.45094526860388506,0.040962043164619155,0.15999984000016002
jump,2,calibration,f20260909101_spoof,spoof,10.794430285626364,0.47021976151726513,0.04803317747784308,0.19999980000020004
jump,2,calibration,f20260909103_spoof,spoof,14.545030563032148,0.4735450325391323,0.14088402273755185,0.19999980000020004
jump,2,calibration,f20260909108_spoof,spoof,381.71297839489324,0.5783543432183512,0.09070989946192909,0.19999980000020004
jump,2,calibration,f20260909110_spoof,spoof,7.987328832525162,0.4029727898572315,0.14916017350260835,0.19999980000020004
jump,2,calibration,f20260909111_spoof,spoof,14.19261972215227,0.45071321769488615,0.045556428953816175,0.19999980000020004
jump,2,calibration,f20260909114_spoof,spoof,36.735488820321265,0.47644619176841574,0.059263104700574054,0.19999980000020004
jump,2,calibration,f20260909119_spoof,spoof,10.422893076529755,0.43486216335133543,0.12760625847829477,0.19999980000020004
jump,2,calibration,f20260909135_spoof,spoof,7.186828866805412,0.3924398820270161,0.43960955618456077,0.19999980000020004
jump,2,calibration,f20260909140_spoof,spoof,10.196820450183381,0.44159630525983185,0.05081592640949972,0.19999980000020004
jump,2,calibration,f20260909144_spoof,spoof,13.495250540863772,0.426428678359306,0.05060324781432812,0.19999980000020004
jump,2,calibration,f20260909150_spoof,spoof,17.574073641107166,0.43726176511769715,0.14876543699670397,0.19999980000020004
jump,2,calibration,f20260909159_spoof,spoof,16.37554395850502,0.4553667844279814,0.05175340037410847,0.19999980000020004
jump,2,calibration,f20260909203_gps_degrade,gps_degrade,13.28681886551709,0.4671976733100166,0.040052511126005275,0.9999990000010001
jump,2,calibration,f20260909215_gps_degrade,gps_degrade,14.744330585485317,0.44286182584580797,0.058173305448016355,0.9999990000010001
jump,2,calibration,f20260909218_gps_degrade,gps_degrade,17.804130617150815,0.5073900956487084,0.029490401441081837,0.9999990000010001
jump,2,calibration,f20260909220_gps_degrade,gps_degrade,12.143506455902447,0.4547880722482462,0.040620436984359576,0.9999990000010001
jump,2,calibration,f20260909222_gps_degrade,gps_degrade,14.154952541910246,0.4556613563541213,0.25965789494489044,0.19999980000020004
jump,2,calibration,f20260909224_gps_degrade,gps_degrade,27.26799429858367,0.4920051465486872,0.05028063389829496,0.9999990000010001
jump,2,calibration,f20260909232_gps_degrade,gps_degrade,21.416389981906196,0.473106652018779,0.03721442832652522,0.9999990000010001
jump,2,calibration,f20260909235_gps_degrade,gps_degrade,80.0490608625128,0.5477092049007616,0.004590621149376695,0.19999980000020004
jump,2,calibration,f20260909239_gps_degrade,gps_degrade,348.68733365470314,0.5659526653198023,0.00012800066062013116,0.19999980000020004
jump,2,calibration,f20260909243_gps_degrade,gps_degrade,46.90848957925295,0.5130722929596179,0.04793656350948294,0.19999980000020004
jump,2,calibration,f20260909246_gps_degrade,gps_degrade,104.71502092690433,0.5858422409705549,0.0015454986303070628,0.19999980000020004
jump,2,calibration,f20260909249_gps_degrade,gps_degrade,265606.63223349024,0.6564264043294539,0.0,0.19999980000020004
jump,2,calibration,f20260909307_sensor_fault,sensor_fault,11.247972540071398,0.4244032070395173,0.04377707751439697,0.9999990000010001
jump,2,calibration,f20260909309_sensor_fault,sensor_fault,17.48907578421054,0.4424023848969562,0.12915836039518291,0.9999990000010001
jump,2,calibration,f20260909310_sensor_fault,sensor_fault,10.259142297947356,0.4093945661957066,0.17218615257089454,0.6399993600006401
jump,2,calibration,f20260909312_sensor_fault,sensor_fault,11.449765544303556,0.45163646704668636,0.008247682434611603,0.9999990000010001
jump,2,calibration,f20260909316_sensor_fault,sensor_fault,21.305259116103198,0.5118017175113749,0.02422095558425541,0.9999990000010001
jump,2,calibration,f20260909318_sensor_fault,sensor_fault,16.823290520698656,0.46643777653418234,0.017346143853367413,0.9999990000010001
jump,2,calibration,f20260909325_sensor_fault,sensor_fault,13.045440363328595,0.453249588659134,0.010893423255410428,0.9999990000010001
jump,2,calibration,f20260909327_sensor_fault,sensor_fault,59.48038663965851,0.5214127435406791,0.0016361472096920737,0.9999990000010001
jump,2,calibration,f20260909329_sensor_fault,sensor_fault,20.233736921540412,0.456349574191174,0.025814666604912828,0.9999990000010001
jump,2,calibration,f20260909331_sensor_fault,sensor_fault,20.152774476649963,0.42981100146556234,0.21620127813061363,0.9999990000010001
jump,2,calibration,f20260909332_sensor_fault,sensor_fault,8.855303348256816,0.4125494971294019,0.17873980313873683,0.6799993200006801
jump,2,calibration,f20260909333_sensor_fault,sensor_fault,23.487084573116476,0.4325367617580286,0.17068046035249107,0.9999990000010001
jump,2,calibration,f20260909339_sensor_fault,sensor_fault,23.456339566779157,0.48907949102306325,0.4626900435979222,0.71999928000072
jump,2,calibration,f20260909342_sensor_fault,sensor_fault,12.295198284701273,0.4094440424343282,0.076086933181706,0.9999990000010001
jump,2,calibration,f20260909343_sensor_fault,sensor_fault,24.17919005916066,0.4942947555263614,0.002707046329065599,0.9999990000010001
jump,2,calibration,f20260909350_sensor_fault,sensor_fault,6.488551515068981,0.382258336077282,0.4320058232987014,0.47999952000048
jump,2,calibration,f20260909352_sensor_fault,sensor_fault,18.73164965516569,0.438619211738201,0.0906834614861578,0.9999990000010001
jump,2,calibration,f20260909354_sensor_fault,sensor_fault,15.655888558749254,0.43159699498245463,0.04132470812255962,0.9999990000010001
jump,2,calibration,f20260909356_sensor_fault,sensor_fault,20.003559252277135,0.41596170404777066,0.17948033730258428,0.9199990800009201
jump,2,calibration,f20260909359_sensor_fault,sensor_fault,17.12392054762877,0.48847065433530606,0.006120897109625378,0.9999990000010001
jump,2,calibration,f210080082905703_gps_degrade,gps_degrade,31.4494208997619,0.5020858563958878,0.04804283137087406,0.9999990000010001
jump,2,calibration,f272722099923160_gps_degrade,gps_degrade,28.294781586384495,0.45803441461503985,0.05997805586020799,0.9999990000010001
jump,2,calibration,f36042457135056_gps_degrade,gps_degrade,30.23657398323671,0.48254796580276715,0.040972018246524855,0.9999990000010001
jump,2,calibration,f45889653030206_gps_degrade,gps_degrade,30.99888023881738,0.5205784762408059,0.028638045805297718,0.9999990000010001
no_fix_then_ok,0,seen_test,f20260909202_gps_degrade,gps_degrade,20.052093583623286,0.45896373012244096,0.04376204396244665,0.9999990000010001
no_fix_then_ok,0,seen_test,f20260909203_gps_degrade,gps_degrade,20.1107280991762,0.4876097075430364,0.003939504871491639,0.9999990000010001
no_fix_then_ok,0,seen_test,f20260909207_gps_degrade,gps_degrade,130.39479798246947,0.633381131556016,0.00016619344772739186,0.19999980000020004
no_fix_then_ok,0,seen_test,f20260909208_gps_degrade,gps_degrade,17.838811617088925,0.4774494508927931,0.10047829331538982,0.19999980000020004
no_fix_then_ok,0,seen_test,f20260909215_gps_degrade,gps_degrade,18.758185742832094,0.4888891866546973,0.02491879183394552,0.9999990000010001
no_fix_then_ok,0,seen_test,f20260909216_gps_degrade,gps_degrade,35.62992062107342,0.4760312568792499,0.04320347601863217,0.9999990000010001
no_fix_then_ok,0,seen_test,f20260909217_gps_degrade,gps_degrade,37.65983546134382,0.4995546732627085,0.018388982378511498,0.19999980000020004
no_fix_then_ok,0,seen_test,f20260909219_gps_degrade,gps_degrade,23.111101934733572,0.47960020280548,0.09720302725885832,0.9999990000010001
no_fix_then_ok,0,seen_test,f20260909226_gps_degrade,gps_degrade,13446.969554444246,0.6191424070420487,7.524283418547384e-10,0.19999980000020004
no_fix_then_ok,0,seen_test,f20260909228_gps_degrade,gps_degrade,3517.526232227785,0.5857793457090748,6.217839043198836e-06,0.19999980000020004
no_fix_then_ok,0,seen_test,f20260909234_gps_degrade,gps_degrade,14.557286370128175,0.4569296332777007,0.07445179498580201,0.9999990000010001
no_fix_then_ok,0,seen_test,f20260909235_gps_degrade,gps_degrade,82.769233515503,0.5885002845640284,0.00978674654585121,0.19999980000020004
no_fix_then_ok,0,seen_test,f20260909236_gps_degrade,gps_degrade,15.209803270955664,0.470320732182011,0.03353700828689621,0.9999990000010001
no_fix_then_ok,0,seen_test,f20260909240_gps_degrade,gps_degrade,26.641203424406065,0.5103399188276514,0.004868446910528346,0.9999990000010001
no_fix_then_ok,0,seen_test,f20260909241_gps_degrade,gps_degrade,24.44927397643981,0.5181764286584426,0.011287855898821642,0.19999980000020004
no_fix_then_ok,0,seen_test,f20260909249_gps_degrade,gps_degrade,167765.88184115128,0.6704201348827195,0.0,0.19999980000020004
no_fix_then_ok,0,seen_test,f20260909250_gps_degrade,gps_degrade,27.26725373906246,0.5089252972380797,0.016832255724090972,0.19999980000020004
no_fix_then_ok,0,seen_test,f20260909253_gps_degrade,gps_degrade,31.024121199492786,0.4703566148883686,0.11067980527220589,0.9999990000010001
no_fix_then_ok,0,seen_test,f20260909255_gps_degrade,gps_degrade,11.49662571807735,0.4564607803551409,0.04539703710641685,0.9999990000010001
no_fix_then_ok,0,seen_test,f20260909259_gps_degrade,gps_degrade,13.517252631317588,0.48131480998255083,0.008685674102837382,0.9999990000010001
no_fix_then_ok,0,unseen,f103716604252706_gps_degrade,gps_degrade,6.995795272195002e+18,0.5108891278932203,0.039828557745921755,1000000.0
no_fix_then_ok,0,unseen,f105048958709988_gps_degrade,gps_degrade,6.995795272195002e+18,0.4261214692095818,0.564449827652246,1000000.0
no_fix_then_ok,0,unseen,f115936881981907_gps_degrade,gps_degrade,6.995795272195002e+18,0.46420048794868457,0.06139422923674609,1000000.0
no_fix_then_ok,0,unseen,f125406956954866_gps_degrade,gps_degrade,6.995795272195002e+18,0.48348730984881777,0.020748069642480105,1000000.0
no_fix_then_ok,0,unseen,f137476638112559_gps_degrade,gps_degrade,6.995795272195002e+18,0.47686060668949054,0.03291698251271624,1000000.0
no_fix_then_ok,0,unseen,f138645354163671_gps_degrade,gps_degrade,6.995795272195002e+18,0.5268976463821545,0.00016219349027291052,1000000.0
no_fix_then_ok,0,unseen,f148656514407084_gps_degrade,gps_degrade,6.995795272195002e+18,0.44685841462858994,0.2891410302555685,1000000.0
no_fix_then_ok,0,unseen,f152849246098291_gps_degrade,gps_degrade,6.995795272195002e+18,0.45353430141873174,0.04616414567236582,1000000.0
no_fix_then_ok,0,unseen,f153363458695622_gps_degrade,gps_degrade,6.995795272195002e+18,0.48738444106950496,0.006498111342290502,1000000.0
no_fix_then_ok,0,unseen,f154051046525415_gps_degrade,gps_degrade,6.995795272195002e+18,0.4901122020481526,0.006302139891534941,1000000.0
no_fix_then_ok,0,unseen,f157545489308718_gps_degrade,gps_degrade,6.995795272195002e+18,0.47881296732786277,0.02685562724331325,1000000.0
no_fix_then_ok,0,unseen,f162578072652318_gps_degrade,gps_degrade,6.995795272195002e+18,0.49347212522450984,0.008649317159310943,1000000.0
no_fix_then_ok,0,unseen,f164363336037972_gps_degrade,gps_degrade,6.995795272195002e+18,0.5020704544383474,0.007661037984522334,1000000.0
no_fix_then_ok,0,unseen,f179117136627038_gps_degrade,gps_degrade,6.995795272195002e+18,0.47160023934260126,0.41611576603455047,1000000.0
no_fix_then_ok,0,unseen,f179243424651613_gps_degrade,gps_degrade,6.995795272195002e+18,0.4306830263852531,0.32764389237444036,1000000.0
no_fix_then_ok,0,unseen,f187049508766390_gps_degrade,gps_degrade,6.995795272195002e+18,0.4405430721228103,0.40451666621911186,1000000.0
no_fix_then_ok,0,unseen,f198225816701839_gps_degrade,gps_degrade,6.995795272195002e+18,0.48152101074860887,0.009061926464699055,1000000.0
no_fix_then_ok,0,unseen,f210080082905703_gps_degrade,gps_degrade,6.995795272195002e+18,0.5021673040128111,0.010841456055566301,1000000.0
no_fix_then_ok,0,unseen,f214099286138893_gps_degrade,gps_degrade,6.995795272195002e+18,0.45557641685011124,0.2732379941865658,1000000.0
no_fix_then_ok,0,unseen,f251496856152582_gps_degrade,gps_degrade,6.995795272195002e+18,0.48692877379378346,0.02002925158944413,1000000.0
no_fix_then_ok,0,unseen,f267926232552533_gps_degrade,gps_degrade,6.995795272195002e+18,0.4465602114712886,0.0787202835618096,1000000.0
no_fix_then_ok,0,unseen,f272722099923160_gps_degrade,gps_degrade,6.995795272195002e+18,0.4443580143150893,0.14747844636810759,1000000.0
no_fix_then_ok,0,unseen,f27414466462551_gps_degrade,gps_degrade,6.995795272195002e+18,0.4718875798339669,0.032986557532933114,1000000.0
no_fix_then_ok,0,unseen,f36042457135056_gps_degrade,gps_degrade,6.995795272195002e+18,0.4612503900479085,0.08844941755627322,1000000.0
no_fix_then_ok,0,unseen,f38329162600154_gps_degrade,gps_degrade,6.995795272195002e+18,0.5379501847782905,1.8784936179239153e-05,1000000.0
no_fix_then_ok,0,unseen,f45889653030206_gps_degrade,gps_degrade,6.995795272195002e+18,0.49953352215546376,0.0016263232870055155,1000000.0
no_fix_then_ok,0,unseen,f52087898353843_gps_degrade,gps_degrade,6.995795272195002e+18,0.5296248037360534,6.330724421255152e-05,1000000.0
no_fix_then_ok,0,unseen,f7925275977104_gps_degrade,gps_degrade,6.995795272195002e+18,0.47817706166032775,0.17294750528098313,1000000.0
no_fix_then_ok,0,unseen,f80546156924787_gps_degrade,gps_degrade,6.995795272195002e+18,0.4970394502992132,0.0020845107908716853,1000000.0
no_fix_then_ok,0,unseen,f89695495040802_gps_degrade,gps_degrade,6.995795272195002e+18,0.4805284475121073,0.02646848901324761,1000000.0
no_fix_then_ok,0,calibration,f20260909000_nominal,nominal,12.429720553780983,0.3773991678237302,0.295624279570028,0.15999984000016002
no_fix_then_ok,0,calibration,f20260909004_nominal,nominal,11.260081204810357,0.3964341259214317,0.12446535676659931,0.19999980000020004
no_fix_then_ok,0,calibration,f20260909005_nominal,nominal,13.128755109961558,0.3901365636897065,0.37159975804669043,0.19999980000020004
no_fix_then_ok,0,calibration,f20260909007_nominal,nominal,5.250962704417382,0.357854338742256,0.19121927251957316,0.19999980000020004
no_fix_then_ok,0,calibration,f20260909017_nominal,nominal,9.731195800064992,0.3966453090138712,0.07562725023979477,0.19999980000020004
no_fix_then_ok,0,calibration,f20260909021_nominal,nominal,4.98577999554962,0.37470618215463936,0.30020401093677906,0.19999980000020004
no_fix_then_ok,0,calibration,f20260909023_nominal,nominal,4.896794059850155,0.36450195589024176,0.2245262878375811,0.19999980000020004
no_fix_then_ok,0,calibration,f20260909024_nominal,nominal,11.718723855212703,0.40662720898658083,0.06543785598198526,0.19999980000020004
no_fix_then_ok,0,calibration,f20260909025_nominal,nominal,5.397176251229159,0.36623331187471203,0.3364040413666086,0.19999980000020004
no_fix_then_ok,0,calibration,f20260909026_nominal,nominal,6.088187213627628,0.3753497287700206,0.14141514504390196,0.19999980000020004
no_fix_then_ok,0,calibration,f20260909028_nominal,nominal,8.140956278491545,0.3671324273742487,0.19567319570263908,0.19999980000020004
no_fix_then_ok,0,calibration,f20260909032_nominal,nominal,7.182385698795488,0.37329882476267845,0.4634144826972233,0.19999980000020004
no_fix_then_ok,0,calibration,f20260909033_nominal,nominal,3.9457505574129694,0.35694751731140534,0.5102952680250263,0.19999980000020004
no_fix_then_ok,0,calibration,f20260909040_nominal,nominal,4.291095829294264,0.361034612867863,0.2240815711410078,0.19999980000020004
no_fix_then_ok,0,calibration,f20260909045_nominal,nominal,6.5541111950948485,0.36816811724446924,0.20991343795576922,0.19999980000020004
no_fix_then_ok,0,calibration,f20260909046_nominal,nominal,9.372402172113228,0.3907836061141206,0.10639641615105211,0.19999980000020004
no_fix_then_ok,0,calibration,f20260909048_nominal,nominal,19.55170572959311,0.3792388368830996,0.3094433523784885,0.19999980000020004
no_fix_then_ok,0,calibration,f20260909050_nominal,nominal,14.605600186603391,0.3762967131840834,0.3344331626960988,0.19999980000020004
no_fix_then_ok,0,calibration,f20260909056_nominal,nominal,3.7955191196298808,0.3588302054060258,0.1971533832860496,0.19999980000020004
no_fix_then_ok,0,calibration,f20260909059_nominal,nominal,8.120027860798862,0.3771060620161435,0.12515966069649476,0.19999980000020004
no_fix_then_ok,0,calibration,f20260909100_spoof,spoof,7.604472701119082,0.40032146851249556,0.20388884104654215,0.15999984000016002
no_fix_then_ok,0,calibration,f20260909102_spoof,spoof,7.682673609004815,0.3622608100407826,0.37955634255183524,0.19999980000020004
no_fix_then_ok,0,calibration,f20260909107_spoof,spoof,10.174309270000235,0.40205316071890596,0.07517790035920435,0.19999980000020004
no_fix_then_ok,0,calibration,f20260909108_spoof,spoof,107.75346833966739,0.5225004386235637,0.3914086572603551,0.19999980000020004
no_fix_then_ok,0,calibration,f20260909115_spoof,spoof,16.51290440730991,0.4295799005482354,0.3015509775521483,0.19999980000020004
no_fix_then_ok,0,calibration,f20260909118_spoof,spoof,38.13279139725901,0.4763012843768454,0.01057545559465034,0.19999980000020004
no_fix_then_ok,0,calibration,f20260909120_spoof,spoof,4.1935710788779055,0.39827075581356597,0.3718273214878458,0.19999980000020004
no_fix_then_ok,0,calibration,f20260909124_spoof,spoof,10.509771800992391,0.4030842567731836,0.4431922009315875,0.19999980000020004
no_fix_then_ok,0,calibration,f20260909126_spoof,spoof,23.35629246905554,0.4466585036640466,0.28465342409940597,0.19999980000020004
no_fix_then_ok,0,calibration,f20260909127_spoof,spoof,21.4974370035527,0.4416687883202006,0.28768069293504706,0.19999980000020004
no_fix_then_ok,0,calibration,f20260909130_spoof,spoof,28.48898843400433,0.4685010225087281,0.05838690305425087,0.19999980000020004
no_fix_then_ok,0,calibration,f20260909131_spoof,spoof,20.70141587836666,0.42251599729305267,0.43858679846443505,0.19999980000020004
no_fix_then_ok,0,calibration,f20260909136_spoof,spoof,15.647062286099732,0.43696406378115477,0.2751560384314444,0.19999980000020004
no_fix_then_ok,0,calibration,f20260909137_spoof,spoof,7.69975106016408,0.4070971821405063,0.3841906710690767,0.19999980000020004
no_fix_then_ok,0,calibration,f20260909138_spoof,spoof,7.761779673582563,0.39661027535087334,0.25359280234831705,0.19999980000020004
no_fix_then_ok,0,calibration,f20260909139_spoof,spoof,25.911571081706594,0.429752722067339,0.37916732752753224,0.19999980000020004
no_fix_then_ok,0,calibration,f20260909143_spoof,spoof,4.450606301724958,0.36324941291360957,0.3305359280844792,0.19999980000020004
no_fix_then_ok,0,calibration,f20260909147_spoof,spoof,7.094694547562634,0.36690581744411266,0.47912203695231836,0.19999980000020004
no_fix_then_ok,0,calibration,f20260909148_spoof,spoof,10.793820621919869,0.40350399345378657,0.3166227427018078,0.19999980000020004
no_fix_then_ok,0,calibration,f20260909149_spoof,spoof,8.286017349377333,0.4151634645846394,0.058280012589529084,0.19999980000020004
no_fix_then_ok,0,calibration,f20260909204_gps_degrade,gps_degrade,18.31464490670649,0.49230458540319955,0.007197716411341704,0.9999990000010001
no_fix_then_ok,0,calibration,f20260909206_gps_degrade,gps_degrade,16.861840241407776,0.5045603881505364,0.009715405160155122,0.9999990000010001
no_fix_then_ok,0,calibration,f20260909209_gps_degrade,gps_degrade,12.93723561359008,0.4775652505131346,0.05316264216437672,0.9999990000010001
no_fix_then_ok,0,calibration,f20260909210_gps_degrade,gps_degrade,16.86156266603134,0.49911583561148326,0.0170272399315905,0.9999990000010001
no_fix_then_ok,0,calibration,f20260909211_gps_degrade,gps_degrade,87.91889085793002,0.5825330547888053,0.0004426043367367072,0.19999980000020004
no_fix_then_ok,0,calibration,f20260909212_gps_degrade,gps_degrade,13.978966092249175,0.5187606575059933,0.007252273271774912,0.9999990000010001
no_fix_then_ok,0,calibration,f20260909222_gps_degrade,gps_degrade,14.266941015466083,0.46761753703010667,0.20099928720287674,0.19999980000020004
no_fix_then_ok,0,calibration,f20260909223_gps_degrade,gps_degrade,19.05520075174093,0.5026480677737584,0.08755185426947965,0.19999980000020004
no_fix_then_ok,0,calibration,f20260909225_gps_degrade,gps_degrade,19.539515662858726,0.47279641926649235,0.03831045614188666,0.9999990000010001
no_fix_then_ok,0,calibration,f20260909227_gps_degrade,gps_degrade,24.760060607524196,0.5240329992473077,0.022008674670293327,0.19999980000020004
no_fix_then_ok,0,calibration,f20260909229_gps_degrade,gps_degrade,23.263153920543697,0.45363300185810546,0.09419952350502736,0.9999990000010001
no_fix_then_ok,0,calibration,f20260909230_gps_degrade,gps_degrade,222.2394392049738,0.5853933478326615,0.00017213068284094302,0.19999980000020004
no_fix_then_ok,0,calibration,f20260909231_gps_degrade,gps_degrade,11.87854955981181,0.47999813731216945,0.0077932429140281645,0.9999990000010001
no_fix_then_ok,0,calibration,f20260909232_gps_degrade,gps_degrade,48.96049667686998,0.4903363782047373,0.004471545542610311,0.9999990000010001
no_fix_then_ok,0,calibration,f20260909237_gps_degrade,gps_degrade,444.02655789882914,0.5455553684064051,1.5800704836754775e-06,0.9999990000010001
no_fix_then_ok,0,calibration,f20260909238_gps_degrade,gps_degrade,27.554295866020738,0.5060310554314837,0.018905137716441534,0.19999980000020004
no_fix_then_ok,0,calibration,f20260909246_gps_degrade,gps_degrade,197.49777110116452,0.5635901359484183,0.0005071575814585838,0.19999980000020004
no_fix_then_ok,0,calibration,f20260909247_gps_degrade,gps_degrade,25.202194818255865,0.4753444247981247,0.2160557213783859,0.9999990000010001
no_fix_then_ok,0,calibration,f20260909251_gps_degrade,gps_degrade,42.32118835810277,0.5663450216265696,0.01327820316195305,0.19999980000020004
no_fix_then_ok,0,calibration,f20260909258_gps_degrade,gps_degrade,16.52403845413456,0.45556227072205974,0.1503746402870142,0.19999980000020004
no_fix_then_ok,0,calibration,f20260909305_sensor_fault,sensor_fault,22.954975456921172,0.5354187474443115,0.0029871999124890802,0.9999990000010001
no_fix_then_ok,0,calibration,f20260909311_sensor_fault,sensor_fault,31.540204097708457,0.5014677886650345,0.0013211996102716617,0.9999990000010001
no_fix_then_ok,0,calibration,f20260909313_sensor_fault,sensor_fault,17.98655269876151,0.4168265284486764,0.09064645787075742,0.95999904000096
no_fix_then_ok,0,calibration,f20260909315_sensor_fault,sensor_fault,34.804968564304424,0.5016660100547954,0.002544067650842252,0.9999990000010001
no_fix_then_ok,0,calibration,f20260909316_sensor_fault,sensor_fault,20.573351085855425,0.515979787450152,0.004705817950137359,0.9999990000010001
no_fix_then_ok,0,calibration,f20260909321_sensor_fault,sensor_fault,28.1320185847275,0.47675230416057013,0.005288788362950547,0.9999990000010001
no_fix_then_ok,0,calibration,f20260909324_sensor_fault,sensor_fault,20.368646813876346,0.4632319159434052,0.0077454870239502815,0.9999990000010001
no_fix_then_ok,0,calibration,f20260909325_sensor_fault,sensor_fault,13.18055016544827,0.4752807010866354,0.004607831752419189,0.9999990000010001
no_fix_then_ok,0,calibration,f20260909330_sensor_fault,sensor_fault,13.574751422245601,0.4053788769125921,0.173860329331201,0.8399991600008401
no_fix_then_ok,0,calibration,f20260909331_sensor_fault,sensor_fault,19.36031245658438,0.4255521416811222,0.11338936412465694,0.9999990000010001
no_fix_then_ok,0,calibration,f20260909332_sensor_fault,sensor_fault,10.77733195092771,0.4288782677204352,0.05782907990754638,0.6799993200006801
no_fix_then_ok,0,calibration,f20260909333_sensor_fault,sensor_fault,20.42900985933011,0.4301138289482087,0.08347432679119093,0.9999990000010001
no_fix_then_ok,0,calibration,f20260909334_sensor_fault,sensor_fault,24.500413798142556,0.4654726936604763,0.005134477594384346,0.9999990000010001
no_fix_then_ok,0,calibration,f20260909335_sensor_fault,sensor_fault,25.35610415845776,0.46857438535840257,0.009839854977989337,0.9999990000010001
no_fix_then_ok,0,calibration,f20260909336_sensor_fault,sensor_fault,19.204852767480745,0.4304030682277994,0.05806044593107451,0.9999990000010001
no_fix_then_ok,0,calibration,f20260909343_sensor_fault,sensor_fault,38.62498514149446,0.5198730934810478,0.0009429391594698577,0.9999990000010001
no_fix_then_ok,0,calibration,f20260909344_sensor_fault,sensor_fault,43.576431803407225,0.5118225400700066,0.00618322975713026,0.9999990000010001
no_fix_then_ok,0,calibration,f20260909346_sensor_fault,sensor_fault,22.67831723826346,0.4640267546949258,0.014922242485724602,0.9999990000010001
no_fix_then_ok,0,calibration,f20260909347_sensor_fault,sensor_fault,16.807805883002416,0.49662868810002403,0.0017065975220553753,0.9999990000010001
no_fix_then_ok,0,calibration,f20260909356_sensor_fault,sensor_fault,17.334611122644947,0.4233673207848045,0.09875406380237173,0.9199990800009201
no_fix_then_ok,1,seen_test,f20260909202_gps_degrade,gps_degrade,17.119964809902125,0.5000832540057172,0.03045951552013082,0.9999990000010001
no_fix_then_ok,1,seen_test,f20260909203_gps_degrade,gps_degrade,30.861964050749933,0.5259139095438994,0.0031820396618934543,0.9999990000010001
no_fix_then_ok,1,seen_test,f20260909206_gps_degrade,gps_degrade,23.85550262663796,0.5334720469218917,0.025824818510468583,0.9999990000010001
no_fix_then_ok,1,seen_test,f20260909208_gps_degrade,gps_degrade,16.599598666995544,0.4893663465462391,0.2062400598955122,0.19999980000020004
no_fix_then_ok,1,seen_test,f20260909209_gps_degrade,gps_degrade,15.171412420367686,0.48830911223756424,0.0376599853213192,0.9999990000010001
no_fix_then_ok,1,seen_test,f20260909214_gps_degrade,gps_degrade,22.682757293731797,0.5216327712036178,0.0026482658612326793,0.9999990000010001
no_fix_then_ok,1,seen_test,f20260909216_gps_degrade,gps_degrade,24.536625761643922,0.5099666022799674,0.04224335848874705,0.9999990000010001
no_fix_then_ok,1,seen_test,f20260909220_gps_degrade,gps_degrade,18.239607601571752,0.5101139842318031,0.004293464047192663,0.9999990000010001
no_fix_then_ok,1,seen_test,f20260909221_gps_degrade,gps_degrade,14.770792649511801,0.4454081669403649,0.13837143079846148,0.19999980000020004
no_fix_then_ok,1,seen_test,f20260909225_gps_degrade,gps_degrade,12.725068849502062,0.49061980797153115,0.023197151149029094,0.9999990000010001
no_fix_then_ok,1,seen_test,f20260909227_gps_degrade,gps_degrade,13.607944354405266,0.49175374296494445,0.02361872871826798,0.19999980000020004
no_fix_then_ok,1,seen_test,f20260909237_gps_degrade,gps_degrade,646.2510374724382,0.5741797914962823,1.7966906722399756e-06,0.9999990000010001
no_fix_then_ok,1,seen_test,f20260909238_gps_degrade,gps_degrade,71.78789586083492,0.524768342481797,0.07302175357916463,0.19999980000020004
no_fix_then_ok,1,seen_test,f20260909239_gps_degrade,gps_degrade,121.71791139171569,0.5860864490437464,0.001181948057422888,0.19999980000020004
no_fix_then_ok,1,seen_test,f20260909250_gps_degrade,gps_degrade,29.63307841846535,0.5395845439948525,0.019960729015775613,0.19999980000020004
no_fix_then_ok,1,seen_test,f20260909251_gps_degrade,gps_degrade,17.132397332810978,0.5277711339679126,0.04228817291009268,0.19999980000020004
no_fix_then_ok,1,seen_test,f20260909254_gps_degrade,gps_degrade,24.330841522250694,0.5156465079366364,0.0016305958926048358,0.9999990000010001
no_fix_then_ok,1,seen_test,f20260909255_gps_degrade,gps_degrade,15.025102565213047,0.48265220387512797,0.03489631674449778,0.9999990000010001
no_fix_then_ok,1,seen_test,f20260909258_gps_degrade,gps_degrade,12.228286523326581,0.45360772213141415,0.2540973371365839,0.19999980000020004
no_fix_then_ok,1,seen_test,f20260909259_gps_degrade,gps_degrade,43.91987877206413,0.532317296132996,0.006066336980059095,0.9999990000010001
no_fix_then_ok,1,unseen,f103716604252706_gps_degrade,gps_degrade,6.156002469706002e+18,0.5107636960367615,0.06279923490145534,1000000.0
no_fix_then_ok,1,unseen,f105048958709988_gps_degrade,gps_degrade,6.156002469706002e+18,0.4219945212100424,0.3982972985488994,1000000.0
no_fix_then_ok,1,unseen,f115936881981907_gps_degrade,gps_degrade,6.156002469706002e+18,0.4830509769654413,0.08557872989261028,1000000.0
no_fix_then_ok,1,unseen,f125406956954866_gps_degrade,gps_degrade,6.156002469706002e+18,0.49988531135437636,0.10356397839273523,1000000.0
no_fix_then_ok,1,unseen,f137476638112559_gps_degrade,gps_degrade,6.156002469706002e+18,0.48991409415654996,0.040118103938589944,1000000.0
no_fix_then_ok,1,unseen,f138645354163671_gps_degrade,gps_degrade,6.156002469706002e+18,0.52653440010503,0.00013127977733573548,1000000.0
no_fix_then_ok,1,unseen,f148656514407084_gps_degrade,gps_degrade,6.156002469706002e+18,0.46217114175795276,0.34485591291884865,1000000.0
no_fix_then_ok,1,unseen,f152849246098291_gps_degrade,gps_degrade,6.156002469706002e+18,0.47290560487158634,0.03612013727264063,1000000.0
no_fix_then_ok,1,unseen,f153363458695622_gps_degrade,gps_degrade,6.156002469706002e+18,0.5162026074971222,0.014001499880956114,1000000.0
no_fix_then_ok,1,unseen,f154051046525415_gps_degrade,gps_degrade,6.156002469706002e+18,0.5164325046161937,0.010970711788373944,1000000.0
no_fix_then_ok,1,unseen,f157545489308718_gps_degrade,gps_degrade,6.156002469706002e+18,0.4934990283376168,0.05732915316834686,1000000.0
no_fix_then_ok,1,unseen,f162578072652318_gps_degrade,gps_degrade,6.156002469706002e+18,0.5191183038487113,0.012750529715183201,1000000.0
no_fix_then_ok,1,unseen,f164363336037972_gps_degrade,gps_degrade,6.156002469706002e+18,0.5210346726410944,0.012795196218165494,1000000.0
no_fix_then_ok,1,unseen,f179117136627038_gps_degrade,gps_degrade,6.156002469706002e+18,0.448343654128606,0.5060703910210032,1000000.0
no_fix_then_ok,1,unseen,f179243424651613_gps_degrade,gps_degrade,6.156002469706002e+18,0.45080219592681225,0.31221530621254145,1000000.0
no_fix_then_ok,1,unseen,f187049508766390_gps_degrade,gps_degrade,6.156002469706002e+18,0.4533905813318966,0.2922809739562011,1000000.0
no_fix_then_ok,1,unseen,f198225816701839_gps_degrade,gps_degrade,6.156002469706002e+18,0.509464598990805,0.010310602791608114,1000000.0
no_fix_then_ok,1,unseen,f210080082905703_gps_degrade,gps_degrade,6.156002469706002e+18,0.49055734295162867,0.01548211279831202,1000000.0
no_fix_then_ok,1,unseen,f214099286138893_gps_degrade,gps_degrade,6.156002469706002e+18,0.43069531969776453,0.33310459568651196,1000000.0
no_fix_then_ok,1,unseen,f251496856152582_gps_degrade,gps_degrade,6.156002469706002e+18,0.5060409809616971,0.029041055410663152,1000000.0
no_fix_then_ok,1,unseen,f267926232552533_gps_degrade,gps_degrade,6.156002469706002e+18,0.47661153554505076,0.10157167706235659,1000000.0
no_fix_then_ok,1,unseen,f272722099923160_gps_degrade,gps_degrade,6.156002469706002e+18,0.46954456961896024,0.23670708909808413,1000000.0
no_fix_then_ok,1,unseen,f27414466462551_gps_degrade,gps_degrade,6.156002469706002e+18,0.5034681976172682,0.045098662560270175,1000000.0
no_fix_then_ok,1,unseen,f36042457135056_gps_degrade,gps_degrade,6.156002469706002e+18,0.49859821451016095,0.07790189585797325,1000000.0
no_fix_then_ok,1,unseen,f38329162600154_gps_degrade,gps_degrade,6.156002469706002e+18,0.5482606725576633,2.2318401699639168e-05,1000000.0
no_fix_then_ok,1,unseen,f45889653030206_gps_degrade,gps_degrade,6.156002469706002e+18,0.5172148638094859,0.001539251154405119,1000000.0
no_fix_then_ok,1,unseen,f52087898353843_gps_degrade,gps_degrade,6.156002469706002e+18,0.5457773417533688,8.328849795546933e-05,1000000.0
no_fix_then_ok,1,unseen,f7925275977104_gps_degrade,gps_degrade,6.156002469706002e+18,0.4590387984491912,0.19069559020516647,1000000.0
no_fix_then_ok,1,unseen,f80546156924787_gps_degrade,gps_degrade,6.156002469706002e+18,0.5148043754130727,0.000844324839159194,1000000.0
no_fix_then_ok,1,unseen,f89695495040802_gps_degrade,gps_degrade,6.156002469706002e+18,0.48126138770790106,0.041056186803535955,1000000.0
no_fix_then_ok,1,calibration,f20260909001_nominal,nominal,5.215950321754452,0.3706185082336019,0.3382255354426634,0.19999980000020004
no_fix_then_ok,1,calibration,f20260909002_nominal,nominal,4.614451186849203,0.3567731781948236,0.25019130162848624,0.19999980000020004
no_fix_then_ok,1,calibration,f20260909004_nominal,nominal,3.6545036595789364,0.3556918285674004,0.22417956749314794,0.19999980000020004
no_fix_then_ok,1,calibration,f20260909005_nominal,nominal,4.739790127774626,0.3680103792133603,0.23107527876404532,0.19999980000020004
no_fix_then_ok,1,calibration,f20260909007_nominal,nominal,4.161625078042096,0.3615350816346638,0.3005487386994016,0.19999980000020004
no_fix_then_ok,1,calibration,f20260909011_nominal,nominal,5.724158823747986,0.35669434714577525,0.17113322983163226,0.19999980000020004
no_fix_then_ok,1,calibration,f20260909017_nominal,nominal,11.965293063504378,0.40771153846362024,0.0281399501480164,0.19999980000020004
no_fix_then_ok,1,calibration,f20260909022_nominal,nominal,3.87383464731229,0.36058886071399315,0.20523134769252416,0.19999980000020004
no_fix_then_ok,1,calibration,f20260909023_nominal,nominal,6.075628461160085,0.3633376192531385,0.2086265174252796,0.19999980000020004
no_fix_then_ok,1,calibration,f20260909026_nominal,nominal,6.2114466571542355,0.3690693107401636,0.11096817198253617,0.19999980000020004
no_fix_then_ok,1,calibration,f20260909029_nominal,nominal,5.239852404550331,0.36366334862855904,0.15567988136142674,0.19999980000020004
no_fix_then_ok,1,calibration,f20260909030_nominal,nominal,5.219416841164036,0.3654632816987752,0.07282898702986118,0.19999980000020004
no_fix_then_ok,1,calibration,f20260909033_nominal,nominal,4.247893008570525,0.35642018352447646,0.2915769827498398,0.19999980000020004
no_fix_then_ok,1,calibration,f20260909036_nominal,nominal,4.29053449693215,0.3493037615648165,0.25243969319895854,0.19999980000020004
no_fix_then_ok,1,calibration,f20260909038_nominal,nominal,4.259579915568687,0.353473150911588,0.11555770292967515,0.19999980000020004
no_fix_then_ok,1,calibration,f20260909039_nominal,nominal,7.547014967735345,0.3693244908548502,0.03427427182555154,0.19999980000020004
no_fix_then_ok,1,calibration,f20260909043_nominal,nominal,5.975445340474609,0.396404241162163,0.4753974703615348,0.19999980000020004
no_fix_then_ok,1,calibration,f20260909046_nominal,nominal,6.123139017708171,0.37218346430951804,0.38354319816606286,0.19999980000020004
no_fix_then_ok,1,calibration,f20260909048_nominal,nominal,2.4748504218668246,0.35458987578539364,0.21030377964512903,0.19999980000020004
no_fix_then_ok,1,calibration,f20260909053_nominal,nominal,6.789418054335696,0.3816843681757832,0.0967048664015352,0.19999980000020004
no_fix_then_ok,1,calibration,f20260909101_spoof,spoof,8.499063772308062,0.41662321249916184,0.10174957369274029,0.19999980000020004
no_fix_then_ok,1,calibration,f20260909102_spoof,spoof,23.069209542540786,0.45317202563411524,0.2583007829197904,0.19999980000020004
no_fix_then_ok,1,calibration,f20260909104_spoof,spoof,7.4971841163109705,0.38786902123483047,0.205688175030024,0.19999980000020004
no_fix_then_ok,1,calibration,f20260909107_spoof,spoof,12.3495181110708,0.4670147291963765,0.1341546103165997,0.19999980000020004
no_fix_then_ok,1,calibration,f20260909108_spoof,spoof,29.540933047414608,0.5192759737689698,0.07239770499323073,0.19999980000020004
no_fix_then_ok,1,calibration,f20260909112_spoof,spoof,10.704329293982237,0.41025766759359467,0.1837678164209171,0.19999980000020004
no_fix_then_ok,1,calibration,f20260909117_spoof,spoof,15.394977972564222,0.43988335894669034,0.1074977369729625,0.19999980000020004
no_fix_then_ok,1,calibration,f20260909118_spoof,spoof,31.3578153102054,0.49489380448586096,0.026463499877311003,0.19999980000020004
no_fix_then_ok,1,calibration,f20260909121_spoof,spoof,13.37761155765974,0.4462053764481025,0.38939442354702114,0.19999980000020004
no_fix_then_ok,1,calibration,f20260909122_spoof,spoof,13.826276955694398,0.408699958393349,0.19620187962477964,0.19999980000020004
no_fix_then_ok,1,calibration,f20260909127_spoof,spoof,16.44178065862084,0.44983129397735877,0.16183009675623417,0.19999980000020004
no_fix_then_ok,1,calibration,f20260909132_spoof,spoof,6.22803568717548,0.35400129026452526,0.44313812530418384,0.19999980000020004
no_fix_then_ok,1,calibration,f20260909134_spoof,spoof,6.979201946830094,0.40860936332338893,0.25726710657108864,0.19999980000020004
no_fix_then_ok,1,calibration,f20260909135_spoof,spoof,4.532229747480129,0.3535500387970676,0.24981767227572227,0.19999980000020004
no_fix_then_ok,1,calibration,f20260909139_spoof,spoof,7.827874436144978,0.4027203034145881,0.27225454453740594,0.19999980000020004
no_fix_then_ok,1,calibration,f20260909142_spoof,spoof,13.46880448673171,0.432030810101114,0.0350268002149291,0.19999980000020004
no_fix_then_ok,1,calibration,f20260909143_spoof,spoof,5.4380148676222,0.3863238889322141,0.5392098671825731,0.19999980000020004
no_fix_then_ok,1,calibration,f20260909150_spoof,spoof,10.437496726823058,0.42983857863225244,0.33691054216831395,0.19999980000020004
no_fix_then_ok,1,calibration,f20260909151_spoof,spoof,21.344158976997054,0.5111795999749507,0.026490081852436953,0.19999980000020004
no_fix_then_ok,1,calibration,f20260909159_spoof,spoof,10.871102623195405,0.4134003880479591,0.0457769892501082,0.19999980000020004
no_fix_then_ok,1,calibration,f20260909201_gps_degrade,gps_degrade,16.106407770112792,0.47976470529120946,0.04688054994570434,0.9999990000010001
no_fix_then_ok,1,calibration,f20260909204_gps_degrade,gps_degrade,22.087638230368437,0.5372462879268358,0.004944480258994632,0.9999990000010001
no_fix_then_ok,1,calibration,f20260909205_gps_degrade,gps_degrade,63.36156806568831,0.5264213407810413,0.001377315063283202,0.19999980000020004
no_fix_then_ok,1,calibration,f20260909210_gps_degrade,gps_degrade,24.183905731143046,0.5432923845985862,0.028441048441163463,0.9999990000010001
no_fix_then_ok,1,calibration,f20260909213_gps_degrade,gps_degrade,17.725721371428772,0.4874880118100031,0.0638645876272218,0.9999990000010001
no_fix_then_ok,1,calibration,f20260909215_gps_degrade,gps_degrade,23.450973785545287,0.5223729078937402,0.030484962806808458,0.9999990000010001
no_fix_then_ok,1,calibration,f20260909218_gps_degrade,gps_degrade,29.916729423414065,0.547772344464404,0.0038022623831281965,0.9999990000010001
no_fix_then_ok,1,calibration,f20260909219_gps_degrade,gps_degrade,16.444793213035283,0.47863381889686263,0.07300835442046594,0.9999990000010001
no_fix_then_ok,1,calibration,f20260909222_gps_degrade,gps_degrade,19.180277894238337,0.5183669281569494,0.35178919636558503,0.19999980000020004
no_fix_then_ok,1,calibration,f20260909226_gps_degrade,gps_degrade,23.56265123683718,0.5275905747296591,0.036666583378395456,0.19999980000020004
no_fix_then_ok,1,calibration,f20260909228_gps_degrade,gps_degrade,18.301283586780606,0.5341988730083082,0.041997998296547934,0.19999980000020004
no_fix_then_ok,1,calibration,f20260909230_gps_degrade,gps_degrade,51.14408097866513,0.5933027373031732,0.0011661891652477996,0.19999980000020004
no_fix_then_ok,1,calibration,f20260909231_gps_degrade,gps_degrade,18.056763290138655,0.5130811018843316,0.00736890379446542,0.9999990000010001
no_fix_then_ok,1,calibration,f20260909232_gps_degrade,gps_degrade,29.446515424103033,0.5329405075503266,0.014036336016066242,0.9999990000010001
no_fix_then_ok,1,calibration,f20260909233_gps_degrade,gps_degrade,23.09566853843574,0.5336531220479857,0.021664354960326815,0.9999990000010001
no_fix_then_ok,1,calibration,f20260909235_gps_degrade,gps_degrade,56.02444063437812,0.5530058486465811,0.007881207060372653,0.19999980000020004
no_fix_then_ok,1,calibration,f20260909236_gps_degrade,gps_degrade,18.487317004468615,0.5128206222292395,0.024958720153155034,0.9999990000010001
no_fix_then_ok,1,calibration,f20260909247_gps_degrade,gps_degrade,18.488727363274077,0.47821558805164693,0.10240594059638186,0.9999990000010001
no_fix_then_ok,1,calibration,f20260909248_gps_degrade,gps_degrade,29.524754134678417,0.5307964490463276,0.005439621301987718,0.19999980000020004
no_fix_then_ok,1,calibration,f20260909257_gps_degrade,gps_degrade,20.641042262074855,0.4849974974659732,0.07586569193866977,0.19999980000020004
no_fix_then_ok,1,calibration,f20260909302_sensor_fault,sensor_fault,60.69183987008302,0.519242269470278,0.006904372506281842,0.9999990000010001
no_fix_then_ok,1,calibration,f20260909303_sensor_fault,sensor_fault,18.676345555640392,0.4681615826790317,0.023963440470209485,0.9999990000010001
no_fix_then_ok,1,calibration,f20260909306_sensor_fault,sensor_fault,18.13487270721368,0.4354020280329029,0.13056393370270947,0.9999990000010001
no_fix_then_ok,1,calibration,f20260909308_sensor_fault,sensor_fault,14.116225077019282,0.4662102014939199,0.030422240440542536,0.9999990000010001
no_fix_then_ok,1,calibration,f20260909311_sensor_fault,sensor_fault,16.648257405461553,0.46379341868094054,0.0034006936690630374,0.9999990000010001
no_fix_then_ok,1,calibration,f20260909315_sensor_fault,sensor_fault,11.449076179509717,0.4604562046151594,0.029198880063912136,0.9999990000010001
no_fix_then_ok,1,calibration,f20260909320_sensor_fault,sensor_fault,14.070092485344386,0.4463410868452375,0.02497100510300243,0.9999990000010001
no_fix_then_ok,1,calibration,f20260909324_sensor_fault,sensor_fault,13.811391821222125,0.4388909849527909,0.037547743657116994,0.9999990000010001
no_fix_then_ok,1,calibration,f20260909330_sensor_fault,sensor_fault,16.549558121109197,0.4275597334068713,0.19497576328229294,0.8399991600008401
no_fix_then_ok,1,calibration,f20260909337_sensor_fault,sensor_fault,9.630326487684904,0.4488295052736223,0.012336922893262936,0.9999990000010001
no_fix_then_ok,1,calibration,f20260909339_sensor_fault,sensor_fault,20.30018268114928,0.4829237928057723,0.512296118709684,0.71999928000072
no_fix_then_ok,1,calibration,f20260909343_sensor_fault,sensor_fault,21.50428404878141,0.4882258716680551,0.004377045537230728,0.9999990000010001
no_fix_then_ok,1,calibration,f20260909344_sensor_fault,sensor_fault,74.62565571983319,0.5019620824493576,0.010405155475592731,0.9999990000010001
no_fix_then_ok,1,calibration,f20260909345_sensor_fault,sensor_fault,14.69672093373022,0.4571441260788853,0.01743347939851647,0.9999990000010001
no_fix_then_ok,1,calibration,f20260909346_sensor_fault,sensor_fault,13.966554889777658,0.4560140081682692,0.06046563300684149,0.9999990000010001
no_fix_then_ok,1,calibration,f20260909347_sensor_fault,sensor_fault,13.354843954335195,0.4752748353280212,0.007026487809166038,0.9999990000010001
no_fix_then_ok,1,calibration,f20260909352_sensor_fault,sensor_fault,23.52698663534196,0.45524891899279274,0.2048439689060363,0.9999990000010001
no_fix_then_ok,1,calibration,f20260909354_sensor_fault,sensor_fault,15.963996925387198,0.4415608564427918,0.07787501768930072,0.9999990000010001
no_fix_then_ok,1,calibration,f20260909355_sensor_fault,sensor_fault,24.042913656440152,0.42548210597957503,0.2497692626951401,0.9999990000010001
no_fix_then_ok,1,calibration,f20260909356_sensor_fault,sensor_fault,18.56164709215281,0.4350971210337883,0.16801737492288005,0.9199990800009201
no_fix_then_ok,2,seen_test,f20260909200_gps_degrade,gps_degrade,17.895640272654752,0.4793464287081692,0.012194600295483582,0.9999990000010001
no_fix_then_ok,2,seen_test,f20260909202_gps_degrade,gps_degrade,15.644055477656902,0.4541126821100177,0.06630903330020599,0.9999990000010001
no_fix_then_ok,2,seen_test,f20260909203_gps_degrade,gps_degrade,13.499542564144505,0.4814543828912379,0.008125630323986499,0.9999990000010001
no_fix_then_ok,2,seen_test,f20260909206_gps_degrade,gps_degrade,17.58799077290721,0.4826310974904877,0.020312307014726527,0.9999990000010001
no_fix_then_ok,2,seen_test,f20260909211_gps_degrade,gps_degrade,28.573827206284648,0.5448902858519663,0.003654718824417813,0.19999980000020004
no_fix_then_ok,2,seen_test,f20260909213_gps_degrade,gps_degrade,17.60317689080635,0.43432505519899983,0.08590813918124274,0.9999990000010001
no_fix_then_ok,2,seen_test,f20260909217_gps_degrade,gps_degrade,19.5431768484087,0.4856376505985221,0.03569635002155991,0.19999980000020004
no_fix_then_ok,2,seen_test,f20260909218_gps_degrade,gps_degrade,24.23341406694328,0.5073603098637731,0.007724911864973816,0.9999990000010001
no_fix_then_ok,2,seen_test,f20260909226_gps_degrade,gps_degrade,18.064916014577182,0.491572878936412,0.05026865757062382,0.19999980000020004
no_fix_then_ok,2,seen_test,f20260909231_gps_degrade,gps_degrade,18.23416753517912,0.46067031144398085,0.01206589789119139,0.9999990000010001
no_fix_then_ok,2,seen_test,f20260909234_gps_degrade,gps_degrade,13.759481215914532,0.45149415439516416,0.06500619825623954,0.9999990000010001
no_fix_then_ok,2,seen_test,f20260909235_gps_degrade,gps_degrade,64.04029341446176,0.5325547523827946,0.0013361282021273624,0.19999980000020004
no_fix_then_ok,2,seen_test,f20260909236_gps_degrade,gps_degrade,18.741918109867566,0.4576897409440183,0.024977266852933555,0.9999990000010001
no_fix_then_ok,2,seen_test,f20260909238_gps_degrade,gps_degrade,24.852031767787786,0.5149953170919606,0.0036698094249633106,0.19999980000020004
no_fix_then_ok,2,seen_test,f20260909239_gps_degrade,gps_degrade,110.41836449238465,0.5716851838391374,0.00015056543461933192,0.19999980000020004
no_fix_then_ok,2,seen_test,f20260909240_gps_degrade,gps_degrade,15.962641480515767,0.46574497849321234,0.01000741091509294,0.9999990000010001
no_fix_then_ok,2,seen_test,f20260909242_gps_degrade,gps_degrade,26.865185968769097,0.5126417941593865,0.003953046512496283,0.19999980000020004
no_fix_then_ok,2,seen_test,f20260909252_gps_degrade,gps_degrade,20.85779900287529,0.4702729133478532,0.12311287531060933,0.19999980000020004
no_fix_then_ok,2,seen_test,f20260909254_gps_degrade,gps_degrade,13.777935246544569,0.4898096849712696,0.004793278978704851,0.9999990000010001
no_fix_then_ok,2,seen_test,f20260909255_gps_degrade,gps_degrade,13.443563397025033,0.4460397166912818,0.04128421220705436,0.9999990000010001
no_fix_then_ok,2,unseen,f103716604252706_gps_degrade,gps_degrade,5.406846572690772e+18,0.452370053086543,0.04425390795782891,1000000.0
no_fix_then_ok,2,unseen,f105048958709988_gps_degrade,gps_degrade,5.406846572690772e+18,0.42395876702137264,0.39653698733457543,1000000.0
no_fix_then_ok,2,unseen,f115936881981907_gps_degrade,gps_degrade,5.406846572690772e+18,0.44300444199269945,0.06711595281584015,1000000.0
no_fix_then_ok,2,unseen,f125406956954866_gps_degrade,gps_degrade,5.406846572690772e+18,0.47143258618286216,0.12424785501874835,1000000.0
no_fix_then_ok,2,unseen,f137476638112559_gps_degrade,gps_degrade,5.406846572690772e+18,0.46525637049976626,0.04840944804282199,1000000.0
no_fix_then_ok,2,unseen,f138645354163671_gps_degrade,gps_degrade,5.406846572690772e+18,0.5296330810737377,0.004385884321042921,1000000.0
no_fix_then_ok,2,unseen,f148656514407084_gps_degrade,gps_degrade,5.406846572690772e+18,0.4136898493973647,0.36754580347764176,1000000.0
no_fix_then_ok,2,unseen,f152849246098291_gps_degrade,gps_degrade,5.406846572690772e+18,0.4439999756747453,0.0629856808504542,1000000.0
no_fix_then_ok,2,unseen,f153363458695622_gps_degrade,gps_degrade,5.406846572690772e+18,0.47192602648395165,0.03484049396250921,1000000.0
no_fix_then_ok,2,unseen,f154051046525415_gps_degrade,gps_degrade,5.406846572690772e+18,0.47010332971522956,0.019778802994710243,1000000.0
no_fix_then_ok,2,unseen,f157545489308718_gps_degrade,gps_degrade,5.406846572690772e+18,0.446177541663705,0.05603291281831135,1000000.0
no_fix_then_ok,2,unseen,f162578072652318_gps_degrade,gps_degrade,5.406846572690772e+18,0.4794649135750392,0.03264693968341292,1000000.0
no_fix_then_ok,2,unseen,f164363336037972_gps_degrade,gps_degrade,5.406846572690772e+18,0.470994104815985,0.021086253188693282,1000000.0
no_fix_then_ok,2,unseen,f179117136627038_gps_degrade,gps_degrade,5.406846572690772e+18,0.4113396782670647,0.5062789258232445,1000000.0
no_fix_then_ok,2,unseen,f179243424651613_gps_degrade,gps_degrade,5.406846572690772e+18,0.42114941459133537,0.3565829765553754,1000000.0
no_fix_then_ok,2,unseen,f187049508766390_gps_degrade,gps_degrade,5.406846572690772e+18,0.4276402868040512,0.3274781997780566,1000000.0
no_fix_then_ok,2,unseen,f198225816701839_gps_degrade,gps_degrade,5.406846572690772e+18,0.4902382398091935,0.028756906579561647,1000000.0
no_fix_then_ok,2,unseen,f210080082905703_gps_degrade,gps_degrade,5.406846572690772e+18,0.4673705273606597,0.034770048286420385,1000000.0
no_fix_then_ok,2,unseen,f214099286138893_gps_degrade,gps_degrade,5.406846572690772e+18,0.4220534529070834,0.27549590969537907,1000000.0
no_fix_then_ok,2,unseen,f251496856152582_gps_degrade,gps_degrade,5.406846572690772e+18,0.4790096866838846,0.029465172497665226,1000000.0
no_fix_then_ok,2,unseen,f267926232552533_gps_degrade,gps_degrade,5.406846572690772e+18,0.4296679640392666,0.07914610263825705,1000000.0
no_fix_then_ok,2,unseen,f272722099923160_gps_degrade,gps_degrade,5.406846572690772e+18,0.4231479902701638,0.16483723681093465,1000000.0
no_fix_then_ok,2,unseen,f27414466462551_gps_degrade,gps_degrade,5.406846572690772e+18,0.44709306051941705,0.09152750419339051,1000000.0
no_fix_then_ok,2,unseen,f36042457135056_gps_degrade,gps_degrade,5.406846572690772e+18,0.434939793666617,0.11619823144958563,1000000.0
no_fix_then_ok,2,unseen,f38329162600154_gps_degrade,gps_degrade,5.406846572690772e+18,0.5541091806765455,0.0009757938565799762,1000000.0
no_fix_then_ok,2,unseen,f45889653030206_gps_degrade,gps_degrade,5.406846572690772e+18,0.4999241237299289,0.011713971356358877,1000000.0
no_fix_then_ok,2,unseen,f52087898353843_gps_degrade,gps_degrade,5.406846572690772e+18,0.5331492255765181,0.0019827745162908084,1000000.0
no_fix_then_ok,2,unseen,f7925275977104_gps_degrade,gps_degrade,5.406846572690772e+18,0.43946690214287987,0.19904978946013718,1000000.0
no_fix_then_ok,2,unseen,f80546156924787_gps_degrade,gps_degrade,5.406846572690772e+18,0.4932165502747055,0.010500829916602394,1000000.0
no_fix_then_ok,2,unseen,f89695495040802_gps_degrade,gps_degrade,5.406846572690772e+18,0.44926271096122955,0.04061596246938681,1000000.0
no_fix_then_ok,2,calibration,f20260909002_nominal,nominal,5.267291444341484,0.35550216439934046,0.3500002186981932,0.19999980000020004
no_fix_then_ok,2,calibration,f20260909005_nominal,nominal,7.120699812643557,0.38035269126020943,0.5155171561581142,0.19999980000020004
no_fix_then_ok,2,calibration,f20260909011_nominal,nominal,4.281661799043113,0.3666915465842161,0.48835634468861877,0.19999980000020004
no_fix_then_ok,2,calibration,f20260909012_nominal,nominal,3.8656729686895637,0.35910104531729325,0.19310183354145882,0.19999980000020004
no_fix_then_ok,2,calibration,f20260909014_nominal,nominal,3.199899752411387,0.36548805104098664,0.39668318610030906,0.19999980000020004
no_fix_then_ok,2,calibration,f20260909015_nominal,nominal,4.86747116489046,0.3671372555414765,0.08075851777569965,0.19999980000020004
no_fix_then_ok,2,calibration,f20260909017_nominal,nominal,3.6889492776340296,0.3620966138332842,0.10460270966808494,0.19999980000020004
no_fix_then_ok,2,calibration,f20260909019_nominal,nominal,8.55220864707809,0.4136866949218684,0.5174184115767594,0.19999980000020004
no_fix_then_ok,2,calibration,f20260909020_nominal,nominal,3.4993841361670595,0.35697660132381986,0.23807560404921813,0.19999980000020004
no_fix_then_ok,2,calibration,f20260909022_nominal,nominal,5.697075563868775,0.3696657645760022,0.05312831366854853,0.19999980000020004
no_fix_then_ok,2,calibration,f20260909023_nominal,nominal,4.917678517787357,0.37120133517104087,0.17424817265732773,0.19999980000020004
no_fix_then_ok,2,calibration,f20260909033_nominal,nominal,5.068058407944502,0.3571345355168539,0.5031106827977802,0.19999980000020004
no_fix_then_ok,2,calibration,f20260909038_nominal,nominal,3.3138537222669067,0.3509387886107473,0.11219860048870478,0.19999980000020004
no_fix_then_ok,2,calibration,f20260909046_nominal,nominal,3.04757615334386,0.36230805797063964,0.1402264244631014,0.19999980000020004
no_fix_then_ok,2,calibration,f20260909047_nominal,nominal,5.518127364620164,0.3488214154601266,0.25031442835886697,0.19999980000020004
no_fix_then_ok,2,calibration,f20260909048_nominal,nominal,5.946505317568347,0.3576015798081157,0.4046865951508225,0.19999980000020004
no_fix_then_ok,2,calibration,f20260909049_nominal,nominal,7.304717844084888,0.3738773042894802,0.26648288937145714,0.19999980000020004
no_fix_then_ok,2,calibration,f20260909053_nominal,nominal,4.698613094225702,0.3558176115579176,0.5006739718650897,0.19999980000020004
no_fix_then_ok,2,calibration,f20260909056_nominal,nominal,3.9683127107991507,0.3580765138945375,0.12419115340740028,0.19999980000020004
no_fix_then_ok,2,calibration,f20260909059_nominal,nominal,5.621169179693449,0.3677985559832758,0.06446479835146846,0.19999980000020004
no_fix_then_ok,2,calibration,f20260909102_spoof,spoof,6.010100079299067,0.3714189727122221,0.31260941315207946,0.19999980000020004
no_fix_then_ok,2,calibration,f20260909103_spoof,spoof,7.8389521701412335,0.40210120408336025,0.21926133027161276,0.19999980000020004
no_fix_then_ok,2,calibration,f20260909111_spoof,spoof,12.781606891972935,0.3745184859984653,0.36270534286450307,0.19999980000020004
no_fix_then_ok,2,calibration,f20260909121_spoof,spoof,8.653713559678591,0.3811258806640946,0.36167825500370276,0.19999980000020004
no_fix_then_ok,2,calibration,f20260909123_spoof,spoof,3.6323452599144317,0.35399413450341904,0.301147930146172,0.19999980000020004
no_fix_then_ok,2,calibration,f20260909125_spoof,spoof,11.625111691353576,0.4298188150895467,0.17343500890702135,0.19999980000020004
no_fix_then_ok,2,calibration,f20260909126_spoof,spoof,7.66090694302324,0.41770836161662067,0.22127147774731637,0.19999980000020004
no_fix_then_ok,2,calibration,f20260909128_spoof,spoof,24.384322723317844,0.4797539944255814,0.06151647753845668,0.19999980000020004
no_fix_then_ok,2,calibration,f20260909131_spoof,spoof,12.51910515211608,0.41001373643424127,0.505419594102668,0.19999980000020004
no_fix_then_ok,2,calibration,f20260909136_spoof,spoof,10.556167412310938,0.43516171092578854,0.17363562654829034,0.19999980000020004
no_fix_then_ok,2,calibration,f20260909137_spoof,spoof,6.128376184560431,0.3994704658214452,0.18784779121073814,0.19999980000020004
no_fix_then_ok,2,calibration,f20260909140_spoof,spoof,6.284911863731053,0.413506779059902,0.19359598652820453,0.19999980000020004
no_fix_then_ok,2,calibration,f20260909141_spoof,spoof,11.558670535944795,0.4469590724795816,0.23911291904668186,0.19999980000020004
no_fix_then_ok,2,calibration,f20260909145_spoof,spoof,6.4267235964511515,0.40990380413017286,0.22244224376014132,0.19999980000020004
no_fix_then_ok,2,calibration,f20260909146_spoof,spoof,9.07076368955548,0.43746473707430883,0.21906246515361028,0.19999980000020004
no_fix_then_ok,2,calibration,f20260909149_spoof,spoof,14.432722215555437,0.4388232702461227,0.1256774199987235,0.19999980000020004
no_fix_then_ok,2,calibration,f20260909151_spoof,spoof,13.312325981332489,0.47164799536444424,0.11960543804518109,0.19999980000020004
no_fix_then_ok,2,calibration,f20260909154_spoof,spoof,5.541180375677733,0.38260682581091754,0.34863781350262824,0.19999980000020004
no_fix_then_ok,2,calibration,f20260909155_spoof,spoof,8.156888914842675,0.3894759784618191,0.27707108637143074,0.19999980000020004
no_fix_then_ok,2,calibration,f20260909158_spoof,spoof,11.329392268653475,0.42780003610862516,0.12875936585902203,0.19999980000020004
no_fix_then_ok,2,calibration,f20260909201_gps_degrade,gps_degrade,16.35803093441254,0.44436019849950026,0.0633496409710842,0.9999990000010001
no_fix_then_ok,2,calibration,f20260909204_gps_degrade,gps_degrade,20.35783946636429,0.498592305127745,0.005488994273721293,0.9999990000010001
no_fix_then_ok,2,calibration,f20260909205_gps_degrade,gps_degrade,20.383266050975685,0.5022653669813992,0.006784474580470601,0.19999980000020004
no_fix_then_ok,2,calibration,f20260909207_gps_degrade,gps_degrade,32.07219310108503,0.5646501841930592,0.0011083420981363723,0.19999980000020004
no_fix_then_ok,2,calibration,f20260909209_gps_degrade,gps_degrade,17.766480960472958,0.46637440270776415,0.043977048338112446,0.9999990000010001
no_fix_then_ok,2,calibration,f20260909215_gps_degrade,gps_degrade,12.677785017063927,0.4415131643617336,0.030021571732244512,0.9999990000010001
no_fix_then_ok,2,calibration,f20260909219_gps_degrade,gps_degrade,17.004523310457017,0.4386587290493615,0.09816094797135833,0.9999990000010001
no_fix_then_ok,2,calibration,f20260909222_gps_degrade,gps_degrade,16.432901263789475,0.48164732105960295,0.10372119830757776,0.19999980000020004
no_fix_then_ok,2,calibration,f20260909224_gps_degrade,gps_degrade,18.776663234721784,0.497878049263516,0.028711930705851874,0.9999990000010001
no_fix_then_ok,2,calibration,f20260909225_gps_degrade,gps_degrade,14.606674818359084,0.4694715231104325,0.04184108138607401,0.9999990000010001
no_fix_then_ok,2,calibration,f20260909227_gps_degrade,gps_degrade,24.60548578979113,0.5115435770445118,0.02230734184044947,0.19999980000020004
no_fix_then_ok,2,calibration,f20260909228_gps_degrade,gps_degrade,24.23398651891492,0.5382206148224434,0.03256956873644268,0.19999980000020004
no_fix_then_ok,2,calibration,f20260909232_gps_degrade,gps_degrade,18.438291215443602,0.46908262467918616,0.0135478431424646,0.9999990000010001
no_fix_then_ok,2,calibration,f20260909233_gps_degrade,gps_degrade,22.162157403208976,0.4938036633182347,0.028787923408566285,0.9999990000010001
no_fix_then_ok,2,calibration,f20260909241_gps_degrade,gps_degrade,13.94216404594771,0.48442100096533647,0.018071339930136876,0.19999980000020004
no_fix_then_ok,2,calibration,f20260909243_gps_degrade,gps_degrade,19.31706864406649,0.4869996671643373,0.07963679529655088,0.19999980000020004
no_fix_then_ok,2,calibration,f20260909244_gps_degrade,gps_degrade,18.38097339835951,0.4817958605287134,0.042769978023304955,0.19999980000020004
no_fix_then_ok,2,calibration,f20260909245_gps_degrade,gps_degrade,16.33486322994071,0.4564599988549765,0.020816620648251405,0.9999990000010001
no_fix_then_ok,2,calibration,f20260909247_gps_degrade,gps_degrade,26.4065355791689,0.48921332868409273,0.14589047182638093,0.9999990000010001
no_fix_then_ok,2,calibration,f20260909256_gps_degrade,gps_degrade,12.81840650662343,0.427527864180569,0.36636400773224975,0.19999980000020004
no_fix_then_ok,2,calibration,f20260909302_sensor_fault,sensor_fault,77.49630028390536,0.5589008193631742,0.0007503007138174311,0.9999990000010001
no_fix_then_ok,2,calibration,f20260909303_sensor_fault,sensor_fault,24.186043876064986,0.4702898919905164,0.005507160771781039,0.9999990000010001
no_fix_then_ok,2,calibration,f20260909304_sensor_fault,sensor_fault,19.113273691831974,0.49063489701201507,0.002503715285209651,0.9999990000010001
no_fix_then_ok,2,calibration,f20260909315_sensor_fault,sensor_fault,13.445286471854905,0.4895441632074028,0.0060614283127528035,0.9999990000010001
no_fix_then_ok,2,calibration,f20260909316_sensor_fault,sensor_fault,18.9034056012472,0.5030599571742891,0.006140652920049505,0.9999990000010001
no_fix_then_ok,2,calibration,f20260909319_sensor_fault,sensor_fault,12.643926639685708,0.421784855689292,0.11246312269831837,0.9999990000010001
no_fix_then_ok,2,calibration,f20260909322_sensor_fault,sensor_fault,20.11941896779806,0.506485671661679,0.0013333777717822182,0.9999990000010001
no_fix_then_ok,2,calibration,f20260909326_sensor_fault,sensor_fault,15.095356308406654,0.5212295471098515,0.005456425309784296,0.9999990000010001
no_fix_then_ok,2,calibration,f20260909327_sensor_fault,sensor_fault,100.520885575603,0.5292977648927969,0.00013247124546256206,0.9999990000010001
no_fix_then_ok,2,calibration,f20260909331_sensor_fault,sensor_fault,35.83165726215315,0.4628740047141512,0.09740019656689725,0.9999990000010001
no_fix_then_ok,2,calibration,f20260909333_sensor_fault,sensor_fault,14.506652746141649,0.4352916051432158,0.08104314816435332,0.9999990000010001
no_fix_then_ok,2,calibration,f20260909335_sensor_fault,sensor_fault,11.490918902700374,0.4497241600563337,0.019006440394611857,0.9999990000010001
no_fix_then_ok,2,calibration,f20260909336_sensor_fault,sensor_fault,15.478368376656727,0.4325025032374675,0.08854207263172165,0.9999990000010001
no_fix_then_ok,2,calibration,f20260909337_sensor_fault,sensor_fault,16.075899599009166,0.4797347956986129,0.0028492013832857044,0.9999990000010001
no_fix_then_ok,2,calibration,f20260909339_sensor_fault,sensor_fault,16.91293794601457,0.47014217465787494,0.3457944682857592,0.71999928000072
no_fix_then_ok,2,calibration,f20260909341_sensor_fault,sensor_fault,24.830707308448456,0.5333166841465499,0.0021633779798546637,0.9999990000010001
no_fix_then_ok,2,calibration,f20260909344_sensor_fault,sensor_fault,85.80308927692111,0.5200757052807099,0.01629741098903259,0.9999990000010001
no_fix_then_ok,2,calibration,f20260909345_sensor_fault,sensor_fault,17.84375818237424,0.48054321668924155,0.019248369710720636,0.9999990000010001
no_fix_then_ok,2,calibration,f20260909350_sensor_fault,sensor_fault,17.09307500357031,0.4241297786347945,0.3597073233053161,0.47999952000048
no_fix_then_ok,2,calibration,f20260909351_sensor_fault,sensor_fault,10.585843531527129,0.48173255896911915,0.02092991074106565,0.9999990000010001
off_then_ok,0,seen_test,f115936881981907_gps_degrade,gps_degrade,21.384141891369687,0.5027135944026516,0.04744119253491286,0.9999990000010001
off_then_ok,0,seen_test,f125406956954866_gps_degrade,gps_degrade,20.74302549864766,0.49858718886881154,0.032594046822197464,0.9999990000010001
off_then_ok,0,seen_test,f152849246098291_gps_degrade,gps_degrade,22.956258733028296,0.479607986215242,0.036075362043819226,0.9999990000010001
off_then_ok,0,seen_test,f153363458695622_gps_degrade,gps_degrade,20.118468066214565,0.522179630968979,0.010777922276948515,0.9999990000010001
off_then_ok,0,seen_test,f187049508766390_gps_degrade,gps_degrade,19.470758281720176,0.45507941406084396,0.05964355367060015,0.9999990000010001
off_then_ok,0,seen_test,f198225816701839_gps_degrade,gps_degrade,21.512118687743403,0.4967044884624771,0.007775445088920363,0.9999990000010001
off_then_ok,0,seen_test,f20260909205_gps_degrade,gps_degrade,19.74092123052386,0.5211259731307915,0.01844972590563765,0.999987500156248
off_then_ok,0,seen_test,f20260909208_gps_degrade,gps_degrade,19.418648125401454,0.48667809069729717,0.1071547509913352,0.999987500156248
off_then_ok,0,seen_test,f20260909227_gps_degrade,gps_degrade,16.948685377319613,0.5157965735945104,0.02286520250415236,0.999987500156248
off_then_ok,0,seen_test,f20260909230_gps_degrade,gps_degrade,123.75826899716158,0.563091139654382,0.00047430800351100366,0.999987500156248
off_then_ok,0,seen_test,f20260909243_gps_degrade,gps_degrade,26.5244244994071,0.5160627360866474,0.03138899677543372,0.999987500156248
off_then_ok,0,seen_test,f20260909244_gps_degrade,gps_degrade,23.213602115882484,0.49141502504779416,0.06548561134088848,0.999987500156248
off_then_ok,0,seen_test,f20260909246_gps_degrade,gps_degrade,110.96061644000397,0.5854335332133219,0.0008360515661627321,0.999987500156248
off_then_ok,0,seen_test,f20260909251_gps_degrade,gps_degrade,19.38110886344643,0.5040065540298877,0.010200529351373055,0.999987500156248
off_then_ok,0,seen_test,f20260909252_gps_degrade,gps_degrade,48.10624051866458,0.5151269124168815,0.022051705063629856,0.999987500156248
off_then_ok,0,seen_test,f267926232552533_gps_degrade,gps_degrade,24.213768245357375,0.485684774364975,0.025122347757791097,0.9999990000010001
off_then_ok,0,seen_test,f272722099923160_gps_degrade,gps_degrade,21.94610086405317,0.4851946950884991,0.05537470805434819,0.9999990000010001
off_then_ok,0,seen_test,f27414466462551_gps_degrade,gps_degrade,24.95163133131096,0.5115004411900317,0.029853262039165385,0.9999990000010001
off_then_ok,0,seen_test,f45889653030206_gps_degrade,gps_degrade,25.31648857286112,0.5316642913980296,0.008237568770401382,0.9999990000010001
off_then_ok,0,seen_test,f7925275977104_gps_degrade,gps_degrade,23.48079278771253,0.4986841687717785,0.031886167892563155,0.9999990000010001
off_then_ok,0,unseen,f20260909200_gps_degrade,gps_degrade,4.536754707350156e+18,0.45764515876168227,0.08615470645389889,12.499843751953101
off_then_ok,0,unseen,f20260909201_gps_degrade,gps_degrade,4.536754707350156e+18,0.42440516742312895,0.42308043136963425,12.499843751953101
off_then_ok,0,unseen,f20260909202_gps_degrade,gps_degrade,4.536754707350156e+18,0.4293113505652463,0.20606456763159753,12.499843751953101
off_then_ok,0,unseen,f20260909203_gps_degrade,gps_degrade,4.536754707350156e+18,0.46890365609428136,0.1006744774816728,12.499843751953101
off_then_ok,0,unseen,f20260909204_gps_degrade,gps_degrade,4.536754707350156e+18,0.4719843545818763,0.11999993131744024,12.499843751953101
off_then_ok,0,unseen,f20260909206_gps_degrade,gps_degrade,4.536754707350156e+18,0.47048381782292253,0.3679286360137126,12.499843751953101
off_then_ok,0,unseen,f20260909209_gps_degrade,gps_degrade,4.536754707350156e+18,0.4294315940777011,0.29960915081863915,12.499843751953101
off_then_ok,0,unseen,f20260909210_gps_degrade,gps_degrade,4.536754707350156e+18,0.48112885318669935,0.2271346292735329,12.499843751953101
off_then_ok,0,unseen,f20260909212_gps_degrade,gps_degrade,4.536754707350156e+18,0.47409943016861256,0.07350843515023209,12.499843751953101
off_then_ok,0,unseen,f20260909213_gps_degrade,gps_degrade,4.536754707350156e+18,0.4326653247376499,0.4406423427483033,12.499843751953101
off_then_ok,0,unseen,f20260909214_gps_degrade,gps_degrade,4.536754707350156e+18,0.5007317099297258,0.072434007731624,12.499843751953101
off_then_ok,0,unseen,f20260909215_gps_degrade,gps_degrade,4.536754707350156e+18,0.46104226012007354,0.3264843011257321,12.499843751953101
off_then_ok,0,unseen,f20260909216_gps_degrade,gps_degrade,4.536754707350156e+18,0.45731308396537634,0.3170196331095305,12.499843751953101
off_then_ok,0,unseen,f20260909218_gps_degrade,gps_degrade,4.536754707350156e+18,0.4855324952616672,0.08873550280820386,12.499843751953101
off_then_ok,0,unseen,f20260909219_gps_degrade,gps_degrade,4.536754707350156e+18,0.42743231373899826,0.4927837954826444,12.499843751953101
off_then_ok,0,unseen,f20260909220_gps_degrade,gps_degrade,4.536754707350156e+18,0.4562941723703765,0.16606148894443074,12.499843751953101
off_then_ok,0,unseen,f20260909224_gps_degrade,gps_degrade,4.536754707350156e+18,0.45817447039419834,0.23052470809370318,12.499843751953101
off_then_ok,0,unseen,f20260909225_gps_degrade,gps_degrade,4.536754707350156e+18,0.4622617037098109,0.26277875702600906,12.499843751953101
off_then_ok,0,unseen,f20260909229_gps_degrade,gps_degrade,4.536754707350156e+18,0.4292884218630724,0.5063633115469983,12.499843751953101
off_then_ok,0,unseen,f20260909231_gps_degrade,gps_degrade,4.536754707350156e+18,0.44833669257409453,0.19223042038794336,12.499843751953101
off_then_ok,0,unseen,f20260909232_gps_degrade,gps_degrade,4.536754707350156e+18,0.4623642452065624,0.20844615075646689,12.499843751953101
off_then_ok,0,unseen,f20260909233_gps_degrade,gps_degrade,4.536754707350156e+18,0.435761981731158,0.2906468233084454,12.499843751953101
off_then_ok,0,unseen,f20260909234_gps_degrade,gps_degrade,4.536754707350156e+18,0.4209741900501696,0.34095543929251926,12.499843751953101
off_then_ok,0,unseen,f20260909236_gps_degrade,gps_degrade,4.536754707350156e+18,0.43521519644167067,0.34355102112210134,12.499843751953101
off_then_ok,0,unseen,f20260909237_gps_degrade,gps_degrade,4.536754707350156e+18,0.5463678072846845,0.010247512421512561,12.499843751953101
off_then_ok,0,unseen,f20260909240_gps_degrade,gps_degrade,4.536754707350156e+18,0.45645521331352706,0.1477701457722902,12.499843751953101
off_then_ok,0,unseen,f20260909245_gps_degrade,gps_degrade,4.536754707350156e+18,0.43117611881889817,0.27160269536391135,12.499843751953101
off_then_ok,0,unseen,f20260909247_gps_degrade,gps_degrade,4.536754707350156e+18,0.43080316055339113,0.48503508585357646,12.499843751953101
off_then_ok,0,unseen,f20260909253_gps_degrade,gps_degrade,4.536754707350156e+18,0.4354428889182707,0.35091584541968024,12.499843751953101
off_then_ok,0,unseen,f20260909254_gps_degrade,gps_degrade,4.536754707350156e+18,0.45720040935305645,0.08224149669828851,12.499843751953101
off_then_ok,0,unseen,f20260909255_gps_degrade,gps_degrade,4.536754707350156e+18,0.4250876163587461,0.2895945971618369,12.499843751953101
off_then_ok,0,unseen,f20260909259_gps_degrade,gps_degrade,4.536754707350156e+18,0.445449224579608,0.13382418339455793,12.499843751953101
off_then_ok,0,calibration,f137476638112559_gps_degrade,gps_degrade,23.34864150831522,0.5069095073116519,0.017445062051060667,0.9999990000010001
off_then_ok,0,calibration,f148656514407084_gps_degrade,gps_degrade,18.808920731880885,0.4695918751639187,0.07844494288563109,0.9999990000010001
off_then_ok,0,calibration,f154051046525415_gps_degrade,gps_degrade,19.043533972751227,0.4982198559025354,0.010637774308667969,0.9999990000010001
off_then_ok,0,calibration,f157545489308718_gps_degrade,gps_degrade,21.566836621585168,0.5141691314989418,0.019712575084183337,0.9999990000010001
off_then_ok,0,calibration,f162578072652318_gps_degrade,gps_degrade,20.497189687825998,0.5257258917570252,0.010379310233964545,0.9999990000010001
off_then_ok,0,calibration,f164363336037972_gps_degrade,gps_degrade,19.463224101183524,0.5076330479236701,0.008348809723711992,0.9999990000010001
off_then_ok,0,calibration,f20260909000_nominal,nominal,4.237728274426907,0.35475557644845074,0.2714410486486408,0.999987500156248
off_then_ok,0,calibration,f20260909004_nominal,nominal,8.367269963954643,0.37695390035134474,0.22277224473998014,0.999987500156248
off_then_ok,0,calibration,f20260909005_nominal,nominal,10.16566701036232,0.37281163242824056,0.11164343592029446,0.999987500156248
off_then_ok,0,calibration,f20260909007_nominal,nominal,7.0046342045479175,0.35341586006244907,0.23973630442406513,0.999987500156248
off_then_ok,0,calibration,f20260909017_nominal,nominal,12.216676093691015,0.39127384409148575,0.061145453486110224,0.999987500156248
off_then_ok,0,calibration,f20260909021_nominal,nominal,4.865191570732184,0.38832811289465513,0.17866847082018333,0.999987500156248
off_then_ok,0,calibration,f20260909023_nominal,nominal,20.721453966062494,0.38725039978202347,0.14828313466184329,0.999987500156248
off_then_ok,0,calibration,f20260909024_nominal,nominal,13.400309004819817,0.39578209922236224,0.05668511602837245,0.999987500156248
off_then_ok,0,calibration,f20260909025_nominal,nominal,4.775147655923613,0.3629369815400048,0.43209651341572264,0.999987500156248
off_then_ok,0,calibration,f20260909026_nominal,nominal,4.78395263694314,0.3543960102603235,0.11575539854016659,0.999987500156248
off_then_ok,0,calibration,f20260909028_nominal,nominal,5.070315796748911,0.3487531647599974,0.1756042042240552,0.999987500156248
off_then_ok,0,calibration,f20260909032_nominal,nominal,5.042581985581775,0.36560054323323465,0.4457893258354986,0.999987500156248
off_then_ok,0,calibration,f20260909033_nominal,nominal,2.9012510743970403,0.34619249157351184,0.5172291052026312,0.999987500156248
off_then_ok,0,calibration,f20260909040_nominal,nominal,3.761687495084811,0.3530547610049554,0.24059093303797296,0.999987500156248
off_then_ok,0,calibration,f20260909045_nominal,nominal,5.745795867741298,0.35091788678362756,0.17769757693104382,0.999987500156248
off_then_ok,0,calibration,f20260909046_nominal,nominal,8.545822465211849,0.39164841518933846,0.06596832757077231,0.999987500156248
off_then_ok,0,calibration,f20260909048_nominal,nominal,3.429559060237916,0.3547012880171828,0.20857911737975698,0.999987500156248
off_then_ok,0,calibration,f20260909050_nominal,nominal,5.691809853796845,0.35610956179723946,0.22957056914320628,0.999987500156248
off_then_ok,0,calibration,f20260909056_nominal,nominal,6.01076683598539,0.35287382567282205,0.28718961484851024,0.999987500156248
off_then_ok,0,calibration,f20260909059_nominal,nominal,7.480319982650749,0.3681448388781579,0.10721727126778224,0.999987500156248
off_then_ok,0,calibration,f20260909100_spoof,spoof,8576095855104269.0,0.3885443009635969,0.13137898168384277,0.499993750078124
off_then_ok,0,calibration,f20260909102_spoof,spoof,6.295144110727204,0.3576044089613088,0.4917679562157108,0.999987500156248
off_then_ok,0,calibration,f20260909107_spoof,spoof,11.786811933997415,0.40330053856405124,0.04399896933202174,0.999987500156248
off_then_ok,0,calibration,f20260909108_spoof,spoof,577.9890973390644,0.5224469122581614,0.3210533393236732,0.999987500156248
off_then_ok,0,calibration,f20260909115_spoof,spoof,10.137264003915485,0.4288316344008004,0.23098736501256367,0.999987500156248
off_then_ok,0,calibration,f20260909118_spoof,spoof,44.678799489807375,0.4918878003597678,0.0069550317118313165,0.999987500156248
off_then_ok,0,calibration,f20260909120_spoof,spoof,4.882150605737756,0.38504508131204157,0.31248615054128226,0.999987500156248
off_then_ok,0,calibration,f20260909124_spoof,spoof,5.398368211208605,0.3809226284588685,0.4926445198435945,0.999987500156248
off_then_ok,0,calibration,f20260909126_spoof,spoof,6.667413680436412,0.39719697049546393,0.3604357346302933,0.999987500156248
off_then_ok,0,calibration,f20260909127_spoof,spoof,13.378171152073543,0.4358424147734629,0.4161364746108437,0.999987500156248
off_then_ok,0,calibration,f20260909130_spoof,spoof,50.81725176082784,0.5028500514145018,0.27958229727773964,0.999987500156248
off_then_ok,0,calibration,f20260909131_spoof,spoof,4.209662830793345,0.3667394490565107,0.49676439134398576,0.999987500156248
off_then_ok,0,calibration,f20260909136_spoof,spoof,7.740101404447332,0.4181665821913469,0.3878902823985544,0.999987500156248
off_then_ok,0,calibration,f20260909137_spoof,spoof,6.723277974219533,0.3871911934960098,0.4317490857299169,0.999987500156248
off_then_ok,0,calibration,f20260909138_spoof,spoof,5.07734553442794,0.3829559313521473,0.2694087137738671,0.999987500156248
off_then_ok,0,calibration,f20260909139_spoof,spoof,71.97587751604512,0.4373893563189175,0.23618433389721405,0.999987500156248
off_then_ok,0,calibration,f20260909143_spoof,spoof,3.8400725822824366,0.35333538324368385,0.515046764207662,0.999987500156248
off_then_ok,0,calibration,f20260909147_spoof,spoof,7.352011865946837,0.3668898918760446,0.2847438702819446,0.999987500156248
off_then_ok,0,calibration,f20260909148_spoof,spoof,8.167779081575201,0.3930449561057408,0.3325695086850383,0.999987500156248
off_then_ok,0,calibration,f20260909149_spoof,spoof,15.649478636934846,0.4223990691997965,0.1010405142477302,0.999987500156248
off_then_ok,0,calibration,f20260909221_gps_degrade,gps_degrade,16.934283401187248,0.4580541334924898,0.0939277437246061,0.999987500156248
off_then_ok,0,calibration,f20260909222_gps_degrade,gps_degrade,13.248287672964384,0.4513089760698909,0.12259850824013996,0.999987500156248
off_then_ok,0,calibration,f20260909226_gps_degrade,gps_degrade,22.769423494254212,0.5128128414942462,0.05370100923309018,0.999987500156248
off_then_ok,0,calibration,f20260909228_gps_degrade,gps_degrade,23.81788125471313,0.5549889055760072,0.05796796048681829,0.999987500156248
off_then_ok,0,calibration,f20260909235_gps_degrade,gps_degrade,54.78642646095269,0.5447324759974769,0.0018015396199639877,0.999987500156248
off_then_ok,0,calibration,f20260909238_gps_degrade,gps_degrade,26.4068817698454,0.5223836392252375,0.007785061879652333,0.999987500156248
off_then_ok,0,calibration,f20260909239_gps_degrade,gps_degrade,86.96967059700657,0.5790523668565941,0.00022140191188069203,0.999987500156248
off_then_ok,0,calibration,f20260909258_gps_degrade,gps_degrade,10.693283053701506,0.4412859448901276,0.4626862041824523,0.999987500156248
off_then_ok,0,calibration,f20260909305_sensor_fault,sensor_fault,22.505188782816838,0.5098180442780218,0.0019278197582216494,0.9999990000010001
off_then_ok,0,calibration,f20260909311_sensor_fault,sensor_fault,31.379255059895673,0.5045487611225872,0.0012292261520439052,0.9999990000010001
off_then_ok,0,calibration,f20260909313_sensor_fault,sensor_fault,18.284583541954817,0.41171298208858076,0.06608687960603288,0.999987500156248
off_then_ok,0,calibration,f20260909315_sensor_fault,sensor_fault,18.014611230302496,0.4772395119002962,0.005111938185591081,0.9999990000010001
off_then_ok,0,calibration,f20260909316_sensor_fault,sensor_fault,18.919496289204805,0.5099302542083308,0.005763157093468196,0.9999990000010001
off_then_ok,0,calibration,f20260909321_sensor_fault,sensor_fault,28.544472345535606,0.4932105399228632,0.0058100866920178795,0.9999990000010001
off_then_ok,0,calibration,f20260909324_sensor_fault,sensor_fault,18.727219900922627,0.4617081633349666,0.007531441559227359,0.9999990000010001
off_then_ok,0,calibration,f20260909325_sensor_fault,sensor_fault,13.467285928307858,0.4711444275936595,0.004263961675927019,0.9999990000010001
off_then_ok,0,calibration,f20260909330_sensor_fault,sensor_fault,15.516307389558834,0.4226639493936427,0.0908887266593118,0.999987500156248
off_then_ok,0,calibration,f20260909331_sensor_fault,sensor_fault,19.64378056050103,0.43077837969367067,0.08383006980084062,0.9999990000010001
off_then_ok,0,calibration,f20260909332_sensor_fault,sensor_fault,9.68636935794816,0.41710525878672355,0.055724369011385,0.999987500156248
off_then_ok,0,calibration,f20260909333_sensor_fault,sensor_fault,18.424666401977735,0.42673212489925205,0.10808556620944021,0.9999990000010001
off_then_ok,0,calibration,f20260909334_sensor_fault,sensor_fault,23.67593034998211,0.478514572816886,0.005046763815357069,0.9999990000010001
off_then_ok,0,calibration,f20260909335_sensor_fault,sensor_fault,15.603596507082457,0.44747505397582166,0.013035462798026365,0.9999990000010001
off_then_ok,0,calibration,f20260909336_sensor_fault,sensor_fault,16.600571765388572,0.4318991584810816,0.03778810089240359,0.9999990000010001
off_then_ok,0,calibration,f20260909343_sensor_fault,sensor_fault,31.63843954278949,0.5042872169800805,0.0008789206263758453,0.9999990000010001
off_then_ok,0,calibration,f20260909344_sensor_fault,sensor_fault,44.11581143417816,0.5100456439921363,0.005745042212889295,0.9999990000010001
off_then_ok,0,calibration,f20260909346_sensor_fault,sensor_fault,16.826626646288343,0.44669942910746896,0.014744766597950543,0.9999990000010001
off_then_ok,0,calibration,f20260909347_sensor_fault,sensor_fault,17.321998240418946,0.4897985076098005,0.0015900767763444845,0.9999990000010001
off_then_ok,0,calibration,f20260909356_sensor_fault,sensor_fault,16.229352058050313,0.42842380224357063,0.08398716483560809,0.999987500156248
off_then_ok,0,calibration,f210080082905703_gps_degrade,gps_degrade,31.7350316471359,0.5076615260106634,0.011683590679342215,0.9999990000010001
off_then_ok,0,calibration,f36042457135056_gps_degrade,gps_degrade,20.49845475819861,0.4964907932667267,0.030707448840789575,0.9999990000010001
off_then_ok,0,calibration,f52087898353843_gps_degrade,gps_degrade,43.626633174511326,0.573104389437767,0.0020636972527605657,0.9999990000010001
off_then_ok,0,calibration,f80546156924787_gps_degrade,gps_degrade,29.466408518860963,0.5255138424436747,0.01945650891526529,0.9999990000010001
off_then_ok,0,calibration,f89695495040802_gps_degrade,gps_degrade,24.345671800098177,0.4942954304682366,0.01887245647558411,0.9999990000010001
off_then_ok,1,seen_test,f115936881981907_gps_degrade,gps_degrade,13.932311035841787,0.474328147743298,0.04200799544125999,0.9999990000010001
off_then_ok,1,seen_test,f125406956954866_gps_degrade,gps_degrade,13.93576277881192,0.48372920263271085,0.018163065264854894,0.9999990000010001
off_then_ok,1,seen_test,f138645354163671_gps_degrade,gps_degrade,59.050079364644525,0.5724088966076144,0.0018649162078352433,0.9999990000010001
off_then_ok,1,seen_test,f148656514407084_gps_degrade,gps_degrade,41.295230238938814,0.47773440021069064,0.214574358561754,0.9999990000010001
off_then_ok,1,seen_test,f153363458695622_gps_degrade,gps_degrade,12.98775877687035,0.4898858210458851,0.010496844390046167,0.9999990000010001
off_then_ok,1,seen_test,f154051046525415_gps_degrade,gps_degrade,11.431612034379697,0.4952375916381995,0.015385603013968852,0.9999990000010001
off_then_ok,1,seen_test,f179243424651613_gps_degrade,gps_degrade,48.97531094470485,0.48656931881600624,0.16964676915439503,0.9999990000010001
off_then_ok,1,seen_test,f198225816701839_gps_degrade,gps_degrade,14.006638476887234,0.489969687628984,0.007929073896678074,0.9999990000010001
off_then_ok,1,seen_test,f20260909211_gps_degrade,gps_degrade,245.3088757157572,0.5796566191479007,9.519696801374433e-05,0.999987500156248
off_then_ok,1,seen_test,f20260909217_gps_degrade,gps_degrade,46.90380282601848,0.4928043316772822,0.022386702113913137,0.999987500156248
off_then_ok,1,seen_test,f20260909226_gps_degrade,gps_degrade,20387.123811194764,0.6142942903223081,1.68456032456632e-08,0.999987500156248
off_then_ok,1,seen_test,f20260909228_gps_degrade,gps_degrade,5514.206217718619,0.6101819933733486,3.702624806667387e-05,0.999987500156248
off_then_ok,1,seen_test,f20260909248_gps_degrade,gps_degrade,69.78506619010454,0.5435858157761553,0.0018522232778738212,0.999987500156248
off_then_ok,1,seen_test,f20260909249_gps_degrade,gps_degrade,257637.22624242262,0.6612805234746625,0.0,0.999987500156248
off_then_ok,1,seen_test,f20260909250_gps_degrade,gps_degrade,50.820898421569275,0.5220904681361894,0.005716774695723736,0.999987500156248
off_then_ok,1,seen_test,f272722099923160_gps_degrade,gps_degrade,17.831221192870345,0.49169377554694227,0.10201032915227426,0.9999990000010001
off_then_ok,1,seen_test,f38329162600154_gps_degrade,gps_degrade,68.2802699172252,0.5824946264441933,0.0006775384557816677,0.9999990000010001
off_then_ok,1,seen_test,f45889653030206_gps_degrade,gps_degrade,32.374311281637006,0.5283489117026551,0.004291562474876498,0.9999990000010001
off_then_ok,1,seen_test,f80546156924787_gps_degrade,gps_degrade,28.990539317211123,0.5366483270848447,0.004058771514105164,0.9999990000010001
off_then_ok,1,seen_test,f89695495040802_gps_degrade,gps_degrade,23.247893107672173,0.5008344855846527,0.02763004723886464,0.9999990000010001
off_then_ok,1,unseen,f20260909200_gps_degrade,gps_degrade,6.281073079116957e+18,0.47061765545823464,0.10327002329716761,12.499843751953101
off_then_ok,1,unseen,f20260909201_gps_degrade,gps_degrade,6.281073079116957e+18,0.4264593911761987,0.5778464337621374,12.499843751953101
off_then_ok,1,unseen,f20260909202_gps_degrade,gps_degrade,6.281073079116957e+18,0.4471258672506982,0.3405544364977362,12.499843751953101
off_then_ok,1,unseen,f20260909203_gps_degrade,gps_degrade,6.281073079116957e+18,0.45892277359397454,0.06310761316120506,12.499843751953101
off_then_ok,1,unseen,f20260909204_gps_degrade,gps_degrade,6.281073079116957e+18,0.45897950017395467,0.05008504751677756,12.499843751953101
off_then_ok,1,unseen,f20260909206_gps_degrade,gps_degrade,6.281073079116957e+18,0.448974003940835,0.40675245423562045,12.499843751953101
off_then_ok,1,unseen,f20260909209_gps_degrade,gps_degrade,6.281073079116957e+18,0.4256044299671954,0.45252857724856266,12.499843751953101
off_then_ok,1,unseen,f20260909210_gps_degrade,gps_degrade,6.281073079116957e+18,0.4653327695259387,0.28522598346672867,12.499843751953101
off_then_ok,1,unseen,f20260909212_gps_degrade,gps_degrade,6.281073079116957e+18,0.47078987574611875,0.06823085275124574,12.499843751953101
off_then_ok,1,unseen,f20260909213_gps_degrade,gps_degrade,6.281073079116957e+18,0.41982567429547224,0.5470184075635319,12.499843751953101
off_then_ok,1,unseen,f20260909214_gps_degrade,gps_degrade,6.281073079116957e+18,0.47566168987530183,0.06857724181148372,12.499843751953101
off_then_ok,1,unseen,f20260909215_gps_degrade,gps_degrade,6.281073079116957e+18,0.4519351636709322,0.3707867851234621,12.499843751953101
off_then_ok,1,unseen,f20260909216_gps_degrade,gps_degrade,6.281073079116957e+18,0.4480628055351145,0.4379700522609994,12.499843751953101
off_then_ok,1,unseen,f20260909218_gps_degrade,gps_degrade,6.281073079116957e+18,0.5113095090997952,0.07091373921348376,12.499843751953101
off_then_ok,1,unseen,f20260909219_gps_degrade,gps_degrade,6.281073079116957e+18,0.44191092703725804,0.4870796990751044,12.499843751953101
off_then_ok,1,unseen,f20260909220_gps_degrade,gps_degrade,6.281073079116957e+18,0.46542093089718917,0.14885494958343093,12.499843751953101
off_then_ok,1,unseen,f20260909224_gps_degrade,gps_degrade,6.281073079116957e+18,0.4338443738197264,0.4251813401352815,12.499843751953101
off_then_ok,1,unseen,f20260909225_gps_degrade,gps_degrade,6.281073079116957e+18,0.4483534106839201,0.3425937189455732,12.499843751953101
off_then_ok,1,unseen,f20260909229_gps_degrade,gps_degrade,6.281073079116957e+18,0.42627112321510086,0.5791868400166109,12.499843751953101
off_then_ok,1,unseen,f20260909231_gps_degrade,gps_degrade,6.281073079116957e+18,0.45948885413342705,0.3176681779360827,12.499843751953101
off_then_ok,1,unseen,f20260909232_gps_degrade,gps_degrade,6.281073079116957e+18,0.4661427197511569,0.17631262245393753,12.499843751953101
off_then_ok,1,unseen,f20260909233_gps_degrade,gps_degrade,6.281073079116957e+18,0.46170962454405484,0.5201538846261721,12.499843751953101
off_then_ok,1,unseen,f20260909234_gps_degrade,gps_degrade,6.281073079116957e+18,0.4262031725699096,0.46261239585949476,12.499843751953101
off_then_ok,1,unseen,f20260909236_gps_degrade,gps_degrade,6.281073079116957e+18,0.4289349482019634,0.4783755944310025,12.499843751953101
off_then_ok,1,unseen,f20260909237_gps_degrade,gps_degrade,6.281073079116957e+18,0.5572938494717021,0.0031223848153835165,12.499843751953101
off_then_ok,1,unseen,f20260909240_gps_degrade,gps_degrade,6.281073079116957e+18,0.45363911080722374,0.09924459540212394,12.499843751953101
off_then_ok,1,unseen,f20260909245_gps_degrade,gps_degrade,6.281073079116957e+18,0.4457579204251203,0.4391854829921171,12.499843751953101
off_then_ok,1,unseen,f20260909247_gps_degrade,gps_degrade,6.281073079116957e+18,0.4348870867579859,0.6331724400573647,12.499843751953101
off_then_ok,1,unseen,f20260909253_gps_degrade,gps_degrade,6.281073079116957e+18,0.43173745408718656,0.6068134934482847,12.499843751953101
off_then_ok,1,unseen,f20260909254_gps_degrade,gps_degrade,6.281073079116957e+18,0.46141217689735947,0.05047959416550152,12.499843751953101
off_then_ok,1,unseen,f20260909255_gps_degrade,gps_degrade,6.281073079116957e+18,0.4335560712076097,0.41142754087888433,12.499843751953101
off_then_ok,1,unseen,f20260909259_gps_degrade,gps_degrade,6.281073079116957e+18,0.4792969142026277,0.12660582532693587,12.499843751953101
off_then_ok,1,calibration,f105048958709988_gps_degrade,gps_degrade,40.23170980480896,0.4651965551519075,0.20689467704190323,0.9999990000010001
off_then_ok,1,calibration,f137476638112559_gps_degrade,gps_degrade,15.700064965886156,0.49151271030990096,0.03461634026510452,0.9999990000010001
off_then_ok,1,calibration,f157545489308718_gps_degrade,gps_degrade,12.101958466406533,0.485103994756584,0.03095293734308946,0.9999990000010001
off_then_ok,1,calibration,f179117136627038_gps_degrade,gps_degrade,44.26750776630132,0.47969382036559566,0.20310709032111895,0.9999990000010001
off_then_ok,1,calibration,f187049508766390_gps_degrade,gps_degrade,38.860262051451244,0.4712429359658633,0.1454724822976834,0.9999990000010001
off_then_ok,1,calibration,f20260909002_nominal,nominal,4.418825922277466,0.3533565693565402,0.22210483964413197,0.999987500156248
off_then_ok,1,calibration,f20260909004_nominal,nominal,9.47565736786819,0.3706066486483416,0.23644186092963726,0.999987500156248
off_then_ok,1,calibration,f20260909005_nominal,nominal,184.0948258175091,0.48286175267266734,0.28438212323385825,0.999987500156248
off_then_ok,1,calibration,f20260909014_nominal,nominal,4.6921452538270465,0.36528066830649947,0.12168178788396489,0.999987500156248
off_then_ok,1,calibration,f20260909017_nominal,nominal,4.59819787524646,0.37075072207869575,0.0851267224909863,0.999987500156248
off_then_ok,1,calibration,f20260909022_nominal,nominal,8.73006657456265,0.3930550127801037,0.05560879150758402,0.999987500156248
off_then_ok,1,calibration,f20260909023_nominal,nominal,10.056208375691716,0.36940423532155114,0.25592067359005954,0.999987500156248
off_then_ok,1,calibration,f20260909026_nominal,nominal,6.079123686056603,0.3677565310408548,0.11103055850823906,0.999987500156248
off_then_ok,1,calibration,f20260909030_nominal,nominal,7.2440041021779695,0.3770646266173399,0.05609336334172643,0.999987500156248
off_then_ok,1,calibration,f20260909031_nominal,nominal,11.591240529987989,0.38076842241590053,0.17118004320970315,0.999987500156248
off_then_ok,1,calibration,f20260909035_nominal,nominal,3.1993946462804406,0.35538959151379373,0.12794789232503156,0.999987500156248
off_then_ok,1,calibration,f20260909039_nominal,nominal,5.90884376466729,0.36304681166342856,0.06437772558911792,0.999987500156248
off_then_ok,1,calibration,f20260909046_nominal,nominal,43.993273126770106,0.40665166937857744,0.04182641273738463,0.999987500156248
off_then_ok,1,calibration,f20260909050_nominal,nominal,7.1630804584761885,0.36743852477149336,0.11917896832445629,0.999987500156248
off_then_ok,1,calibration,f20260909051_nominal,nominal,10.945480187779792,0.3813616932133369,0.06926878776067835,0.999987500156248
off_then_ok,1,calibration,f20260909053_nominal,nominal,6.285770905506131,0.36512792431137303,0.23642658268546213,0.999987500156248
off_then_ok,1,calibration,f20260909054_nominal,nominal,4.819625751222318,0.35886029930422914,0.13945017993616704,0.999987500156248
off_then_ok,1,calibration,f20260909055_nominal,nominal,7.751479223205438,0.3808015577342232,0.10775719298990227,0.999987500156248
off_then_ok,1,calibration,f20260909058_nominal,nominal,10.01477231511347,0.378998337372305,0.0793171825129596,0.999987500156248
off_then_ok,1,calibration,f20260909059_nominal,nominal,7.401734278608074,0.37664819773123087,0.06595893318745571,0.999987500156248
off_then_ok,1,calibration,f20260909102_spoof,spoof,10.541120381631165,0.37183269599273,0.5458304865665295,0.999987500156248
off_then_ok,1,calibration,f20260909108_spoof,spoof,367.136403970154,0.5133837167816625,0.4848703411927884,0.999987500156248
off_then_ok,1,calibration,f20260909109_spoof,spoof,9.082370442127866,0.42341880608260857,0.405532290364792,0.999987500156248
off_then_ok,1,calibration,f20260909111_spoof,spoof,4.787175527938432,0.38582381371724084,0.2515144428462115,0.999987500156248
off_then_ok,1,calibration,f20260909112_spoof,spoof,12.094802090665503,0.39906589090261724,0.16448514030779737,0.999987500156248
off_then_ok,1,calibration,f20260909114_spoof,spoof,10.481493432776434,0.41236953712437324,0.033970627523771335,0.999987500156248
off_then_ok,1,calibration,f20260909115_spoof,spoof,19.56467536807598,0.44266645279582667,0.11532982163470828,0.999987500156248
off_then_ok,1,calibration,f20260909121_spoof,spoof,18.899884176532343,0.37754965392946804,0.3747075046275685,0.999987500156248
off_then_ok,1,calibration,f20260909126_spoof,spoof,16.34796386290619,0.42366785930356704,0.3235868212153088,0.999987500156248
off_then_ok,1,calibration,f20260909135_spoof,spoof,9.280753033424501,0.37125711944795825,0.13943484087226032,0.999987500156248
off_then_ok,1,calibration,f20260909136_spoof,spoof,9.873581209811961,0.419845609628335,0.2104955385939311,0.999987500156248
off_then_ok,1,calibration,f20260909137_spoof,spoof,8.639701324592139,0.3907910715967285,0.22960285330919084,0.999987500156248
off_then_ok,1,calibration,f20260909140_spoof,spoof,8.050423612365957,0.4024304887105774,0.09386228259486673,0.999987500156248
off_then_ok,1,calibration,f20260909143_spoof,spoof,3.473732925933546,0.35774900257136577,0.2410574059756767,0.999987500156248
off_then_ok,1,calibration,f20260909144_spoof,spoof,7.7022223807357735,0.4084395094545254,0.1937562967121822,0.999987500156248
off_then_ok,1,calibration,f20260909145_spoof,spoof,6.409200635539003,0.3791932824694665,0.29337932197001293,0.999987500156248
off_then_ok,1,calibration,f20260909146_spoof,spoof,26.523518140129568,0.4334894653864871,0.12682732300727184,0.999987500156248
off_then_ok,1,calibration,f20260909150_spoof,spoof,42.931329559142405,0.46634652341895844,0.3271094644371516,0.999987500156248
off_then_ok,1,calibration,f20260909155_spoof,spoof,9.949111453902065,0.37162919716134823,0.3620114777143516,0.999987500156248
off_then_ok,1,calibration,f20260909159_spoof,spoof,8.484066118034526,0.4130660578390879,0.04122050659256604,0.999987500156248
off_then_ok,1,calibration,f20260909207_gps_degrade,gps_degrade,179.22596636898328,0.6360830511400017,0.00032720330468838377,0.999987500156248
off_then_ok,1,calibration,f20260909221_gps_degrade,gps_degrade,18.44122286182692,0.4698726573936934,0.17602069362663042,0.999987500156248
off_then_ok,1,calibration,f20260909222_gps_degrade,gps_degrade,23.0830595120781,0.492163080855864,0.040011339039588756,0.999987500156248
off_then_ok,1,calibration,f20260909230_gps_degrade,gps_degrade,500.3659271469434,0.5871783918558546,0.0012093861335416012,0.999987500156248
off_then_ok,1,calibration,f20260909239_gps_degrade,gps_degrade,871.1659672080418,0.6093386320917471,1.859685826777202e-06,0.999987500156248
off_then_ok,1,calibration,f20260909241_gps_degrade,gps_degrade,24.190776038987373,0.531065325666191,0.01052659916273968,0.999987500156248
off_then_ok,1,calibration,f20260909243_gps_degrade,gps_degrade,65.12040620632669,0.5425202692627862,0.012102227288108725,0.999987500156248
off_then_ok,1,calibration,f20260909244_gps_degrade,gps_degrade,89.71968567440659,0.5228758017261379,0.06820329008387216,0.999987500156248
off_then_ok,1,calibration,f20260909246_gps_degrade,gps_degrade,427.6173963563837,0.5718574579589585,0.002990871665933259,0.999987500156248
off_then_ok,1,calibration,f20260909252_gps_degrade,gps_degrade,147.27717905066584,0.5157344821082275,0.1387052971993411,0.999987500156248
off_then_ok,1,calibration,f20260909258_gps_degrade,gps_degrade,19.77247678424002,0.4514753212746205,0.32064431391587567,0.999987500156248
off_then_ok,1,calibration,f20260909308_sensor_fault,sensor_fault,17.13689082936441,0.47890947182605387,0.010368023091881784,0.9999990000010001
off_then_ok,1,calibration,f20260909310_sensor_fault,sensor_fault,19.01154637579644,0.43646267447080084,0.09840434421757949,0.999987500156248
off_then_ok,1,calibration,f20260909319_sensor_fault,sensor_fault,19.30601704781294,0.4307469136801803,0.0830006774128339,0.9999990000010001
off_then_ok,1,calibration,f20260909322_sensor_fault,sensor_fault,30.614301384257278,0.5138827234996203,0.006174170572587179,0.9999990000010001
off_then_ok,1,calibration,f20260909323_sensor_fault,sensor_fault,28.662086610428847,0.4832284654356218,0.006763081834914142,0.9999990000010001
off_then_ok,1,calibration,f20260909325_sensor_fault,sensor_fault,11.51133565310555,0.47759830855606333,0.01471318649711073,0.9999990000010001
off_then_ok,1,calibration,f20260909328_sensor_fault,sensor_fault,134.16991099653376,0.4933794542631375,0.05744109252253049,0.9999990000010001
off_then_ok,1,calibration,f20260909329_sensor_fault,sensor_fault,13.296359407524339,0.4522360666133037,0.015765116612439067,0.9999990000010001
off_then_ok,1,calibration,f20260909330_sensor_fault,sensor_fault,17.991985400781743,0.41953718055777084,0.06718483393938957,0.999987500156248
off_then_ok,1,calibration,f20260909331_sensor_fault,sensor_fault,21.119397713604368,0.4227633664914583,0.05834095199276501,0.9999990000010001
off_then_ok,1,calibration,f20260909332_sensor_fault,sensor_fault,23.55433287204974,0.4711140969724546,0.06828116556963171,0.999987500156248
off_then_ok,1,calibration,f20260909333_sensor_fault,sensor_fault,28.248150925223673,0.45082992517136483,0.1274607732953974,0.9999990000010001
off_then_ok,1,calibration,f20260909336_sensor_fault,sensor_fault,20.227057783097894,0.4353613756854574,0.06865128225353645,0.9999990000010001
off_then_ok,1,calibration,f20260909337_sensor_fault,sensor_fault,11.340404830396633,0.4798054283140373,0.007938192357450191,0.9999990000010001
off_then_ok,1,calibration,f20260909345_sensor_fault,sensor_fault,23.867838345119974,0.47122910426319864,0.0064072179565078935,0.9999990000010001
off_then_ok,1,calibration,f20260909347_sensor_fault,sensor_fault,117.77591956499431,0.5451549153429505,0.005126137576249912,0.9999990000010001
off_then_ok,1,calibration,f20260909352_sensor_fault,sensor_fault,16.604153481450112,0.43053097134002055,0.07487001454345954,0.9999990000010001
off_then_ok,1,calibration,f20260909353_sensor_fault,sensor_fault,11.677857029984732,0.4785275600980035,0.004654091990857423,0.9999990000010001
off_then_ok,1,calibration,f20260909356_sensor_fault,sensor_fault,16.380507014595103,0.4363597588622985,0.04438232127512942,0.999987500156248
off_then_ok,1,calibration,f20260909358_sensor_fault,sensor_fault,693.3496351403096,0.5337329523684858,0.00707835977581861,0.9999990000010001
off_then_ok,1,calibration,f214099286138893_gps_degrade,gps_degrade,42.90314032535092,0.4807221882052732,0.15892614428784502,0.9999990000010001
off_then_ok,1,calibration,f251496856152582_gps_degrade,gps_degrade,19.405162360868715,0.49951355198822533,0.016111051113804176,0.9999990000010001
off_then_ok,1,calibration,f7925275977104_gps_degrade,gps_degrade,15.646466737473261,0.47764219944424197,0.04448793728053957,0.9999990000010001
off_then_ok,2,seen_test,f103716604252706_gps_degrade,gps_degrade,15.318007214398627,0.5078453818103331,0.009440203576620343,0.9999990000010001
off_then_ok,2,seen_test,f115936881981907_gps_degrade,gps_degrade,15.422791074899152,0.49022365439016835,0.0195717806215554,0.9999990000010001
off_then_ok,2,seen_test,f125406956954866_gps_degrade,gps_degrade,12.33406597040222,0.5076854453219511,0.012523900123333598,0.9999990000010001
off_then_ok,2,seen_test,f148656514407084_gps_degrade,gps_degrade,25.886083057294236,0.5030913371649418,0.14134047403283168,0.9999990000010001
off_then_ok,2,seen_test,f162578072652318_gps_degrade,gps_degrade,14.501566014022302,0.5102233297967429,0.005285214432121488,0.9999990000010001
off_then_ok,2,seen_test,f179117136627038_gps_degrade,gps_degrade,23.027497691253206,0.4828965998288008,0.12576418645874643,0.9999990000010001
off_then_ok,2,seen_test,f20260909205_gps_degrade,gps_degrade,67.40942975346846,0.5724864801357501,0.000807941446169691,0.999987500156248
off_then_ok,2,seen_test,f20260909207_gps_degrade,gps_degrade,56.389215335380385,0.6083801066986864,9.230499265588943e-05,0.999987500156248
off_then_ok,2,seen_test,f20260909227_gps_degrade,gps_degrade,21.9667082496351,0.5342531315881852,0.04200517515338331,0.999987500156248
off_then_ok,2,seen_test,f20260909239_gps_degrade,gps_degrade,483.48910026201753,0.6280179057132891,1.3022803002638028e-06,0.999987500156248
off_then_ok,2,seen_test,f20260909243_gps_degrade,gps_degrade,32.61562857718037,0.5484001662301125,0.01804045603995197,0.999987500156248
off_then_ok,2,seen_test,f20260909244_gps_degrade,gps_degrade,42.19266346515117,0.5379872495725918,0.011933287605990328,0.999987500156248
off_then_ok,2,seen_test,f20260909246_gps_degrade,gps_degrade,201.4986134524188,0.583397768069222,0.0007981719125375042,0.999987500156248
off_then_ok,2,seen_test,f20260909249_gps_degrade,gps_degrade,8937.339443173789,0.6232093843340335,1.7287867914994592e-08,0.999987500156248
off_then_ok,2,seen_test,f20260909250_gps_degrade,gps_degrade,47.09801956642093,0.5308319019906261,0.004777694041481095,0.999987500156248
off_then_ok,2,seen_test,f20260909251_gps_degrade,gps_degrade,30.360306050379787,0.5511293875118494,0.0023888271103496006,0.999987500156248
off_then_ok,2,seen_test,f20260909256_gps_degrade,gps_degrade,18.547607467241995,0.44492611760785084,0.3867666326459218,0.999987500156248
off_then_ok,2,seen_test,f27414466462551_gps_degrade,gps_degrade,43.39181343024946,0.538373580302957,0.011184638059182461,0.9999990000010001
off_then_ok,2,seen_test,f38329162600154_gps_degrade,gps_degrade,334.0109771565248,0.5513438868912955,2.650007862492476e-05,0.9999990000010001
off_then_ok,2,seen_test,f7925275977104_gps_degrade,gps_degrade,14.545390866573237,0.490377661319014,0.02778842799697334,0.9999990000010001
off_then_ok,2,unseen,f20260909200_gps_degrade,gps_degrade,5.271122769327649e+18,0.4718067394586928,0.05912918605752515,12.499843751953101
off_then_ok,2,unseen,f20260909201_gps_degrade,gps_degrade,5.271122769327649e+18,0.43508734977005836,0.5098077747598484,12.499843751953101
off_then_ok,2,unseen,f20260909202_gps_degrade,gps_degrade,5.271122769327649e+18,0.4540891595527931,0.3050741226486855,12.499843751953101
off_then_ok,2,unseen,f20260909203_gps_degrade,gps_degrade,5.271122769327649e+18,0.48977090764816755,0.03183470390804932,12.499843751953101
off_then_ok,2,unseen,f20260909204_gps_degrade,gps_degrade,5.271122769327649e+18,0.4860960228920495,0.0600510399577201,12.499843751953101
off_then_ok,2,unseen,f20260909206_gps_degrade,gps_degrade,5.271122769327649e+18,0.4664932530094225,0.2200154627547405,12.499843751953101
off_then_ok,2,unseen,f20260909209_gps_degrade,gps_degrade,5.271122769327649e+18,0.4623377918153761,0.49791789818418186,12.499843751953101
off_then_ok,2,unseen,f20260909210_gps_degrade,gps_degrade,5.271122769327649e+18,0.4904896920971072,0.2668847273087779,12.499843751953101
off_then_ok,2,unseen,f20260909212_gps_degrade,gps_degrade,5.271122769327649e+18,0.5046480367937541,0.10375607213025362,12.499843751953101
off_then_ok,2,unseen,f20260909213_gps_degrade,gps_degrade,5.271122769327649e+18,0.4507914816451654,0.49112960185375565,12.499843751953101
off_then_ok,2,unseen,f20260909214_gps_degrade,gps_degrade,5.271122769327649e+18,0.5066635323393495,0.04613294813759583,12.499843751953101
off_then_ok,2,unseen,f20260909215_gps_degrade,gps_degrade,5.271122769327649e+18,0.47446562426779826,0.25862213898103725,12.499843751953101
off_then_ok,2,unseen,f20260909216_gps_degrade,gps_degrade,5.271122769327649e+18,0.45553306430105334,0.4451447277812671,12.499843751953101
off_then_ok,2,unseen,f20260909218_gps_degrade,gps_degrade,5.271122769327649e+18,0.5102396573014003,0.05678030452740246,12.499843751953101
off_then_ok,2,unseen,f20260909219_gps_degrade,gps_degrade,5.271122769327649e+18,0.4389774357693029,0.5622862856871411,12.499843751953101
off_then_ok,2,unseen,f20260909220_gps_degrade,gps_degrade,5.271122769327649e+18,0.4970513253539807,0.12599443847360636,12.499843751953101
off_then_ok,2,unseen,f20260909224_gps_degrade,gps_degrade,5.271122769327649e+18,0.4812362093450131,0.29408274123389444,12.499843751953101
off_then_ok,2,unseen,f20260909225_gps_degrade,gps_degrade,5.271122769327649e+18,0.45220191409821014,0.31118744491029104,12.499843751953101
off_then_ok,2,unseen,f20260909229_gps_degrade,gps_degrade,5.271122769327649e+18,0.44152042140841913,0.5733470159041356,12.499843751953101
off_then_ok,2,unseen,f20260909231_gps_degrade,gps_degrade,5.271122769327649e+18,0.45028484890323944,0.18318818425472683,12.499843751953101
off_then_ok,2,unseen,f20260909232_gps_degrade,gps_degrade,5.271122769327649e+18,0.4714579517327223,0.1638013012860039,12.499843751953101
off_then_ok,2,unseen,f20260909233_gps_degrade,gps_degrade,5.271122769327649e+18,0.4730350516984674,0.275070655863875,12.499843751953101
off_then_ok,2,unseen,f20260909234_gps_degrade,gps_degrade,5.271122769327649e+18,0.48142534960890093,0.49779709365417024,12.499843751953101
off_then_ok,2,unseen,f20260909236_gps_degrade,gps_degrade,5.271122769327649e+18,0.45590703065409066,0.40718207882120827,12.499843751953101
off_then_ok,2,unseen,f20260909237_gps_degrade,gps_degrade,5.271122769327649e+18,0.5322352508083817,0.00018466493907531856,12.499843751953101
off_then_ok,2,unseen,f20260909240_gps_degrade,gps_degrade,5.271122769327649e+18,0.4926524107571652,0.1041302299700958,12.499843751953101
off_then_ok,2,unseen,f20260909245_gps_degrade,gps_degrade,5.271122769327649e+18,0.44908057464231943,0.419013253580629,12.499843751953101
off_then_ok,2,unseen,f20260909247_gps_degrade,gps_degrade,5.271122769327649e+18,0.4281973479683176,0.4528689929220454,12.499843751953101
off_then_ok,2,unseen,f20260909253_gps_degrade,gps_degrade,5.271122769327649e+18,0.4513122229164561,0.4663695339326187,12.499843751953101
off_then_ok,2,unseen,f20260909254_gps_degrade,gps_degrade,5.271122769327649e+18,0.5101831219632429,0.047571187310445184,12.499843751953101
off_then_ok,2,unseen,f20260909255_gps_degrade,gps_degrade,5.271122769327649e+18,0.45093123232018273,0.3101059349778489,12.499843751953101
off_then_ok,2,unseen,f20260909259_gps_degrade,gps_degrade,5.271122769327649e+18,0.4784609512244306,0.08220396976547206,12.499843751953101
off_then_ok,2,calibration,f105048958709988_gps_degrade,gps_degrade,26.03138046567183,0.4712190386385517,0.17368473314942467,0.9999990000010001
off_then_ok,2,calibration,f137476638112559_gps_degrade,gps_degrade,11.894632917513237,0.4870399965423628,0.012495505698105092,0.9999990000010001
off_then_ok,2,calibration,f138645354163671_gps_degrade,gps_degrade,263.50690680985963,0.5266057101803389,7.972911158704576e-05,0.9999990000010001
off_then_ok,2,calibration,f152849246098291_gps_degrade,gps_degrade,9.153698342462596,0.484646381674618,0.013501680962002771,0.9999990000010001
off_then_ok,2,calibration,f154051046525415_gps_degrade,gps_degrade,13.262413376039854,0.5045119664280207,0.0043288607632143705,0.9999990000010001
off_then_ok,2,calibration,f187049508766390_gps_degrade,gps_degrade,24.959184816368456,0.47270864289303355,0.10260747182156305,0.9999990000010001
off_then_ok,2,calibration,f20260909002_nominal,nominal,6.42123166715887,0.38307777293755874,0.26432635757718437,0.999987500156248
off_then_ok,2,calibration,f20260909007_nominal,nominal,4.435367089585745,0.36867200818797546,0.5046910095219335,0.999987500156248
off_then_ok,2,calibration,f20260909011_nominal,nominal,6.370637554070473,0.36969947501733874,0.2090052851914499,0.999987500156248
off_then_ok,2,calibration,f20260909012_nominal,nominal,3.484025033601421,0.3613526336600954,0.5187416822364352,0.999987500156248
off_then_ok,2,calibration,f20260909014_nominal,nominal,7.105406466719221,0.3796338773890523,0.3996964383085325,0.999987500156248
off_then_ok,2,calibration,f20260909015_nominal,nominal,8.21605719645645,0.39156550027294407,0.04649113334812316,0.999987500156248
off_then_ok,2,calibration,f20260909017_nominal,nominal,9.07434958461158,0.3869327886108891,0.08223571564030396,0.999987500156248
off_then_ok,2,calibration,f20260909019_nominal,nominal,4.8298871502341685,0.37563267826337066,0.20307905359280187,0.999987500156248
off_then_ok,2,calibration,f20260909023_nominal,nominal,20.058165458680946,0.39493404397704557,0.06780538944828518,0.999987500156248
off_then_ok,2,calibration,f20260909026_nominal,nominal,3.2864002800866587,0.3806824635202608,0.10741212181642423,0.999987500156248
off_then_ok,2,calibration,f20260909027_nominal,nominal,4.1544817306531625,0.37294894871957174,0.07920722909302769,0.999987500156248
off_then_ok,2,calibration,f20260909034_nominal,nominal,5.897864657139965,0.3878374868427653,0.05021100744064255,0.999987500156248
off_then_ok,2,calibration,f20260909035_nominal,nominal,6.148586233350548,0.3711912498463993,0.46502782223789874,0.999987500156248
off_then_ok,2,calibration,f20260909039_nominal,nominal,4.549622965901357,0.35756343130225093,0.4896882047618435,0.999987500156248
off_then_ok,2,calibration,f20260909043_nominal,nominal,5.6200505746142815,0.3712735066314973,0.1251835737677417,0.999987500156248
off_then_ok,2,calibration,f20260909046_nominal,nominal,9.318817573872952,0.41435422303084357,0.06078369024972796,0.999987500156248
off_then_ok,2,calibration,f20260909047_nominal,nominal,4.697547652364383,0.3755077734884514,0.20351812156277838,0.999987500156248
off_then_ok,2,calibration,f20260909051_nominal,nominal,4.949719856894817,0.36449259378057247,0.18528362528052,0.999987500156248
off_then_ok,2,calibration,f20260909055_nominal,nominal,4.301173581084626,0.3883383225909302,0.07870951640565338,0.999987500156248
off_then_ok,2,calibration,f20260909059_nominal,nominal,5.9815975832843185,0.38110786484045095,0.06873840941221843,0.999987500156248
off_then_ok,2,calibration,f20260909100_spoof,spoof,9964315253927510.0,0.3992589927436887,0.23085574301219358,0.499993750078124
off_then_ok,2,calibration,f20260909101_spoof,spoof,4.6941153140988705,0.407474655611322,0.09528454060457625,0.999987500156248
off_then_ok,2,calibration,f20260909103_spoof,spoof,7.86026851684742,0.417371993790754,0.09343643191476736,0.999987500156248
off_then_ok,2,calibration,f20260909110_spoof,spoof,5.812658811663406,0.39858727669984595,0.11772186231138249,0.999987500156248
off_then_ok,2,calibration,f20260909114_spoof,spoof,30.33003061096517,0.44613433931670743,0.22388212345057723,0.999987500156248
off_then_ok,2,calibration,f20260909115_spoof,spoof,19.08046669961572,0.4477278894776879,0.5796345671125752,0.999987500156248
off_then_ok,2,calibration,f20260909121_spoof,spoof,5.866445597006856,0.3852134692063292,0.44214563746047575,0.999987500156248
off_then_ok,2,calibration,f20260909122_spoof,spoof,20.474980436490064,0.4293550085650753,0.644829174150401,0.999987500156248
off_then_ok,2,calibration,f20260909126_spoof,spoof,6.555450428692223,0.41069246656839214,0.33604572588068915,0.999987500156248
off_then_ok,2,calibration,f20260909127_spoof,spoof,20.22102143212378,0.43524463517192274,0.4317703565317438,0.999987500156248
off_then_ok,2,calibration,f20260909130_spoof,spoof,14.636187375468452,0.468714508061782,0.06046416625655837,0.999987500156248
off_then_ok,2,calibration,f20260909139_spoof,spoof,17.933177168064788,0.43565311018121206,0.3616540417621278,0.999987500156248
off_then_ok,2,calibration,f20260909141_spoof,spoof,13.745446046903918,0.4436410496536141,0.5832236172946355,0.999987500156248
off_then_ok,2,calibration,f20260909144_spoof,spoof,13.389657751387738,0.41334894437893704,0.07433093402463098,0.999987500156248
off_then_ok,2,calibration,f20260909145_spoof,spoof,3.6401252651926,0.3891524138986224,0.3311633061475212,0.999987500156248
off_then_ok,2,calibration,f20260909148_spoof,spoof,6.952073252715314,0.3954879633666639,0.4366696085404348,0.999987500156248
off_then_ok,2,calibration,f20260909153_spoof,spoof,15.412306416994468,0.4578430376105066,0.05154083759369843,0.999987500156248
off_then_ok,2,calibration,f20260909155_spoof,spoof,6.44373205362957,0.3907479525211935,0.12662344937361747,0.999987500156248
off_then_ok,2,calibration,f20260909156_spoof,spoof,6.118990789290181,0.3967975800160863,0.40389538566198446,0.999987500156248
off_then_ok,2,calibration,f20260909158_spoof,spoof,9.590402320798024,0.40630667281383426,0.12349298143838083,0.999987500156248
off_then_ok,2,calibration,f20260909208_gps_degrade,gps_degrade,22.4416630678726,0.5175299718879052,0.051975719010361354,0.999987500156248
off_then_ok,2,calibration,f20260909221_gps_degrade,gps_degrade,29.32002890384748,0.49687693008454537,0.16943229817425232,0.999987500156248
off_then_ok,2,calibration,f20260909226_gps_degrade,gps_degrade,740.7770484059469,0.5528390632248349,0.000518515778065276,0.999987500156248
off_then_ok,2,calibration,f20260909230_gps_degrade,gps_degrade,216.53930786030853,0.6023969420717257,0.00011236318400287271,0.999987500156248
off_then_ok,2,calibration,f20260909241_gps_degrade,gps_degrade,25.383426848405723,0.5527993096857288,0.012134842495440612,0.999987500156248
off_then_ok,2,calibration,f20260909242_gps_degrade,gps_degrade,39.55216177792955,0.5643778354877578,0.0008465507179769016,0.999987500156248
off_then_ok,2,calibration,f20260909248_gps_degrade,gps_degrade,66.06736808151805,0.5653529975995057,0.002239139337930185,0.999987500156248
off_then_ok,2,calibration,f20260909252_gps_degrade,gps_degrade,81.24594224673181,0.5193910543220579,0.05239339105373064,0.999987500156248
off_then_ok,2,calibration,f20260909257_gps_degrade,gps_degrade,50.92672496045914,0.5156887725502176,0.015929817629091403,0.999987500156248
off_then_ok,2,calibration,f20260909302_sensor_fault,sensor_fault,73.2604425560985,0.5662364704060092,0.0008504200225454284,1.0373433222579647
off_then_ok,2,calibration,f20260909303_sensor_fault,sensor_fault,20.150389571707482,0.4767257357485477,0.0043388366638758,0.9999990000010001
off_then_ok,2,calibration,f20260909313_sensor_fault,sensor_fault,19.707455833256148,0.4595777403190388,0.26369952158574783,0.999987500156248
off_then_ok,2,calibration,f20260909315_sensor_fault,sensor_fault,23.49860550009988,0.5189531910737659,0.006517742894678102,0.9999990000010001
off_then_ok,2,calibration,f20260909317_sensor_fault,sensor_fault,15.470019443427713,0.43413525969181566,0.08632585509970292,0.9999990000010001
off_then_ok,2,calibration,f20260909320_sensor_fault,sensor_fault,20.895373393164988,0.491498805438523,0.013247314192688209,0.9999990000010001
off_then_ok,2,calibration,f20260909322_sensor_fault,sensor_fault,16.992554816885534,0.5072871178551621,0.004849310167537424,0.9999990000010001
off_then_ok,2,calibration,f20260909324_sensor_fault,sensor_fault,17.666763715424647,0.4931615048876891,0.02544097321500094,0.9999990000010001
off_then_ok,2,calibration,f20260909326_sensor_fault,sensor_fault,15.78518290404264,0.5055711444135945,0.010970088171195158,1.0373433222579647
off_then_ok,2,calibration,f20260909327_sensor_fault,sensor_fault,84.07800410192691,0.5315260142390209,0.00023274904708969757,0.9999990000010001
off_then_ok,2,calibration,f20260909328_sensor_fault,sensor_fault,17.651171413742137,0.47944748480735844,0.008841073286975254,0.9999990000010001
off_then_ok,2,calibration,f20260909331_sensor_fault,sensor_fault,27.067253417062183,0.4413327615054371,0.19239764098849088,1.0373433222579647
off_then_ok,2,calibration,f20260909335_sensor_fault,sensor_fault,12.208490614603301,0.4676643073914581,0.014290627372286036,0.9999990000010001
off_then_ok,2,calibration,f20260909339_sensor_fault,sensor_fault,12.119492695052838,0.45150674905994664,0.2550742737530297,0.999987500156248
off_then_ok,2,calibration,f20260909342_sensor_fault,sensor_fault,16.388292302481112,0.47592128217792007,0.05333266127719405,1.0373433222579647
off_then_ok,2,calibration,f20260909346_sensor_fault,sensor_fault,15.158936644614236,0.4727470186615282,0.029988252528827974,0.9999990000010001
off_then_ok,2,calibration,f20260909350_sensor_fault,sensor_fault,12.321582783753513,0.43057608465286007,0.3339591526492144,0.999987500156248
off_then_ok,2,calibration,f20260909353_sensor_fault,sensor_fault,26.16376366101444,0.5132317907093509,0.0015034051786090297,0.9999990000010001
off_then_ok,2,calibration,f20260909355_sensor_fault,sensor_fault,18.494985405159763,0.4701727495796045,0.1341167497553306,0.9999990000010001
off_then_ok,2,calibration,f20260909357_sensor_fault,sensor_fault,15.31545345162399,0.49113393915683823,0.01048594134380787,0.9999990000010001
off_then_ok,2,calibration,f210080082905703_gps_degrade,gps_degrade,17.516981311440496,0.5077121307744225,0.006725681439524456,0.9999990000010001
off_then_ok,2,calibration,f45889653030206_gps_degrade,gps_degrade,136.48190232998084,0.5340867297627201,0.0004990109785262264,0.9999990000010001
off_then_ok,2,calibration,f52087898353843_gps_degrade,gps_degrade,326.6082074563086,0.5369270724415831,4.566511892312164e-05,0.9999990000010001
off_then_ok,2,calibration,f80546156924787_gps_degrade,gps_degrade,135.4303336146811,0.535851980981974,0.0006515317423319011,0.9999990000010001
stuck_then_ok,0,seen_test,f115936881981907_gps_degrade,gps_degrade,17.132116860916,0.4843965852201299,0.025578576416122156,0.9999990000010001
stuck_then_ok,0,seen_test,f125406956954866_gps_degrade,gps_degrade,30.443434812758557,0.5077706194190847,0.011238510321547768,0.9999990000010001
stuck_then_ok,0,seen_test,f152849246098291_gps_degrade,gps_degrade,18.41641884352251,0.4825820819701515,0.017029478402249776,0.9999990000010001
stuck_then_ok,0,seen_test,f153363458695622_gps_degrade,gps_degrade,18.983051532622618,0.5065817193474798,0.013052585537055905,0.9999990000010001
stuck_then_ok,0,seen_test,f187049508766390_gps_degrade,gps_degrade,22.198311178487515,0.4664116611810593,0.04982160828444959,0.9999990000010001
stuck_then_ok,0,seen_test,f198225816701839_gps_degrade,gps_degrade,19.274579969977708,0.4960640363181141,0.005867971326949828,0.9999990000010001
stuck_then_ok,0,seen_test,f20260909200_gps_degrade,gps_degrade,14.221951131823717,0.4787781828934442,0.010288800043614432,0.9999990000010001
stuck_then_ok,0,seen_test,f20260909202_gps_degrade,gps_degrade,11.489475714971656,0.44164918437738315,0.04857547592043532,0.9999990000010001
stuck_then_ok,0,seen_test,f20260909213_gps_degrade,gps_degrade,16.12013922844988,0.46121552997559506,0.08725198271972034,0.9999990000010001
stuck_then_ok,0,seen_test,f20260909215_gps_degrade,gps_degrade,20.083305117986725,0.48338867764858295,0.05570579519964802,0.9999990000010001
stuck_then_ok,0,seen_test,f20260909225_gps_degrade,gps_degrade,20.92812786349668,0.4782995815410759,0.03973712755967396,0.9999990000010001
stuck_then_ok,0,seen_test,f20260909229_gps_degrade,gps_degrade,23.139982413089662,0.4725791282595537,0.08119983761769467,0.9999990000010001
stuck_then_ok,0,seen_test,f20260909231_gps_degrade,gps_degrade,13.665776935518824,0.47359663234529475,0.015659620991944512,0.9999990000010001
stuck_then_ok,0,seen_test,f20260909236_gps_degrade,gps_degrade,17.565481804886424,0.4710762853282568,0.04185512621158882,0.9999990000010001
stuck_then_ok,0,seen_test,f20260909237_gps_degrade,gps_degrade,80.62985564931031,0.5765493891334174,0.0004812388274472168,0.9999990000010001
stuck_then_ok,0,seen_test,f210080082905703_gps_degrade,gps_degrade,22.295264784531337,0.5093779271052525,0.008954631250425504,0.9999990000010001
stuck_then_ok,0,seen_test,f214099286138893_gps_degrade,gps_degrade,22.187910595855676,0.4653481607066349,0.05606403510716762,0.9999990000010001
stuck_then_ok,0,seen_test,f251496856152582_gps_degrade,gps_degrade,25.70287061192021,0.5037561802934505,0.00990743768315494,0.9999990000010001
stuck_then_ok,0,seen_test,f272722099923160_gps_degrade,gps_degrade,27.607383664625136,0.48194180043681434,0.05559273979431134,0.9999990000010001
stuck_then_ok,0,seen_test,f36042457135056_gps_degrade,gps_degrade,18.60995060701412,0.49670789298657897,0.02194905089380428,0.9999990000010001
stuck_then_ok,0,seen_test,f38329162600154_gps_degrade,gps_degrade,38.87474389369669,0.5725547217756525,0.000952527748405263,0.9999990000010001
stuck_then_ok,0,seen_test,f7925275977104_gps_degrade,gps_degrade,20.642771805116407,0.5038004748793636,0.022570187167561984,0.9999990000010001
stuck_then_ok,0,unseen,f20260909205_gps_degrade,gps_degrade,2535.4066485705544,0.5942159423769686,1.171315267001205e-10,0.19999980000020004
stuck_then_ok,0,unseen,f20260909207_gps_degrade,gps_degrade,11967.14676739455,0.6362082850535654,0.0,0.19999980000020004
stuck_then_ok,0,unseen,f20260909208_gps_degrade,gps_degrade,305.3060716186766,0.6018810671959766,0.00028384509597279006,0.19999980000020004
stuck_then_ok,0,unseen,f20260909211_gps_degrade,gps_degrade,22190.149607281855,0.6108935076580732,0.0,0.19999980000020004
stuck_then_ok,0,unseen,f20260909217_gps_degrade,gps_degrade,3370.376134251219,0.583050090400152,9.696419223104158e-10,0.19999980000020004
stuck_then_ok,0,unseen,f20260909221_gps_degrade,gps_degrade,142.66631097959447,0.5730617205419062,0.00016156271218714657,0.19999980000020004
stuck_then_ok,0,unseen,f20260909222_gps_degrade,gps_degrade,938.344850998807,0.5902533905625975,1.39272841759297e-06,0.19999980000020004
stuck_then_ok,0,unseen,f20260909223_gps_degrade,gps_degrade,968.5689529105683,0.6113813351609438,1.9796528425430893e-06,0.19999980000020004
stuck_then_ok,0,unseen,f20260909226_gps_degrade,gps_degrade,199414.72498026176,0.662365925338754,0.0,0.19999980000020004
stuck_then_ok,0,unseen,f20260909227_gps_degrade,gps_degrade,2188.1584803582414,0.6417811801194201,1.5954779719606904e-09,0.19999980000020004
stuck_then_ok,0,unseen,f20260909228_gps_degrade,gps_degrade,53305.59171429054,0.6742149723877116,9.992007221626409e-16,0.19999980000020004
stuck_then_ok,0,unseen,f20260909230_gps_degrade,gps_degrade,47001.0192307474,0.5817324297285303,0.0,0.19999980000020004
stuck_then_ok,0,unseen,f20260909235_gps_degrade,gps_degrade,1414.5722841591107,0.6115693018759772,1.6470047548011735e-11,0.19999980000020004
stuck_then_ok,0,unseen,f20260909238_gps_degrade,gps_degrade,912.6847082207918,0.5984478635674446,6.074955816171013e-08,0.19999980000020004
stuck_then_ok,0,unseen,f20260909239_gps_degrade,gps_degrade,27561.24112257571,0.6262782022470594,0.0,0.19999980000020004
stuck_then_ok,0,unseen,f20260909241_gps_degrade,gps_degrade,1440.2568988135426,0.6052246910513236,3.5833054301548373e-09,0.19999980000020004
stuck_then_ok,0,unseen,f20260909242_gps_degrade,gps_degrade,1043.78129762046,0.59366056618911,9.086301711036526e-10,0.19999980000020004
stuck_then_ok,0,unseen,f20260909243_gps_degrade,gps_degrade,4273.581107485432,0.6216699258071039,1.1691980716932449e-11,0.19999980000020004
stuck_then_ok,0,unseen,f20260909244_gps_degrade,gps_degrade,1012.8278152747484,0.569794698587888,8.117431948839737e-09,0.19999980000020004
stuck_then_ok,0,unseen,f20260909246_gps_degrade,gps_degrade,40097.189500664404,0.6142526575010838,0.0,0.19999980000020004
stuck_then_ok,0,unseen,f20260909248_gps_degrade,gps_degrade,2186.0480938767646,0.5912824698630778,6.09354367409054e-07,0.19999980000020004
stuck_then_ok,0,unseen,f20260909249_gps_degrade,gps_degrade,2402498.283025168,0.6848736593011965,0.0,0.19999980000020004
stuck_then_ok,0,unseen,f20260909250_gps_degrade,gps_degrade,1325.230144728216,0.590414396681172,9.455259596391485e-07,0.19999980000020004
stuck_then_ok,0,unseen,f20260909251_gps_degrade,gps_degrade,5777.725335979377,0.5930683982358972,4.39648317751562e-14,0.19999980000020004
stuck_then_ok,0,unseen,f20260909252_gps_degrade,gps_degrade,10399.071712155644,0.5860713413288685,5.329070518200751e-15,0.19999980000020004
stuck_then_ok,0,unseen,f20260909256_gps_degrade,gps_degrade,41.584016990292014,0.48535987487145604,0.0031096576512288365,0.19999980000020004
stuck_then_ok,0,unseen,f20260909257_gps_degrade,gps_degrade,2769.1910687807035,0.5704670061746102,4.8437464150730136e-08,0.19999980000020004
stuck_then_ok,0,unseen,f20260909258_gps_degrade,gps_degrade,124.64324341849847,0.5238800570496851,0.0006819768504581214,0.19999980000020004
stuck_then_ok,0,calibration,f137476638112559_gps_degrade,gps_degrade,22.639901722279447,0.4839391424231221,0.014105717283667163,0.9999990000010001
stuck_then_ok,0,calibration,f148656514407084_gps_degrade,gps_degrade,19.206155332063304,0.47530847456887804,0.07023933649784475,0.9999990000010001
stuck_then_ok,0,calibration,f154051046525415_gps_degrade,gps_degrade,17.196853492022587,0.512143224200794,0.008594884910460454,0.9999990000010001
stuck_then_ok,0,calibration,f157545489308718_gps_degrade,gps_degrade,23.846510626298706,0.5035680420492971,0.031173368939374835,0.9999990000010001
stuck_then_ok,0,calibration,f162578072652318_gps_degrade,gps_degrade,21.75771984815583,0.5148023798371929,0.009037804651140902,0.9999990000010001
stuck_then_ok,0,calibration,f164363336037972_gps_degrade,gps_degrade,26.98939823835006,0.5194974926494982,0.0067768710660829345,0.9999990000010001
stuck_then_ok,0,calibration,f20260909000_nominal,nominal,4.936515175966956,0.35920777129003795,0.12369853098105887,0.15999984000016002
stuck_then_ok,0,calibration,f20260909004_nominal,nominal,10.971004165183219,0.38576872127038203,0.0844955047342354,0.19999980000020004
stuck_then_ok,0,calibration,f20260909005_nominal,nominal,8.561689064598148,0.3683198065210207,0.12055044416558047,0.19999980000020004
stuck_then_ok,0,calibration,f20260909007_nominal,nominal,12.360860790717874,0.3687652254738079,0.2314111998431645,0.19999980000020004
stuck_then_ok,0,calibration,f20260909017_nominal,nominal,8.55884015980774,0.38673431911234724,0.03659917183751127,0.19999980000020004
stuck_then_ok,0,calibration,f20260909021_nominal,nominal,10.595714689500296,0.3964244438829708,0.22726356894889177,0.19999980000020004
stuck_then_ok,0,calibration,f20260909023_nominal,nominal,8.434196364703517,0.37600810137523555,0.1647554554441618,0.19999980000020004
stuck_then_ok,0,calibration,f20260909024_nominal,nominal,10.60509417077315,0.4022281173539594,0.036642102486260764,0.19999980000020004
stuck_then_ok,0,calibration,f20260909025_nominal,nominal,6.634890203707814,0.3731758828879088,0.38188744813230024,0.19999980000020004
stuck_then_ok,0,calibration,f20260909026_nominal,nominal,7.246341218628893,0.369583918548707,0.18354845062605274,0.19999980000020004
stuck_then_ok,0,calibration,f20260909028_nominal,nominal,6.725094887647706,0.362872842511943,0.12095736604603391,0.19999980000020004
stuck_then_ok,0,calibration,f20260909032_nominal,nominal,8.864363035706006,0.3804176266730741,0.36934120983253493,0.19999980000020004
stuck_then_ok,0,calibration,f20260909033_nominal,nominal,3.8617919261618168,0.36126141135997997,0.3741166037830723,0.19999980000020004
stuck_then_ok,0,calibration,f20260909040_nominal,nominal,5.163453690323236,0.3629330662763184,0.1432367937398874,0.19999980000020004
stuck_then_ok,0,calibration,f20260909045_nominal,nominal,13.710859330163562,0.37399814612038274,0.22097882309705574,0.19999980000020004
stuck_then_ok,0,calibration,f20260909046_nominal,nominal,9.712336643758894,0.4037744333686731,0.05012872146158909,0.19999980000020004
stuck_then_ok,0,calibration,f20260909048_nominal,nominal,6.068991560595986,0.36528337343650735,0.18380739103143806,0.19999980000020004
stuck_then_ok,0,calibration,f20260909050_nominal,nominal,8.479552983624197,0.3749024194027334,0.10301079081660902,0.19999980000020004
stuck_then_ok,0,calibration,f20260909056_nominal,nominal,7.669824853890519,0.3587948280269356,0.10881425772874553,0.19999980000020004
stuck_then_ok,0,calibration,f20260909059_nominal,nominal,9.80982569987747,0.3720267319916992,0.09230863679827361,0.19999980000020004
stuck_then_ok,0,calibration,f20260909100_spoof,spoof,9.153452487642982,0.4163808692005927,0.09212010987067931,0.15999984000016002
stuck_then_ok,0,calibration,f20260909102_spoof,spoof,7.637055876170233,0.3727396895638435,0.5265919704782107,0.19999980000020004
stuck_then_ok,0,calibration,f20260909107_spoof,spoof,12.362851103290046,0.4103253281834219,0.07109944036384053,0.19999980000020004
stuck_then_ok,0,calibration,f20260909108_spoof,spoof,560.7228839432463,0.5321144906998192,0.10733237050938949,0.19999980000020004
stuck_then_ok,0,calibration,f20260909115_spoof,spoof,578.5234302486928,0.530928444349344,1.8303841290978617e-05,0.19999980000020004
stuck_then_ok,0,calibration,f20260909118_spoof,spoof,51.525065158625125,0.5015612015234687,0.00645781214660035,0.19999980000020004
stuck_then_ok,0,calibration,f20260909120_spoof,spoof,21.94323006266698,0.4420380646421096,0.03870841242963452,0.19999980000020004
stuck_then_ok,0,calibration,f20260909124_spoof,spoof,9.650723678492414,0.4287361739887082,0.49046031065499995,0.19999980000020004
stuck_then_ok,0,calibration,f20260909126_spoof,spoof,44.16231851217884,0.489632067886302,0.009727675605682218,0.19999980000020004
stuck_then_ok,0,calibration,f20260909127_spoof,spoof,1816.662130683533,0.5418636851723075,1.013543726724464e-07,0.19999980000020004
stuck_then_ok,0,calibration,f20260909130_spoof,spoof,43.602904709401436,0.5080209673884623,0.11715504873775406,0.19999980000020004
stuck_then_ok,0,calibration,f20260909131_spoof,spoof,19.577340649695095,0.4432671918590631,0.25796084879450853,0.19999980000020004
stuck_then_ok,0,calibration,f20260909136_spoof,spoof,85.1528775804307,0.5321958992542414,0.0010033082246422298,0.19999980000020004
stuck_then_ok,0,calibration,f20260909137_spoof,spoof,25.154513078105882,0.467985124175325,0.010961194975853128,0.19999980000020004
stuck_then_ok,0,calibration,f20260909138_spoof,spoof,27.857972228133296,0.4375979760841661,0.02769446803763642,0.19999980000020004
stuck_then_ok,0,calibration,f20260909139_spoof,spoof,59.159824752647935,0.498732419556239,0.04665623279231035,0.19999980000020004
stuck_then_ok,0,calibration,f20260909143_spoof,spoof,8.90986731925676,0.3841000940562205,0.3320508359839133,0.19999980000020004
stuck_then_ok,0,calibration,f20260909147_spoof,spoof,10.342518166771352,0.37694337422607144,0.2748259417463216,0.19999980000020004
stuck_then_ok,0,calibration,f20260909148_spoof,spoof,56.120514835308754,0.4606161042330687,0.01508426572213728,0.19999980000020004
stuck_then_ok,0,calibration,f20260909149_spoof,spoof,8.809075540110678,0.41244080684128315,0.029248838000738298,0.19999980000020004
stuck_then_ok,0,calibration,f20260909206_gps_degrade,gps_degrade,18.443071498899986,0.5047377258600009,0.026795197244551927,0.9999990000010001
stuck_then_ok,0,calibration,f20260909209_gps_degrade,gps_degrade,17.74496471764491,0.4870113108308583,0.027566760422533587,0.9999990000010001
stuck_then_ok,0,calibration,f20260909212_gps_degrade,gps_degrade,16.824028665251415,0.5061816826749204,0.008917098726611172,0.9999990000010001
stuck_then_ok,0,calibration,f20260909214_gps_degrade,gps_degrade,18.252146759640958,0.5181483416495918,0.007946049561741275,0.9999990000010001
stuck_then_ok,0,calibration,f20260909216_gps_degrade,gps_degrade,32.118017746703295,0.4735914895267886,0.05148472983433661,0.9999990000010001
stuck_then_ok,0,calibration,f20260909218_gps_degrade,gps_degrade,18.363912370347027,0.4939817630456611,0.00757900038037429,0.9999990000010001
stuck_then_ok,0,calibration,f20260909219_gps_degrade,gps_degrade,14.056799995656824,0.44474456626905773,0.10300065524798452,0.9999990000010001
stuck_then_ok,0,calibration,f20260909220_gps_degrade,gps_degrade,12.540851047251452,0.4792552344054855,0.010992003143911577,0.9999990000010001
stuck_then_ok,0,calibration,f20260909232_gps_degrade,gps_degrade,58.39141504940943,0.48468829894981014,0.023465665744292985,0.9999990000010001
stuck_then_ok,0,calibration,f20260909233_gps_degrade,gps_degrade,17.60240716952362,0.4689660218345906,0.02098787008823655,0.9999990000010001
stuck_then_ok,0,calibration,f20260909254_gps_degrade,gps_degrade,16.776120783064982,0.4858363688906769,0.006241200696279869,0.9999990000010001
stuck_then_ok,0,calibration,f20260909255_gps_degrade,gps_degrade,13.517847109969706,0.45785512321766614,0.04913044090829799,0.9999990000010001
stuck_then_ok,0,calibration,f20260909305_sensor_fault,sensor_fault,29.48842846114045,0.5204150533433369,0.0010640425251728924,0.9999990000010001
stuck_then_ok,0,calibration,f20260909311_sensor_fault,sensor_fault,38.444902596232495,0.5013444452907625,0.0007040689814252765,0.9999990000010001
stuck_then_ok,0,calibration,f20260909313_sensor_fault,sensor_fault,16.613711811627905,0.4230307120309134,0.10032472253725766,0.95999904000096
stuck_then_ok,0,calibration,f20260909315_sensor_fault,sensor_fault,25.992790351358682,0.5000580794173757,0.0065747100793988045,0.9999990000010001
stuck_then_ok,0,calibration,f20260909316_sensor_fault,sensor_fault,71.1177608236096,0.5360108257824882,0.0038239892704360345,0.9999990000010001
stuck_then_ok,0,calibration,f20260909321_sensor_fault,sensor_fault,34.8489229535182,0.503344009333522,0.0023444033631626615,0.9999990000010001
stuck_then_ok,0,calibration,f20260909324_sensor_fault,sensor_fault,23.81185085650381,0.454385874691861,0.00771066075857485,0.9999990000010001
stuck_then_ok,0,calibration,f20260909325_sensor_fault,sensor_fault,17.608387046788,0.4841259939282039,0.00592593278460718,0.9999990000010001
stuck_then_ok,0,calibration,f20260909330_sensor_fault,sensor_fault,16.68700491049922,0.4184899542358887,0.09614550982024717,0.8399991600008401
stuck_then_ok,0,calibration,f20260909331_sensor_fault,sensor_fault,19.15609671335513,0.4374060570580664,0.06667300872669901,0.9999990000010001
stuck_then_ok,0,calibration,f20260909332_sensor_fault,sensor_fault,12.011148221610066,0.43697990203768683,0.041124602717630965,0.6799993200006801
stuck_then_ok,0,calibration,f20260909333_sensor_fault,sensor_fault,28.50457528343229,0.451752401874458,0.2396577567309165,0.9999990000010001
stuck_then_ok,0,calibration,f20260909334_sensor_fault,sensor_fault,24.271570071868776,0.4637238143187488,0.004215353744844608,0.9999990000010001
stuck_then_ok,0,calibration,f20260909335_sensor_fault,sensor_fault,22.917900431004906,0.4486515452789253,0.019284304412549913,0.9999990000010001
stuck_then_ok,0,calibration,f20260909336_sensor_fault,sensor_fault,16.98032578574529,0.4208876213189957,0.05717141986482088,0.9999990000010001
stuck_then_ok,0,calibration,f20260909343_sensor_fault,sensor_fault,42.24005350151758,0.5160981701545477,0.0008695479576589227,0.9999990000010001
stuck_then_ok,0,calibration,f20260909344_sensor_fault,sensor_fault,46.81125021884955,0.5184813204284221,0.004934766402921009,0.9999990000010001
stuck_then_ok,0,calibration,f20260909346_sensor_fault,sensor_fault,21.450662754175323,0.4535966618559168,0.0214357031872896,0.9999990000010001
stuck_then_ok,0,calibration,f20260909347_sensor_fault,sensor_fault,18.113789021068897,0.49362176462520624,0.0017810542556655484,0.9999990000010001
stuck_then_ok,0,calibration,f20260909356_sensor_fault,sensor_fault,18.713510869111634,0.4306884934617666,0.06058291430714313,0.9199990800009201
stuck_then_ok,0,calibration,f267926232552533_gps_degrade,gps_degrade,18.553797832201244,0.4798713793292438,0.01687864287638341,0.9999990000010001
stuck_then_ok,0,calibration,f80546156924787_gps_degrade,gps_degrade,23.986930856464028,0.5142325172237446,0.0029581734208943278,0.9999990000010001
stuck_then_ok,1,seen_test,f115936881981907_gps_degrade,gps_degrade,21.609385965870075,0.48558289278796224,0.03918303905209353,0.9999990000010001
stuck_then_ok,1,seen_test,f125406956954866_gps_degrade,gps_degrade,39.80621478871676,0.5591660431919047,0.05329377700278859,0.9999990000010001
stuck_then_ok,1,seen_test,f138645354163671_gps_degrade,gps_degrade,57.076136261418156,0.5471976607290883,0.0024244094709204855,0.9999990000010001
stuck_then_ok,1,seen_test,f148656514407084_gps_degrade,gps_degrade,40.08501535218039,0.48623359450971065,0.17182844444108503,0.9999990000010001
stuck_then_ok,1,seen_test,f153363458695622_gps_degrade,gps_degrade,24.012944521436705,0.5102411697465338,0.013189445255764376,0.9999990000010001
stuck_then_ok,1,seen_test,f154051046525415_gps_degrade,gps_degrade,22.021123643017567,0.5377838851518701,0.023272284884110594,0.9999990000010001
stuck_then_ok,1,seen_test,f179243424651613_gps_degrade,gps_degrade,36.6420237121325,0.48244296664178005,0.10552604464854365,0.9999990000010001
stuck_then_ok,1,seen_test,f198225816701839_gps_degrade,gps_degrade,22.649732162964472,0.5117759482157069,0.01292131442839528,0.9999990000010001
stuck_then_ok,1,seen_test,f20260909203_gps_degrade,gps_degrade,10.334264016795291,0.47619410108052856,0.006965612008564603,0.9999990000010001
stuck_then_ok,1,seen_test,f20260909204_gps_degrade,gps_degrade,22.1068479412235,0.5041299806737959,0.014616089200304883,0.9999990000010001
stuck_then_ok,1,seen_test,f20260909212_gps_degrade,gps_degrade,24.372227655770264,0.5505527600629733,0.022909522922860193,0.9999990000010001
stuck_then_ok,1,seen_test,f20260909214_gps_degrade,gps_degrade,17.395738647319757,0.4964319166813081,0.011030513144931753,0.9999990000010001
stuck_then_ok,1,seen_test,f20260909232_gps_degrade,gps_degrade,12.844409634837286,0.46660269628142814,0.01629624144058872,0.9999990000010001
stuck_then_ok,1,seen_test,f20260909233_gps_degrade,gps_degrade,17.275946100298793,0.4987971144084686,0.020452685410019433,0.9999990000010001
stuck_then_ok,1,seen_test,f20260909234_gps_degrade,gps_degrade,10.885935183316075,0.47460812222951293,0.07675337625446232,0.9999990000010001
stuck_then_ok,1,seen_test,f214099286138893_gps_degrade,gps_degrade,36.97505147690015,0.4810806156881224,0.17830786103242957,0.9999990000010001
stuck_then_ok,1,seen_test,f267926232552533_gps_degrade,gps_degrade,32.829550269112914,0.5496168334179907,0.07883517532223705,0.9999990000010001
stuck_then_ok,1,seen_test,f38329162600154_gps_degrade,gps_degrade,66.46615282636097,0.5668097378058002,0.00112229519042506,0.9999990000010001
stuck_then_ok,1,seen_test,f45889653030206_gps_degrade,gps_degrade,46.10684569282328,0.5263902773469196,0.008379054756678439,0.9999990000010001
stuck_then_ok,1,seen_test,f7925275977104_gps_degrade,gps_degrade,25.835878967734335,0.5001450125388923,0.04790880304987133,0.9999990000010001
stuck_then_ok,1,seen_test,f80546156924787_gps_degrade,gps_degrade,43.210344518876624,0.5432407540315916,0.005913041473436187,0.9999990000010001
stuck_then_ok,1,seen_test,f89695495040802_gps_degrade,gps_degrade,66.81580281830253,0.576320350686816,0.0704392105258107,0.9999990000010001
stuck_then_ok,1,unseen,f20260909205_gps_degrade,gps_degrade,564.132517256489,0.6087496202393463,1.2636562577439392e-06,0.19999980000020004
stuck_then_ok,1,unseen,f20260909207_gps_degrade,gps_degrade,3772.5698971339,0.6311532021956997,6.0675908741814055e-12,0.19999980000020004
stuck_then_ok,1,unseen,f20260909208_gps_degrade,gps_degrade,277.0225648530797,0.607739416830093,0.00026566806145167376,0.19999980000020004
stuck_then_ok,1,unseen,f20260909211_gps_degrade,gps_degrade,6755.075096076761,0.603209511988789,8.746936508430281e-11,0.19999980000020004
stuck_then_ok,1,unseen,f20260909217_gps_degrade,gps_degrade,522.09150535262,0.6020276314766185,9.632081651500535e-06,0.19999980000020004
stuck_then_ok,1,unseen,f20260909221_gps_degrade,gps_degrade,91.76272750499679,0.5561150648115752,0.0002944569477859593,0.19999980000020004
stuck_then_ok,1,unseen,f20260909222_gps_degrade,gps_degrade,853.2460422116077,0.5763951503451902,0.00037935937924882257,0.19999980000020004
stuck_then_ok,1,unseen,f20260909223_gps_degrade,gps_degrade,1003.6569753204008,0.5678787142300485,0.00022124955859181838,0.19999980000020004
stuck_then_ok,1,unseen,f20260909226_gps_degrade,gps_degrade,214802.06271988194,0.6117986892849842,1.2656542480726785e-14,0.19999980000020004
stuck_then_ok,1,unseen,f20260909227_gps_degrade,gps_degrade,933.7231297410196,0.6112367479302582,5.154185331091021e-06,0.19999980000020004
stuck_then_ok,1,unseen,f20260909228_gps_degrade,gps_degrade,56436.92566817566,0.6551391193148397,9.996985461668828e-10,0.19999980000020004
stuck_then_ok,1,unseen,f20260909230_gps_degrade,gps_degrade,7724.053278766596,0.5929971955570498,3.441691376337985e-14,0.19999980000020004
stuck_then_ok,1,unseen,f20260909235_gps_degrade,gps_degrade,455.86974769896324,0.6214855638325834,3.1968429015094557e-09,0.19999980000020004
stuck_then_ok,1,unseen,f20260909238_gps_degrade,gps_degrade,645.2075113672464,0.5746963460987493,1.9000608445507439e-06,0.19999980000020004
stuck_then_ok,1,unseen,f20260909239_gps_degrade,gps_degrade,25897.628125507414,0.596896133019018,9.82300019103377e-10,0.19999980000020004
stuck_then_ok,1,unseen,f20260909241_gps_degrade,gps_degrade,369.2738539919158,0.6372472608965676,1.858313208535911e-06,0.19999980000020004
stuck_then_ok,1,unseen,f20260909242_gps_degrade,gps_degrade,272.9812536997703,0.5757932513198774,2.1720559051363608e-07,0.19999980000020004
stuck_then_ok,1,unseen,f20260909243_gps_degrade,gps_degrade,1376.0314387135556,0.5969798931012235,1.98383285088255e-06,0.19999980000020004
stuck_then_ok,1,unseen,f20260909244_gps_degrade,gps_degrade,178.07106015243448,0.5555499632377401,1.3573206496531043e-06,0.19999980000020004
stuck_then_ok,1,unseen,f20260909246_gps_degrade,gps_degrade,6315.26249533596,0.5991082936285129,1.1328715743275097e-12,0.19999980000020004
stuck_then_ok,1,unseen,f20260909248_gps_degrade,gps_degrade,2181.122301980919,0.5931109569754934,4.190400023462715e-05,0.19999980000020004
stuck_then_ok,1,unseen,f20260909249_gps_degrade,gps_degrade,2554963.055959417,0.6519890323897759,0.0,0.19999980000020004
stuck_then_ok,1,unseen,f20260909250_gps_degrade,gps_degrade,1404.6435919685593,0.5652453006824204,0.00012040344756314436,0.19999980000020004
stuck_then_ok,1,unseen,f20260909251_gps_degrade,gps_degrade,1212.5330460359796,0.6140695038636409,1.7949246866599822e-08,0.19999980000020004
stuck_then_ok,1,unseen,f20260909252_gps_degrade,gps_degrade,1564.1402139000093,0.5668867285442558,4.403462416924242e-08,0.19999980000020004
stuck_then_ok,1,unseen,f20260909256_gps_degrade,gps_degrade,22.946889017803787,0.5073824699486477,0.009172751367990006,0.19999980000020004
stuck_then_ok,1,unseen,f20260909257_gps_degrade,gps_degrade,3321.754172729709,0.5644984554386699,3.3932167054051554e-05,0.19999980000020004
stuck_then_ok,1,unseen,f20260909258_gps_degrade,gps_degrade,50.37885523136238,0.5093323654569348,0.0006269204318471999,0.19999980000020004
stuck_then_ok,1,calibration,f103716604252706_gps_degrade,gps_degrade,30.261130756125137,0.552355693227011,0.05262982898885227,0.9999990000010001
stuck_then_ok,1,calibration,f105048958709988_gps_degrade,gps_degrade,38.487390071253664,0.4734045499243544,0.20604550840159797,0.9999990000010001
stuck_then_ok,1,calibration,f137476638112559_gps_degrade,gps_degrade,18.996474425610305,0.5006490647372158,0.02657962071369846,0.9999990000010001
stuck_then_ok,1,calibration,f157545489308718_gps_degrade,gps_degrade,23.91611135497179,0.5066972547868447,0.0251906235449344,0.9999990000010001
stuck_then_ok,1,calibration,f179117136627038_gps_degrade,gps_degrade,59.28888312399291,0.5161841731484264,0.2614901064413646,0.9999990000010001
stuck_then_ok,1,calibration,f187049508766390_gps_degrade,gps_degrade,41.181862546517266,0.4725538412107958,0.15842692257270952,0.9999990000010001
stuck_then_ok,1,calibration,f20260909001_nominal,nominal,10.798522930387547,0.4033256798739417,0.13150528772333347,0.19999980000020004
stuck_then_ok,1,calibration,f20260909004_nominal,nominal,5.902077858860953,0.36762686447460646,0.17927748558550927,0.19999980000020004
stuck_then_ok,1,calibration,f20260909011_nominal,nominal,4.590940551765217,0.369989293072338,0.1483956306364036,0.19999980000020004
stuck_then_ok,1,calibration,f20260909016_nominal,nominal,5.319368843115351,0.369857303653512,0.27896259308092464,0.19999980000020004
stuck_then_ok,1,calibration,f20260909017_nominal,nominal,10.21223106543189,0.39647386246136107,0.06170129268102065,0.19999980000020004
stuck_then_ok,1,calibration,f20260909019_nominal,nominal,6.276959337147313,0.38126159513008173,0.21481510588730912,0.19999980000020004
stuck_then_ok,1,calibration,f20260909022_nominal,nominal,9.714227276920903,0.38348576241435905,0.30600149886404293,0.19999980000020004
stuck_then_ok,1,calibration,f20260909025_nominal,nominal,14.847170593975955,0.39705906268910035,0.23942048469854438,0.19999980000020004
stuck_then_ok,1,calibration,f20260909026_nominal,nominal,14.252396498095127,0.4112280396809663,0.3699352213839655,0.19999980000020004
stuck_then_ok,1,calibration,f20260909030_nominal,nominal,7.007638966574087,0.36606297108482827,0.17452438320377373,0.19999980000020004
stuck_then_ok,1,calibration,f20260909035_nominal,nominal,5.41748485793416,0.3649623911092171,0.15424669887665143,0.19999980000020004
stuck_then_ok,1,calibration,f20260909038_nominal,nominal,5.688773744197263,0.37177756350619684,0.13344093394214063,0.19999980000020004
stuck_then_ok,1,calibration,f20260909040_nominal,nominal,8.008652422684793,0.37485193034634307,0.13827444925572274,0.19999980000020004
stuck_then_ok,1,calibration,f20260909041_nominal,nominal,23.70551573464177,0.38990867659193273,0.24536581401526658,0.19999980000020004
stuck_then_ok,1,calibration,f20260909042_nominal,nominal,9.205311666823217,0.36763935266438946,0.17373323172413568,0.19999980000020004
stuck_then_ok,1,calibration,f20260909047_nominal,nominal,7.24175354963059,0.3579728266653009,0.17740880783711444,0.19999980000020004
stuck_then_ok,1,calibration,f20260909049_nominal,nominal,4.306053083331728,0.3701035724934877,0.18787736967760438,0.19999980000020004
stuck_then_ok,1,calibration,f20260909051_nominal,nominal,5.807739538571185,0.361975148089391,0.2037158310384889,0.19999980000020004
stuck_then_ok,1,calibration,f20260909056_nominal,nominal,5.9570748143456616,0.3659877316052996,0.23203284773836141,0.19999980000020004
stuck_then_ok,1,calibration,f20260909058_nominal,nominal,54.94902481205962,0.4276384830131427,0.4696509232407594,0.19999980000020004
stuck_then_ok,1,calibration,f20260909101_spoof,spoof,21.76392218722099,0.4617800111698935,0.11609696700761007,0.19999980000020004
stuck_then_ok,1,calibration,f20260909102_spoof,spoof,23.111904358504407,0.4767133085067659,0.13682402424852136,0.19999980000020004
stuck_then_ok,1,calibration,f20260909104_spoof,spoof,17.12296994901089,0.4374706906001872,0.23739470901335313,0.19999980000020004
stuck_then_ok,1,calibration,f20260909106_spoof,spoof,18.22917842228083,0.46465419250188544,0.11368020971317572,0.19999980000020004
stuck_then_ok,1,calibration,f20260909107_spoof,spoof,20.269737390280458,0.47588278660686595,0.12384645597301991,0.19999980000020004
stuck_then_ok,1,calibration,f20260909108_spoof,spoof,67.74649732842894,0.5613421990744434,0.03394182537451462,0.19999980000020004
stuck_then_ok,1,calibration,f20260909111_spoof,spoof,13.174852827150964,0.4324856908675674,0.31652973308738863,0.19999980000020004
stuck_then_ok,1,calibration,f20260909117_spoof,spoof,14.471544525267147,0.41670697999921946,0.3667769952461992,0.19999980000020004
stuck_then_ok,1,calibration,f20260909121_spoof,spoof,26.797215211341697,0.426825021430878,0.5256209624137582,0.19999980000020004
stuck_then_ok,1,calibration,f20260909125_spoof,spoof,17.961372895583082,0.4360727222774407,0.18549054429733358,0.19999980000020004
stuck_then_ok,1,calibration,f20260909127_spoof,spoof,262.12623810901107,0.5641822315664213,3.231056134145316e-05,0.19999980000020004
stuck_then_ok,1,calibration,f20260909133_spoof,spoof,15.740000808439335,0.4520521749642913,0.19989076849016174,0.19999980000020004
stuck_then_ok,1,calibration,f20260909140_spoof,spoof,22.505388888332135,0.4982276562284039,0.10944143554777408,0.19999980000020004
stuck_then_ok,1,calibration,f20260909142_spoof,spoof,18.226746582968836,0.4519794476922286,0.04553983432240627,0.19999980000020004
stuck_then_ok,1,calibration,f20260909144_spoof,spoof,10.213994596512237,0.39490518534756835,0.35247584747136607,0.19999980000020004
stuck_then_ok,1,calibration,f20260909150_spoof,spoof,68.88663965966313,0.49582524461546834,0.2787837216309449,0.19999980000020004
stuck_then_ok,1,calibration,f20260909152_spoof,spoof,13.006461363404084,0.447999620421537,0.13690549668737428,0.19999980000020004
stuck_then_ok,1,calibration,f20260909153_spoof,spoof,27.55998977267121,0.4420143497198489,0.23291337398541156,0.19999980000020004
stuck_then_ok,1,calibration,f20260909157_spoof,spoof,36.49896339237365,0.5029378737854736,0.10773590095658625,0.19999980000020004
stuck_then_ok,1,calibration,f20260909158_spoof,spoof,14.70607130821284,0.42885839982101387,0.07339257935817711,0.19999980000020004
stuck_then_ok,1,calibration,f20260909201_gps_degrade,gps_degrade,16.951154622212666,0.4475872186837458,0.1015431165762265,0.9999990000010001
stuck_then_ok,1,calibration,f20260909202_gps_degrade,gps_degrade,16.367937120010705,0.49617404113424096,0.04394972143116682,0.9999990000010001
stuck_then_ok,1,calibration,f20260909206_gps_degrade,gps_degrade,12.713183192540917,0.4771465937227189,0.020962343998464972,0.9999990000010001
stuck_then_ok,1,calibration,f20260909216_gps_degrade,gps_degrade,30.366565973453632,0.4825096590010118,0.10600290312884009,0.9999990000010001
stuck_then_ok,1,calibration,f20260909220_gps_degrade,gps_degrade,12.219564443122481,0.48847095057808637,0.01147698873091152,0.9999990000010001
stuck_then_ok,1,calibration,f20260909224_gps_degrade,gps_degrade,13.435937594580661,0.47400111561076386,0.025835153152027557,0.9999990000010001
stuck_then_ok,1,calibration,f20260909229_gps_degrade,gps_degrade,28.519858503544164,0.5046158344523237,0.18972782495901497,0.9999990000010001
stuck_then_ok,1,calibration,f20260909240_gps_degrade,gps_degrade,21.04769163385159,0.5127317941622795,0.02372574668738503,0.9999990000010001
stuck_then_ok,1,calibration,f20260909253_gps_degrade,gps_degrade,27.801227860807252,0.4667493927502351,0.1469875971783825,0.9999990000010001
stuck_then_ok,1,calibration,f20260909259_gps_degrade,gps_degrade,32.49353799134477,0.5407935294464282,0.027216080765096073,0.9999990000010001
stuck_then_ok,1,calibration,f20260909302_sensor_fault,sensor_fault,39.99855805598121,0.5034953464698829,0.0054995087547399235,0.9999990000010001
stuck_then_ok,1,calibration,f20260909303_sensor_fault,sensor_fault,28.75839445964033,0.5190162312525634,0.01664550563258549,0.9999990000010001
stuck_then_ok,1,calibration,f20260909308_sensor_fault,sensor_fault,20.217508609174647,0.4931611375703191,0.015380353437152161,0.9999990000010001
stuck_then_ok,1,calibration,f20260909311_sensor_fault,sensor_fault,20.35539879024077,0.5060073162810015,0.0036433037805007062,0.9999990000010001
stuck_then_ok,1,calibration,f20260909315_sensor_fault,sensor_fault,17.04365851200282,0.4949663347162549,0.027705470888143235,0.9999990000010001
stuck_then_ok,1,calibration,f20260909320_sensor_fault,sensor_fault,15.855760066604919,0.45430986046308225,0.01987131515061691,0.9999990000010001
stuck_then_ok,1,calibration,f20260909324_sensor_fault,sensor_fault,31.264499335130605,0.48850064372324015,0.03372449341129635,0.9999990000010001
stuck_then_ok,1,calibration,f20260909330_sensor_fault,sensor_fault,16.600478843865346,0.4284060594202664,0.1493891822085085,0.8399991600008401
stuck_then_ok,1,calibration,f20260909337_sensor_fault,sensor_fault,11.921474142717333,0.45830927872194943,0.010004506043979067,0.9999990000010001
stuck_then_ok,1,calibration,f20260909339_sensor_fault,sensor_fault,26.747472800848726,0.4683160461331257,0.2437481926344386,0.71999928000072
stuck_then_ok,1,calibration,f20260909341_sensor_fault,sensor_fault,28.691960744749373,0.5413585044694179,0.004750367922021104,0.9999990000010001
stuck_then_ok,1,calibration,f20260909346_sensor_fault,sensor_fault,14.610259075881444,0.45811039793740305,0.05005688393382712,0.9999990000010001
stuck_then_ok,1,calibration,f20260909347_sensor_fault,sensor_fault,17.7413829988739,0.489197616746769,0.014257392444165906,0.9999990000010001
stuck_then_ok,1,calibration,f20260909348_sensor_fault,sensor_fault,17.90226275866578,0.4573499002359268,0.1497635035166891,0.8399991600008401
stuck_then_ok,1,calibration,f20260909349_sensor_fault,sensor_fault,16.622058349205663,0.45136914545229667,0.05730811837814109,0.9999990000010001
stuck_then_ok,1,calibration,f20260909352_sensor_fault,sensor_fault,25.110110799771736,0.4671940112738094,0.1411588571703506,0.9999990000010001
stuck_then_ok,1,calibration,f20260909353_sensor_fault,sensor_fault,17.57731474570607,0.47780651252421846,0.007749764214340038,0.9999990000010001
stuck_then_ok,1,calibration,f20260909354_sensor_fault,sensor_fault,20.56151183284508,0.4569034745773484,0.052120156036877474,0.9999990000010001
stuck_then_ok,1,calibration,f20260909357_sensor_fault,sensor_fault,76.83644303341603,0.49831032137887454,0.01846975928086425,0.9999990000010001
stuck_then_ok,1,calibration,f20260909359_sensor_fault,sensor_fault,21.10094290496986,0.4906958060650779,0.005010200248759755,0.9999990000010001
stuck_then_ok,1,calibration,f210080082905703_gps_degrade,gps_degrade,19.421945184867525,0.5140717524447651,0.017652874974288135,0.9999990000010001
stuck_then_ok,1,calibration,f272722099923160_gps_degrade,gps_degrade,29.69862524583676,0.5012682374088775,0.05596909596860833,0.9999990000010001
stuck_then_ok,1,calibration,f27414466462551_gps_degrade,gps_degrade,29.608646696771054,0.5153886374432868,0.032103099236111765,0.9999990000010001
stuck_then_ok,1,calibration,f52087898353843_gps_degrade,gps_degrade,66.97319140302191,0.5665625312565767,0.0018189205628891258,0.9999990000010001
stuck_then_ok,2,seen_test,f103716604252706_gps_degrade,gps_degrade,28.16811742994141,0.5028061543681274,0.022779457709998674,0.9999990000010001
stuck_then_ok,2,seen_test,f115936881981907_gps_degrade,gps_degrade,12.434513927718665,0.463742104212961,0.04386414380454384,0.9999990000010001
stuck_then_ok,2,seen_test,f125406956954866_gps_degrade,gps_degrade,45.476585165719115,0.506937884053957,0.06678161316109765,0.9999990000010001
stuck_then_ok,2,seen_test,f148656514407084_gps_degrade,gps_degrade,29.72316876313742,0.4912193554972921,0.1827109510361341,0.9999990000010001
stuck_then_ok,2,seen_test,f162578072652318_gps_degrade,gps_degrade,13.378689491927153,0.4783684149565997,0.010234167071904943,0.9999990000010001
stuck_then_ok,2,seen_test,f179117136627038_gps_degrade,gps_degrade,61.283307689087735,0.5000990663984243,0.2698084615546037,0.9999990000010001
stuck_then_ok,2,seen_test,f20260909200_gps_degrade,gps_degrade,16.489067600653396,0.4852764715334976,0.018889557079279973,0.9999990000010001
stuck_then_ok,2,seen_test,f20260909201_gps_degrade,gps_degrade,25.78041037878593,0.4633472867388449,0.14072796171557433,0.9999990000010001
stuck_then_ok,2,seen_test,f20260909213_gps_degrade,gps_degrade,22.839436818316912,0.45382049589940604,0.14310663251368727,0.9999990000010001
stuck_then_ok,2,seen_test,f20260909219_gps_degrade,gps_degrade,23.77731962176755,0.46153231085195034,0.18749935863414025,0.9999990000010001
stuck_then_ok,2,seen_test,f20260909224_gps_degrade,gps_degrade,20.91654239815945,0.5186707297719501,0.06911532021121669,0.9999990000010001
stuck_then_ok,2,seen_test,f20260909225_gps_degrade,gps_degrade,27.033867134046037,0.5050675353639189,0.1237748099556274,0.9999990000010001
stuck_then_ok,2,seen_test,f20260909229_gps_degrade,gps_degrade,34.74382291804258,0.48751318928046944,0.2605603172775973,0.9999990000010001
stuck_then_ok,2,seen_test,f20260909231_gps_degrade,gps_degrade,15.130186936410611,0.45843408241571676,0.02230245552557064,0.9999990000010001
stuck_then_ok,2,seen_test,f20260909233_gps_degrade,gps_degrade,23.848254620505152,0.5015815319176239,0.06063195709312352,0.9999990000010001
stuck_then_ok,2,seen_test,f20260909234_gps_degrade,gps_degrade,21.872149672474013,0.5099333993037273,0.15472645135920948,0.9999990000010001
stuck_then_ok,2,seen_test,f20260909236_gps_degrade,gps_degrade,25.43698804114263,0.4675904740091378,0.10701577541158047,0.9999990000010001
stuck_then_ok,2,seen_test,f20260909240_gps_degrade,gps_degrade,14.581664466436166,0.4799834821454022,0.024047646621835228,0.9999990000010001
stuck_then_ok,2,seen_test,f20260909253_gps_degrade,gps_degrade,25.095068836297315,0.47334653707095686,0.15908863216048852,0.9999990000010001
stuck_then_ok,2,seen_test,f27414466462551_gps_degrade,gps_degrade,18.373669971875405,0.4943332599840955,0.03416720314171262,0.9999990000010001
stuck_then_ok,2,seen_test,f36042457135056_gps_degrade,gps_degrade,15.843902536604311,0.49265621897916284,0.042022107596845326,0.9999990000010001
stuck_then_ok,2,seen_test,f38329162600154_gps_degrade,gps_degrade,48.267280101039674,0.5674237855088572,0.0009251085297686812,0.9999990000010001
stuck_then_ok,2,unseen,f20260909205_gps_degrade,gps_degrade,2193.130743784791,0.5701996680165129,1.0615720857920508e-08,0.19999980000020004
stuck_then_ok,2,unseen,f20260909207_gps_degrade,gps_degrade,11070.932784066908,0.5682510957069954,8.704148513061227e-14,0.19999980000020004
stuck_then_ok,2,unseen,f20260909208_gps_degrade,gps_degrade,360.3493291295395,0.5561713478723919,0.010056035149225373,0.19999980000020004
stuck_then_ok,2,unseen,f20260909211_gps_degrade,gps_degrade,19166.43719885408,0.5592996723894862,3.5083047578154947e-14,0.19999980000020004
stuck_then_ok,2,unseen,f20260909217_gps_degrade,gps_degrade,2824.503333129146,0.5358823781944537,1.3232701157050997e-08,0.19999980000020004
stuck_then_ok,2,unseen,f20260909221_gps_degrade,gps_degrade,137.73936577709844,0.5209952122689696,0.0002771226924879189,0.19999980000020004
stuck_then_ok,2,unseen,f20260909222_gps_degrade,gps_degrade,1181.3492601446892,0.5504005500702053,0.005135923085778371,0.19999980000020004
stuck_then_ok,2,unseen,f20260909223_gps_degrade,gps_degrade,1261.22027546,0.5636564489707844,0.04080910740048993,0.19999980000020004
stuck_then_ok,2,unseen,f20260909226_gps_degrade,gps_degrade,228310.49663294567,0.5993338519129437,0.0,0.19999980000020004
stuck_then_ok,2,unseen,f20260909227_gps_degrade,gps_degrade,2094.544914325366,0.5782507725357205,1.3873184627422042e-05,0.19999980000020004
stuck_then_ok,2,unseen,f20260909228_gps_degrade,gps_degrade,60651.07577555588,0.6313244544709323,8.809964646694368e-09,0.19999980000020004
stuck_then_ok,2,unseen,f20260909230_gps_degrade,gps_degrade,38677.7052037628,0.5340580184390258,0.0,0.19999980000020004
stuck_then_ok,2,unseen,f20260909235_gps_degrade,gps_degrade,1353.042661141795,0.5730452061167635,1.1339051919634358e-10,0.19999980000020004
stuck_then_ok,2,unseen,f20260909238_gps_degrade,gps_degrade,933.6337542011992,0.5318153690729495,1.4138528301343989e-05,0.19999980000020004
stuck_then_ok,2,unseen,f20260909239_gps_degrade,gps_degrade,33602.25843111199,0.5701318905637089,0.04113972845501079,0.19999980000020004
stuck_then_ok,2,unseen,f20260909241_gps_degrade,gps_degrade,1332.9547025979357,0.5630604773791585,2.8215445424528696e-07,0.19999980000020004
stuck_then_ok,2,unseen,f20260909242_gps_degrade,gps_degrade,978.3709708080485,0.528415726331021,8.277803886791446e-09,0.19999980000020004
stuck_then_ok,2,unseen,f20260909243_gps_degrade,gps_degrade,3894.3242475676043,0.5708054268907439,1.0580557796568968e-07,0.19999980000020004
stuck_then_ok,2,unseen,f20260909244_gps_degrade,gps_degrade,994.0124654373169,0.5295355638193115,2.5901610634093686e-08,0.19999980000020004
stuck_then_ok,2,unseen,f20260909246_gps_degrade,gps_degrade,33264.00971967815,0.5647796633685873,0.0,0.19999980000020004
stuck_then_ok,2,unseen,f20260909248_gps_degrade,gps_degrade,2808.157871230211,0.5516140050800241,0.47846629977538535,0.19999980000020004
stuck_then_ok,2,unseen,f20260909249_gps_degrade,gps_degrade,2713008.2359176823,0.6139980553933351,0.0,0.19999980000020004
stuck_then_ok,2,unseen,f20260909250_gps_degrade,gps_degrade,1733.0817760483337,0.5303145810271064,0.018163228999004133,0.19999980000020004
stuck_then_ok,2,unseen,f20260909251_gps_degrade,gps_degrade,4993.4007140956455,0.5460113086245217,2.4494184458490054e-11,0.19999980000020004
stuck_then_ok,2,unseen,f20260909252_gps_degrade,gps_degrade,8762.671273121145,0.5303649114654968,1.6764367671839864e-13,0.19999980000020004
stuck_then_ok,2,unseen,f20260909256_gps_degrade,gps_degrade,39.87921619240418,0.4789792805407308,0.009549659197293336,0.19999980000020004
stuck_then_ok,2,unseen,f20260909257_gps_degrade,gps_degrade,3985.8972097179103,0.5536811077404213,0.15981140171878072,0.19999980000020004
stuck_then_ok,2,unseen,f20260909258_gps_degrade,gps_degrade,78.44984946533201,0.4986688939474854,0.0009348018121089208,0.19999980000020004
stuck_then_ok,2,calibration,f105048958709988_gps_degrade,gps_degrade,35.4653166362,0.4801074641029514,0.3308492526209974,0.9999990000010001
stuck_then_ok,2,calibration,f137476638112559_gps_degrade,gps_degrade,14.039019855221827,0.4775953844717293,0.020686224027713918,0.9999990000010001
stuck_then_ok,2,calibration,f138645354163671_gps_degrade,gps_degrade,36.54466118124344,0.5331394029463664,0.0023968849676084814,0.9999990000010001
stuck_then_ok,2,calibration,f154051046525415_gps_degrade,gps_degrade,11.20887689213187,0.4880851920341137,0.014900237025847085,0.9999990000010001
stuck_then_ok,2,calibration,f187049508766390_gps_degrade,gps_degrade,34.37945630361876,0.48383627940176016,0.20586516535467636,0.9999990000010001
stuck_then_ok,2,calibration,f20260909001_nominal,nominal,14.486432788902492,0.43607990430026744,0.04458169383596189,0.19999980000020004
stuck_then_ok,2,calibration,f20260909002_nominal,nominal,6.2363047198409305,0.37738762873598575,0.45875385212078157,0.19999980000020004
stuck_then_ok,2,calibration,f20260909005_nominal,nominal,8.889425679470328,0.37895507349645136,0.5214260382429483,0.19999980000020004
stuck_then_ok,2,calibration,f20260909008_nominal,nominal,9.457842587205334,0.3844212645579518,0.06432035077508291,0.19999980000020004
stuck_then_ok,2,calibration,f20260909011_nominal,nominal,4.803884640220476,0.3699368190528927,0.449372980867665,0.19999980000020004
stuck_then_ok,2,calibration,f20260909014_nominal,nominal,10.843276647751788,0.3848977870977617,0.22423960592272651,0.19999980000020004
stuck_then_ok,2,calibration,f20260909017_nominal,nominal,7.810358712649129,0.36761665705755203,0.11380844236845511,0.19999980000020004
stuck_then_ok,2,calibration,f20260909019_nominal,nominal,8.561907498290267,0.3993699488434608,0.38800330515115045,0.19999980000020004
stuck_then_ok,2,calibration,f20260909020_nominal,nominal,3.500823306247742,0.37064272413813903,0.09265441280865461,0.19999980000020004
stuck_then_ok,2,calibration,f20260909022_nominal,nominal,8.25302527136252,0.38253155685264967,0.05351848544778326,0.19999980000020004
stuck_then_ok,2,calibration,f20260909025_nominal,nominal,10.99291156026851,0.3887691429972088,0.24777812305227975,0.19999980000020004
stuck_then_ok,2,calibration,f20260909026_nominal,nominal,6.656847681416251,0.3695676212756552,0.12277733387293932,0.19999980000020004
stuck_then_ok,2,calibration,f20260909027_nominal,nominal,4.573790101472274,0.35725774578806496,0.12588949590396903,0.19999980000020004
stuck_then_ok,2,calibration,f20260909034_nominal,nominal,8.979259580230885,0.3795757171159706,0.09219911984557261,0.19999980000020004
stuck_then_ok,2,calibration,f20260909035_nominal,nominal,4.692432849686673,0.35567785860767753,0.13259822963916434,0.19999980000020004
stuck_then_ok,2,calibration,f20260909039_nominal,nominal,6.475335221195812,0.3625383741501996,0.22297810831055354,0.19999980000020004
stuck_then_ok,2,calibration,f20260909048_nominal,nominal,7.610178243283032,0.3689951447293805,0.41046229837476333,0.19999980000020004
stuck_then_ok,2,calibration,f20260909049_nominal,nominal,5.183205219126941,0.3702119136505079,0.2725809693163961,0.19999980000020004
stuck_then_ok,2,calibration,f20260909054_nominal,nominal,6.493367671891528,0.3615585632490646,0.2591873774365505,0.19999980000020004
stuck_then_ok,2,calibration,f20260909059_nominal,nominal,7.09159909259504,0.3762701987764658,0.10222669502722803,0.19999980000020004
stuck_then_ok,2,calibration,f20260909102_spoof,spoof,6.780980159082881,0.3744147667204129,0.5190063528241337,0.19999980000020004
stuck_then_ok,2,calibration,f20260909103_spoof,spoof,12.147744158718476,0.4203880963267428,0.08268787434203717,0.19999980000020004
stuck_then_ok,2,calibration,f20260909111_spoof,spoof,4.458975364972174,0.3700196984387907,0.21423490394903277,0.19999980000020004
stuck_then_ok,2,calibration,f20260909121_spoof,spoof,30.581007268156785,0.4065425205421618,0.45960185737370896,0.19999980000020004
stuck_then_ok,2,calibration,f20260909123_spoof,spoof,7.999680572044151,0.38089487674323863,0.17883526632298852,0.19999980000020004
stuck_then_ok,2,calibration,f20260909125_spoof,spoof,22.69083448357287,0.4164636372756904,0.1727162145066331,0.19999980000020004
stuck_then_ok,2,calibration,f20260909126_spoof,spoof,33.937900428452686,0.4879216224619574,0.002817949005525122,0.19999980000020004
stuck_then_ok,2,calibration,f20260909128_spoof,spoof,20.38585813297354,0.4826579034415585,0.015612429390981175,0.19999980000020004
stuck_then_ok,2,calibration,f20260909131_spoof,spoof,11.574726761432952,0.43696150853494314,0.1896863483776272,0.19999980000020004
stuck_then_ok,2,calibration,f20260909136_spoof,spoof,73.82275920649401,0.5042157361542757,0.0011237678851614419,0.19999980000020004
stuck_then_ok,2,calibration,f20260909137_spoof,spoof,25.100885854829556,0.46210120358608203,0.014399833013279961,0.19999980000020004
stuck_then_ok,2,calibration,f20260909140_spoof,spoof,8.948564663396738,0.41047157388821043,0.06726822114111597,0.19999980000020004
stuck_then_ok,2,calibration,f20260909141_spoof,spoof,449.6190183760931,0.5385250765009129,0.0001153840422796204,0.19999980000020004
stuck_then_ok,2,calibration,f20260909145_spoof,spoof,11.986728359035105,0.4448896459771575,0.022375909686023876,0.19999980000020004
stuck_then_ok,2,calibration,f20260909146_spoof,spoof,540.6324061164564,0.52701616101856,5.1679851786667896e-05,0.19999980000020004
stuck_then_ok,2,calibration,f20260909149_spoof,spoof,9.51681715357736,0.4276070858782368,0.036434231626955804,0.19999980000020004
stuck_then_ok,2,calibration,f20260909151_spoof,spoof,15.901537515209878,0.4914491814085903,0.026813288482578912,0.19999980000020004
stuck_then_ok,2,calibration,f20260909154_spoof,spoof,6.94269921703517,0.38088424915542557,0.24679558583754913,0.19999980000020004
stuck_then_ok,2,calibration,f20260909155_spoof,spoof,7.193006991145491,0.3929632206198844,0.16673660071438468,0.19999980000020004
stuck_then_ok,2,calibration,f20260909158_spoof,spoof,6.995167187408275,0.4007381305032486,0.05770961540251229,0.19999980000020004
stuck_then_ok,2,calibration,f20260909202_gps_degrade,gps_degrade,25.02607549220269,0.5029682151600992,0.17469146948909642,0.9999990000010001
stuck_then_ok,2,calibration,f20260909206_gps_degrade,gps_degrade,14.624682957952214,0.4871460631539861,0.034087073726463024,0.9999990000010001
stuck_then_ok,2,calibration,f20260909209_gps_degrade,gps_degrade,24.263520455256458,0.496528036226768,0.1425301086155215,0.9999990000010001
stuck_then_ok,2,calibration,f20260909212_gps_degrade,gps_degrade,20.518586726991305,0.5531970820730997,0.02526396530198427,0.9999990000010001
stuck_then_ok,2,calibration,f20260909214_gps_degrade,gps_degrade,14.82115867091508,0.4928876109180161,0.014044314591427853,0.9999990000010001
stuck_then_ok,2,calibration,f20260909216_gps_degrade,gps_degrade,37.60484748225505,0.47810839134110134,0.10942067772695174,0.9999990000010001
stuck_then_ok,2,calibration,f20260909237_gps_degrade,gps_degrade,99.67328484167643,0.5802806239950056,0.0004842516404960362,0.9999990000010001
stuck_then_ok,2,calibration,f20260909245_gps_degrade,gps_degrade,15.310606891010893,0.475349801104081,0.07115855822624839,0.9999990000010001
stuck_then_ok,2,calibration,f20260909247_gps_degrade,gps_degrade,31.03384297688651,0.4998458543573422,0.3370398349359035,0.9999990000010001
stuck_then_ok,2,calibration,f20260909254_gps_degrade,gps_degrade,16.540485298282814,0.505336370348811,0.014605821009954223,0.9999990000010001
stuck_then_ok,2,calibration,f20260909255_gps_degrade,gps_degrade,19.853100493452516,0.46670404404920696,0.09902126669454914,0.9999990000010001
stuck_then_ok,2,calibration,f20260909302_sensor_fault,sensor_fault,89.77723650691702,0.5682696531339914,0.0005190712896594452,0.9999990000010001
stuck_then_ok,2,calibration,f20260909303_sensor_fault,sensor_fault,30.821953976655276,0.47601831489325497,0.005773851411709496,0.9999990000010001
stuck_then_ok,2,calibration,f20260909304_sensor_fault,sensor_fault,23.965438895430655,0.49742179030179673,0.0024091428136339132,0.9999990000010001
stuck_then_ok,2,calibration,f20260909315_sensor_fault,sensor_fault,19.495129544232658,0.4826909825304855,0.010088541979393018,0.9999990000010001
stuck_then_ok,2,calibration,f20260909316_sensor_fault,sensor_fault,73.5214338429302,0.524532710235178,0.001600864014723813,0.9999990000010001
stuck_then_ok,2,calibration,f20260909319_sensor_fault,sensor_fault,19.70705832104383,0.42926907496608896,0.15134909183546708,0.9999990000010001
stuck_then_ok,2,calibration,f20260909322_sensor_fault,sensor_fault,23.73724168655871,0.5015603413040484,0.0018709276924918639,0.9999990000010001
stuck_then_ok,2,calibration,f20260909326_sensor_fault,sensor_fault,18.024183656610177,0.5031371563771281,0.0028534479808041135,0.9999990000010001
stuck_then_ok,2,calibration,f20260909327_sensor_fault,sensor_fault,114.21194368033733,0.5368288522460744,8.021112561118482e-05,0.9999990000010001
stuck_then_ok,2,calibration,f20260909331_sensor_fault,sensor_fault,29.51751947917578,0.43715293363271,0.1462113872045766,0.9999990000010001
stuck_then_ok,2,calibration,f20260909333_sensor_fault,sensor_fault,16.539465368199128,0.4204535931193853,0.1226955463980729,0.9999990000010001
stuck_then_ok,2,calibration,f20260909335_sensor_fault,sensor_fault,17.54902943019826,0.45215278691358335,0.026269426227936266,0.9999990000010001
stuck_then_ok,2,calibration,f20260909336_sensor_fault,sensor_fault,17.864067623865996,0.4296577491210345,0.11158974465703198,0.9999990000010001
stuck_then_ok,2,calibration,f20260909337_sensor_fault,sensor_fault,18.542109652995816,0.4772663759786422,0.0038741329578463324,0.9999990000010001
stuck_then_ok,2,calibration,f20260909339_sensor_fault,sensor_fault,29.93898518555438,0.461748803821107,0.1991163358228839,0.71999928000072
stuck_then_ok,2,calibration,f20260909341_sensor_fault,sensor_fault,30.871261944613426,0.564637050472604,0.0028772187015344564,0.9999990000010001
stuck_then_ok,2,calibration,f20260909344_sensor_fault,sensor_fault,93.58058017215036,0.5421900691263976,0.00255382982451946,0.9999990000010001
stuck_then_ok,2,calibration,f20260909345_sensor_fault,sensor_fault,25.53969771979395,0.48929547927750344,0.01851591634638916,0.9999990000010001
stuck_then_ok,2,calibration,f20260909350_sensor_fault,sensor_fault,22.4046889030007,0.4324574432300718,0.4729199722488818,0.47999952000048
stuck_then_ok,2,calibration,f20260909351_sensor_fault,sensor_fault,10.778229697010152,0.4580025461244454,0.020757573651810413,0.9999990000010001
stuck_then_ok,2,calibration,f210080082905703_gps_degrade,gps_degrade,14.702633304532316,0.4930977121845527,0.021231300198158998,0.9999990000010001
stuck_then_ok,2,calibration,f214099286138893_gps_degrade,gps_degrade,33.4544402497946,0.48520559245507616,0.18765057617217518,0.9999990000010001
stuck_then_ok,2,calibration,f251496856152582_gps_degrade,gps_degrade,15.477902573685595,0.4877336297441215,0.01704063563034286,0.9999990000010001
stuck_then_ok,2,calibration,f7925275977104_gps_degrade,gps_degrade,18.872662635492393,0.5099468710304225,0.04965647915375215,0.9999990000010001
baro_stuck,0,seen_test,f20260909307_sensor_fault,sensor_fault,14.62186808444514,0.47525408194003904,0.022363567302933096,0.9999990000010001
baro_stuck,0,seen_test,f20260909313_sensor_fault,sensor_fault,19.316021809828957,0.4529742667593559,0.08690401225398181,0.95999904000096
baro_stuck,0,seen_test,f20260909318_sensor_fault,sensor_fault,19.976102753590673,0.5220335474462643,0.006168849505038376,0.9999990000010001
baro_stuck,0,seen_test,f20260909338_sensor_fault,sensor_fault,16.14992600861683,0.5086440736357017,0.01360752628559958,0.9999990000010001
baro_stuck,0,seen_test,f20260909339_sensor_fault,sensor_fault,13.613622844270234,0.4879521560070382,0.08422722458855936,0.9999750006249843
baro_stuck,0,seen_test,f20260909340_sensor_fault,sensor_fault,15.963397571912502,0.49333080566760124,0.01761828440323887,0.9999990000010001
baro_stuck,0,seen_test,f20260909343_sensor_fault,sensor_fault,40.84255568862988,0.5814775832779259,0.0010547807722359748,0.9999990000010001
baro_stuck,0,seen_test,f20260909344_sensor_fault,sensor_fault,95.71048406647635,0.584412127630716,0.008982604966440766,0.9999990000010001
baro_stuck,0,seen_test,f20260909345_sensor_fault,sensor_fault,26.99535409986574,0.5341547867180696,0.009405215503721642,0.9999990000010001
baro_stuck,0,seen_test,f20260909348_sensor_fault,sensor_fault,18.82629692456128,0.48416794964433674,0.09225393241432289,0.8399991600008401
baro_stuck,0,seen_test,f20260909350_sensor_fault,sensor_fault,20.451230923125255,0.480123745882431,0.5106284835573361,0.47999952000048
baro_stuck,0,unseen,f20260909301_sensor_fault,sensor_fault,2903.7170042543526,0.3625596423969606,6.922020906896531e-05,24.999375015624608
baro_stuck,0,unseen,f20260909303_sensor_fault,sensor_fault,2932.269960540585,0.4206484635871601,3.1693094071250094e-05,24.999375015624608
baro_stuck,0,unseen,f20260909304_sensor_fault,sensor_fault,2923.7391232603973,0.38913983719606393,3.0623452092592984e-05,24.999375015624608
baro_stuck,0,unseen,f20260909305_sensor_fault,sensor_fault,2897.3382852645186,0.378809181614682,0.00016260727122918706,24.999375015624608
baro_stuck,0,unseen,f20260909308_sensor_fault,sensor_fault,2902.226222922748,0.36729143179809054,0.0001223384970123753,24.999375015624608
baro_stuck,0,unseen,f20260909309_sensor_fault,sensor_fault,2904.1975966564974,0.3720434616603564,0.00010091792496591534,24.999375015624608
baro_stuck,0,unseen,f20260909314_sensor_fault,sensor_fault,265.9123982945423,0.36412136037655063,0.05919181409505092,7.999800004999875
baro_stuck,0,unseen,f20260909315_sensor_fault,sensor_fault,2901.7702186915053,0.3966908788962374,0.0013826251373330045,24.999375015624608
baro_stuck,0,unseen,f20260909316_sensor_fault,sensor_fault,2893.4842755923996,0.3787470207467751,0.000303578998335996,24.999375015624608
baro_stuck,0,unseen,f20260909317_sensor_fault,sensor_fault,2903.1550231699266,0.3541743174997646,0.00014782019505621413,24.999375015624608
baro_stuck,0,unseen,f20260909319_sensor_fault,sensor_fault,2955.4990219832175,0.4433633478276033,2.0204642444010545e-05,24.999375015624608
baro_stuck,0,unseen,f20260909320_sensor_fault,sensor_fault,2904.745649176916,0.38654040911422427,4.5816796202968746e-05,24.999375015624608
baro_stuck,0,unseen,f20260909322_sensor_fault,sensor_fault,2899.9494332359404,0.35312860477514635,0.00014447483832047414,24.999375015624608
baro_stuck,0,unseen,f20260909324_sensor_fault,sensor_fault,2886.9049200043837,0.3499769012564391,0.00013133386215580245,24.999375015624608
baro_stuck,0,unseen,f20260909325_sensor_fault,sensor_fault,2897.7980448032117,0.3534550127560425,9.0430362182925e-05,24.999375015624608
baro_stuck,0,unseen,f20260909327_sensor_fault,sensor_fault,2931.3193557920517,0.377694267244934,4.938273942600713e-05,24.999375015624608
baro_stuck,0,unseen,f20260909328_sensor_fault,sensor_fault,2914.4686807952553,0.3647580003296678,0.00011833684480466733,24.999375015624608
baro_stuck,0,unseen,f20260909329_sensor_fault,sensor_fault,2919.902229214316,0.40810941722759375,0.0012939154700400968,24.999375015624608
baro_stuck,0,unseen,f20260909333_sensor_fault,sensor_fault,2916.038714877701,0.40543408066436737,0.0021929867718977203,24.999375015624608
baro_stuck,0,unseen,f20260909335_sensor_fault,sensor_fault,2922.809949565576,0.3612661012658426,0.00010266993636243171,24.999375015624608
baro_stuck,0,unseen,f20260909336_sensor_fault,sensor_fault,2901.561173421609,0.35590538257280047,9.093162124984566e-05,24.999375015624608
baro_stuck,0,unseen,f20260909337_sensor_fault,sensor_fault,2891.518802733302,0.35882396139399125,0.000252178907859002,24.999375015624608
baro_stuck,0,unseen,f20260909346_sensor_fault,sensor_fault,2926.746849328599,0.368008815657666,2.9798199289277072e-05,24.999375015624608
baro_stuck,0,unseen,f20260909351_sensor_fault,sensor_fault,2911.891082490248,0.3637948664057266,3.18415838554964e-05,24.999375015624608
baro_stuck,0,unseen,f20260909352_sensor_fault,sensor_fault,2915.0068383967364,0.43372692405852276,0.0033188768861345253,24.999375015624608
baro_stuck,0,unseen,f20260909353_sensor_fault,sensor_fault,2905.36634137826,0.3492331711843232,4.747626233148061e-05,24.999375015624608
baro_stuck,0,unseen,f20260909354_sensor_fault,sensor_fault,2908.8416297486074,0.3640417916171895,8.055145677099418e-05,24.999375015624608
baro_stuck,0,unseen,f20260909355_sensor_fault,sensor_fault,2936.6550774911,0.3965585860597746,3.0224910996912158e-05,24.999375015624608
baro_stuck,0,unseen,f20260909357_sensor_fault,sensor_fault,2906.2067372073693,0.41232856859230127,0.001397184829768472,24.999375015624608
baro_stuck,0,calibration,f138645354163671_gps_degrade,gps_degrade,25.446116845808064,0.5266687320541663,0.007380533809079437,0.9999990000010001
baro_stuck,0,calibration,f179117136627038_gps_degrade,gps_degrade,27.52896536124099,0.47469832882960306,0.12613183581463594,0.9999990000010001
baro_stuck,0,calibration,f187049508766390_gps_degrade,gps_degrade,31.721337355112112,0.4739904768215589,0.17812650996398693,0.9999990000010001
baro_stuck,0,calibration,f198225816701839_gps_degrade,gps_degrade,23.378247097515196,0.51037002881379,0.015906090244561355,0.9999990000010001
baro_stuck,0,calibration,f20260909000_nominal,nominal,9.720829296916827,0.37339900193038233,0.07688036777554119,0.15999984000016002
baro_stuck,0,calibration,f20260909002_nominal,nominal,6.491992282335377,0.36781165676864963,0.3387770264461395,0.9999750006249843
baro_stuck,0,calibration,f20260909003_nominal,nominal,25.100956384614122,0.406293458865285,0.28374083487622603,0.19999980000020004
baro_stuck,0,calibration,f20260909010_nominal,nominal,7.343300347704063,0.3755417474280915,0.03961798772549496,0.19999980000020004
baro_stuck,0,calibration,f20260909014_nominal,nominal,3.490245423888536,0.35561634260610175,0.2710094111276342,0.9999750006249843
baro_stuck,0,calibration,f20260909020_nominal,nominal,5.430575314384879,0.3567075807005804,0.18570014187395312,0.19999980000020004
baro_stuck,0,calibration,f20260909021_nominal,nominal,23.407797279638842,0.43518125285495773,0.0596179941166991,0.9999750006249843
baro_stuck,0,calibration,f20260909022_nominal,nominal,4.7977205186707605,0.3483632545809345,0.25672795613713706,0.9999750006249843
baro_stuck,0,calibration,f20260909027_nominal,nominal,4.955467227028422,0.3526549836335114,0.23392812114418804,0.9999750006249843
baro_stuck,0,calibration,f20260909030_nominal,nominal,4.8924130988537,0.35276206561185836,0.16200257850576227,0.19999980000020004
baro_stuck,0,calibration,f20260909033_nominal,nominal,4.403810223804633,0.3505026169307056,0.21824915595797023,0.9999750006249843
baro_stuck,0,calibration,f20260909035_nominal,nominal,6.1515995293329295,0.3642525224040608,0.4751977857289229,0.9999750006249843
baro_stuck,0,calibration,f20260909037_nominal,nominal,4.207405322838262,0.35019460557928506,0.44754020580096265,0.9999750006249843
baro_stuck,0,calibration,f20260909044_nominal,nominal,3.926668908691385,0.348509783691335,0.4638982236931577,0.9999750006249843
baro_stuck,0,calibration,f20260909047_nominal,nominal,5.321536739079147,0.3476956504492074,0.4263410786079692,0.9999750006249843
baro_stuck,0,calibration,f20260909048_nominal,nominal,14.126736365048185,0.41763704261006834,0.4964471180923731,0.19999980000020004
baro_stuck,0,calibration,f20260909049_nominal,nominal,20.62270070685704,0.4037783257721471,0.20836929344646316,0.19999980000020004
baro_stuck,0,calibration,f20260909050_nominal,nominal,7.79709267810021,0.37369788576623614,0.05136481031504103,0.19999980000020004
baro_stuck,0,calibration,f20260909057_nominal,nominal,14.597817878129018,0.4070586737410719,0.04973355852766359,0.9999750006249843
baro_stuck,0,calibration,f20260909058_nominal,nominal,8.81622055589083,0.3765393774843477,0.0449236484160338,0.19999980000020004
baro_stuck,0,calibration,f20260909104_spoof,spoof,9.676262772829046,0.3984322576754903,0.5225519436732682,0.19999980000020004
baro_stuck,0,calibration,f20260909106_spoof,spoof,16.973276857358094,0.4379754708260458,0.05621388009060413,0.9999750006249843
baro_stuck,0,calibration,f20260909107_spoof,spoof,13.620194705425071,0.402746535759948,0.0645181035079504,0.9999750006249843
baro_stuck,0,calibration,f20260909109_spoof,spoof,8.58995440951968,0.40771005900426055,0.11424834654322569,0.9999750006249843
baro_stuck,0,calibration,f20260909113_spoof,spoof,8.75942806925217,0.39342011426195217,0.10385162150630367,0.9999750006249843
baro_stuck,0,calibration,f20260909119_spoof,spoof,13.039998747220741,0.41915398626378453,0.1365408279658591,0.9999750006249843
baro_stuck,0,calibration,f20260909123_spoof,spoof,6.819817402309432,0.394035618014599,0.12428528958001861,0.9999750006249843
baro_stuck,0,calibration,f20260909125_spoof,spoof,10.8581215800145,0.41631607311997704,0.32282213055552234,0.19999980000020004
baro_stuck,0,calibration,f20260909126_spoof,spoof,6.589551728345813,0.3765236466733812,0.14251173999408562,0.9999750006249843
baro_stuck,0,calibration,f20260909128_spoof,spoof,37.459015539204536,0.462521621661329,0.017994516425791307,0.9999750006249843
baro_stuck,0,calibration,f20260909129_spoof,spoof,6.4532117145578525,0.38191511661946115,0.48303705163623356,0.9999750006249843
baro_stuck,0,calibration,f20260909135_spoof,spoof,4.801450821165114,0.35908099612847516,0.30963162779321873,0.19999980000020004
baro_stuck,0,calibration,f20260909137_spoof,spoof,6.002948951596124,0.39312932991556016,0.22885360496608953,0.19999980000020004
baro_stuck,0,calibration,f20260909140_spoof,spoof,9.825378107166072,0.4460534048320147,0.24165425552762798,0.19999980000020004
baro_stuck,0,calibration,f20260909141_spoof,spoof,10.163768576107213,0.41483213350452547,0.19997278954030318,0.9999750006249843
baro_stuck,0,calibration,f20260909145_spoof,spoof,6.341962330112073,0.3825687844989556,0.3527206294162487,0.19999980000020004
baro_stuck,0,calibration,f20260909147_spoof,spoof,10.527651642864413,0.38409878464661534,0.2586757765600065,0.9999750006249843
baro_stuck,0,calibration,f20260909151_spoof,spoof,75.382774366524,0.5054300763377573,0.010623262483200335,0.19999980000020004
baro_stuck,0,calibration,f20260909152_spoof,spoof,32.21928042714306,0.4590780075875539,0.15675938593865657,0.9999750006249843
baro_stuck,0,calibration,f20260909156_spoof,spoof,14.224792170477276,0.39623427823766955,0.26092081916211673,0.9999750006249843
baro_stuck,0,calibration,f20260909204_gps_degrade,gps_degrade,21.167170099493433,0.486465388124448,0.005843413553022425,0.9999990000010001
baro_stuck,0,calibration,f20260909215_gps_degrade,gps_degrade,12.38333288816059,0.4358934267757772,0.04098336459020824,0.9999990000010001
baro_stuck,0,calibration,f20260909216_gps_degrade,gps_degrade,23.38319987055146,0.4614225983795672,0.08458098638529554,0.9999990000010001
baro_stuck,0,calibration,f20260909217_gps_degrade,gps_degrade,54.05288048259629,0.5407080735237019,0.198891839934218,0.9999750006249843
baro_stuck,0,calibration,f20260909221_gps_degrade,gps_degrade,23.960495810912906,0.5541035713576233,0.0697432122085756,0.9999750006249843
baro_stuck,0,calibration,f20260909222_gps_degrade,gps_degrade,31.47398582731166,0.5053412387994692,0.10033221296755612,0.9999750006249843
baro_stuck,0,calibration,f20260909227_gps_degrade,gps_degrade,32.562151200372995,0.5760323185297003,0.4059900650596866,0.9999750006249843
baro_stuck,0,calibration,f20260909228_gps_degrade,gps_degrade,49.266787447102566,0.5765153408229148,0.02112951916889516,0.9999750006249843
baro_stuck,0,calibration,f20260909231_gps_degrade,gps_degrade,14.914955566766096,0.4527934767890199,0.015949536583853008,0.9999990000010001
baro_stuck,0,calibration,f20260909232_gps_degrade,gps_degrade,18.828721930978997,0.46891520306684925,0.013089573255980702,0.9999990000010001
baro_stuck,0,calibration,f20260909246_gps_degrade,gps_degrade,528.4205335208784,0.5966600600941235,0.033601117660256974,0.9999750006249843
baro_stuck,0,calibration,f20260909250_gps_degrade,gps_degrade,44.3910624703402,0.5307554248161876,0.018195106008803363,0.19999980000020004
baro_stuck,0,calibration,f20260909251_gps_degrade,gps_degrade,71.4023892378518,0.5598564891590406,0.011510239720858961,0.19999980000020004
baro_stuck,0,calibration,f20260909256_gps_degrade,gps_degrade,15.545736131445546,0.4422640681590381,0.5273688002364627,0.19999980000020004
baro_stuck,0,calibration,f20260909257_gps_degrade,gps_degrade,52.05723032160282,0.4991164987718634,0.158541069063586,0.19999980000020004
baro_stuck,0,calibration,f20260909300_sensor_fault,sensor_fault,23.088487745581038,0.49628936609213664,0.029226283956211296,0.9999990000010001
baro_stuck,0,calibration,f20260909302_sensor_fault,sensor_fault,84.88167975326338,0.6046657682482274,0.0029898006886160955,0.9999990000010001
baro_stuck,0,calibration,f20260909306_sensor_fault,sensor_fault,12.620922277260792,0.4717910336073431,0.03813822114756571,0.9999990000010001
baro_stuck,0,calibration,f20260909310_sensor_fault,sensor_fault,11.65427049523186,0.4582805102119014,0.09769026275286097,0.9999750006249843
baro_stuck,0,calibration,f20260909321_sensor_fault,sensor_fault,24.06799504246234,0.5391412429805889,0.002642954210278381,0.9999990000010001
baro_stuck,0,calibration,f20260909334_sensor_fault,sensor_fault,20.487963231539318,0.5021655033088094,0.004376364390554555,0.9999990000010001
baro_stuck,0,calibration,f20260909341_sensor_fault,sensor_fault,34.25394275126801,0.5545325353712138,0.0010285581634216223,0.9999990000010001
baro_stuck,0,calibration,f20260909347_sensor_fault,sensor_fault,20.622112459926246,0.5456216479823278,0.0019289185614795867,0.9999990000010001
baro_stuck,0,calibration,f20260909349_sensor_fault,sensor_fault,16.44185962494813,0.5026630801179431,0.0447938375161413,0.9999990000010001
baro_stuck,0,calibration,f20260909359_sensor_fault,sensor_fault,42.20570065670848,0.576523283221637,0.00589712632291961,0.9999990000010001
baro_stuck,0,calibration,f27414466462551_gps_degrade,gps_degrade,22.42151795421955,0.48208198045630385,0.015879342787355033,0.9999990000010001
baro_stuck,1,seen_test,f20260909311_sensor_fault,sensor_fault,57.08592855536161,0.5556271103624854,0.00034748491168046236,0.9999990000010001
baro_stuck,1,seen_test,f20260909312_sensor_fault,sensor_fault,41.5224232458965,0.5525232799833204,0.0005338633217958355,0.9999990000010001
baro_stuck,1,seen_test,f20260909313_sensor_fault,sensor_fault,18.778732395578103,0.44860603727714593,0.05887143179892751,0.95999904000096
baro_stuck,1,seen_test,f20260909332_sensor_fault,sensor_fault,10.843091258397186,0.43073644678313167,0.06391008537742715,0.9999750006249843
baro_stuck,1,seen_test,f20260909340_sensor_fault,sensor_fault,15.52889177172393,0.49714708738933533,0.006510128061988918,0.9999990000010001
baro_stuck,1,seen_test,f20260909342_sensor_fault,sensor_fault,32.398923007464106,0.5203678625746546,0.01735290502206055,0.9999990000010001
baro_stuck,1,seen_test,f20260909343_sensor_fault,sensor_fault,61.9527911681572,0.5716818238319353,0.0003299608213996885,0.9999990000010001
baro_stuck,1,seen_test,f20260909347_sensor_fault,sensor_fault,27.363811538305235,0.5553396698812255,0.0006792476646394485,0.9999990000010001
baro_stuck,1,seen_test,f20260909349_sensor_fault,sensor_fault,19.82750211245925,0.49597531432882763,0.018609710522545675,0.9999990000010001
baro_stuck,1,seen_test,f20260909358_sensor_fault,sensor_fault,38.22278869214755,0.5641835145047874,0.0011246901736978732,0.9999990000010001
baro_stuck,1,seen_test,f20260909359_sensor_fault,sensor_fault,31.330437362292894,0.5566651436937153,0.0009970433272095125,0.9999990000010001
baro_stuck,1,unseen,f20260909301_sensor_fault,sensor_fault,2947.9594176031155,0.3687011476769492,0.04661752739282721,24.999375015624608
baro_stuck,1,unseen,f20260909303_sensor_fault,sensor_fault,2952.2847909564443,0.3723551720725563,0.08075002325687064,24.999375015624608
baro_stuck,1,unseen,f20260909304_sensor_fault,sensor_fault,2952.06944356212,0.3582391008469653,0.12863136769954486,24.999375015624608
baro_stuck,1,unseen,f20260909305_sensor_fault,sensor_fault,2942.38348049967,0.3954218807621526,0.27357890689317743,24.999375015624608
baro_stuck,1,unseen,f20260909308_sensor_fault,sensor_fault,2958.685599166604,0.3721209832486925,0.051186911353623965,24.999375015624608
baro_stuck,1,unseen,f20260909309_sensor_fault,sensor_fault,2896.429553795308,0.3904662645209291,0.03640717153044237,24.999375015624608
baro_stuck,1,unseen,f20260909314_sensor_fault,sensor_fault,282.4620119359362,0.3813898559586293,0.16568663529894467,7.999800004999875
baro_stuck,1,unseen,f20260909315_sensor_fault,sensor_fault,2905.3315030340514,0.3804967672408093,0.16216551002439383,24.999375015624608
baro_stuck,1,unseen,f20260909316_sensor_fault,sensor_fault,3020.784369179118,0.39219438089495484,0.046033937887417276,24.999375015624608
baro_stuck,1,unseen,f20260909317_sensor_fault,sensor_fault,2943.288406702224,0.39349430451370865,0.25219029694918216,24.999375015624608
baro_stuck,1,unseen,f20260909319_sensor_fault,sensor_fault,2935.772530821999,0.368302856905304,0.1574253508283886,24.999375015624608
baro_stuck,1,unseen,f20260909320_sensor_fault,sensor_fault,2965.1274717847114,0.367939686382192,0.030478141377452528,24.999375015624608
baro_stuck,1,unseen,f20260909322_sensor_fault,sensor_fault,2887.219336298201,0.3731686940855539,0.10116140343605229,24.999375015624608
baro_stuck,1,unseen,f20260909324_sensor_fault,sensor_fault,2939.6368960845007,0.35820616011848605,0.0712146469934899,24.999375015624608
baro_stuck,1,unseen,f20260909325_sensor_fault,sensor_fault,2932.305562499248,0.3787394391157467,0.16993630333380927,24.999375015624608
baro_stuck,1,unseen,f20260909327_sensor_fault,sensor_fault,2958.1476258458592,0.3947732911890988,0.01295728951718722,24.999375015624608
baro_stuck,1,unseen,f20260909328_sensor_fault,sensor_fault,2934.760552796808,0.36567644282503736,0.10460971579823364,24.999375015624608
baro_stuck,1,unseen,f20260909329_sensor_fault,sensor_fault,2937.5277742265052,0.3887522169780165,0.13305245713007918,24.999375015624608
baro_stuck,1,unseen,f20260909333_sensor_fault,sensor_fault,2896.7679745020996,0.3897548530445717,0.1523493451384048,24.999375015624608
baro_stuck,1,unseen,f20260909335_sensor_fault,sensor_fault,2948.5773432418773,0.36455256367487543,0.10686437089476197,24.999375015624608
baro_stuck,1,unseen,f20260909336_sensor_fault,sensor_fault,2902.456555356389,0.37740817151476347,0.03835215497437139,24.999375015624608
baro_stuck,1,unseen,f20260909337_sensor_fault,sensor_fault,2937.490057599108,0.37031662234115775,0.10221181922655742,24.999375015624608
baro_stuck,1,unseen,f20260909346_sensor_fault,sensor_fault,2947.6066242411985,0.3574440833183385,0.07998725148646402,24.999375015624608
baro_stuck,1,unseen,f20260909351_sensor_fault,sensor_fault,2934.16205363251,0.3607358886755899,0.104498956913464,24.999375015624608
baro_stuck,1,unseen,f20260909352_sensor_fault,sensor_fault,2926.467624270423,0.3704204847526221,0.05203866264115842,24.999375015624608
baro_stuck,1,unseen,f20260909353_sensor_fault,sensor_fault,2949.588537888753,0.38211505834882936,0.2888354792413964,24.999375015624608
baro_stuck,1,unseen,f20260909354_sensor_fault,sensor_fault,2915.6781894659744,0.37575696874973713,0.02730406017983933,24.999375015624608
baro_stuck,1,unseen,f20260909355_sensor_fault,sensor_fault,2951.265812667245,0.35859783739165985,0.04993074171477352,24.999375015624608
baro_stuck,1,unseen,f20260909357_sensor_fault,sensor_fault,2976.910025785879,0.3911932160596495,0.08907945401451256,24.999375015624608
baro_stuck,1,calibration,f154051046525415_gps_degrade,gps_degrade,16.72178972690245,0.4947936422073954,0.023493956440728603,0.9999990000010001
baro_stuck,1,calibration,f179243424651613_gps_degrade,gps_degrade,32.66999958713765,0.4672368824793149,0.2603322261461266,0.9999990000010001
baro_stuck,1,calibration,f20260909000_nominal,nominal,15.56495997629743,0.38781626616611686,0.06275315209020083,0.15999984000016002
baro_stuck,1,calibration,f20260909003_nominal,nominal,4.9102170873610875,0.3696813821476233,0.0610869041822395,0.19999980000020004
baro_stuck,1,calibration,f20260909006_nominal,nominal,10.422155526897596,0.3942637675385983,0.02621707362362835,0.19999980000020004
baro_stuck,1,calibration,f20260909007_nominal,nominal,3.769142358117285,0.3610938894908665,0.38524436254168815,0.19999980000020004
baro_stuck,1,calibration,f20260909009_nominal,nominal,6.952257474158937,0.3768517912042755,0.06393032347999328,0.9999750006249843
baro_stuck,1,calibration,f20260909011_nominal,nominal,5.761549314505917,0.36799695254717374,0.11020304073468346,0.9999750006249843
baro_stuck,1,calibration,f20260909014_nominal,nominal,5.991243806357566,0.3790799742211439,0.4481453659820577,0.9999750006249843
baro_stuck,1,calibration,f20260909015_nominal,nominal,10.385080872834987,0.3884693292028357,0.04612662315317806,0.9999750006249843
baro_stuck,1,calibration,f20260909023_nominal,nominal,4.612439456290223,0.36955597036342114,0.07314250156933344,0.19999980000020004
baro_stuck,1,calibration,f20260909026_nominal,nominal,4.546299427128004,0.36350607230565996,0.16339867548096854,0.9999750006249843
baro_stuck,1,calibration,f20260909030_nominal,nominal,4.742760881503669,0.3609124503163721,0.0803882442369035,0.19999980000020004
baro_stuck,1,calibration,f20260909033_nominal,nominal,7.2782968044326255,0.3647441272283491,0.17755856620890376,0.9999750006249843
baro_stuck,1,calibration,f20260909034_nominal,nominal,7.062748706218309,0.38441450150983714,0.03197200126362454,0.19999980000020004
baro_stuck,1,calibration,f20260909037_nominal,nominal,4.054178393289958,0.365336211913411,0.4027653713138776,0.9999750006249843
baro_stuck,1,calibration,f20260909042_nominal,nominal,7.5163076000727616,0.36389893971176207,0.10356605000675345,0.19999980000020004
baro_stuck,1,calibration,f20260909044_nominal,nominal,5.441905535167903,0.36963557991570273,0.09350660813578993,0.9999750006249843
baro_stuck,1,calibration,f20260909047_nominal,nominal,6.295828556564223,0.3829025972820008,0.17797848578228093,0.9999750006249843
baro_stuck,1,calibration,f20260909048_nominal,nominal,5.785864482640528,0.3620487731628483,0.08005157773174021,0.19999980000020004
baro_stuck,1,calibration,f20260909050_nominal,nominal,3.9066755120821965,0.35964983282146834,0.16154408858978186,0.19999980000020004
baro_stuck,1,calibration,f20260909052_nominal,nominal,6.422023445599511,0.3774217410747799,0.09644462289031897,0.9999750006249843
baro_stuck,1,calibration,f20260909103_spoof,spoof,6.971181199596419,0.391626906126683,0.1870147747481673,0.9999750006249843
baro_stuck,1,calibration,f20260909106_spoof,spoof,6.997446175741258,0.41772528009282045,0.029477238116694005,0.9999750006249843
baro_stuck,1,calibration,f20260909109_spoof,spoof,8.468899764861028,0.41772389352315686,0.22462757714231318,0.9999750006249843
baro_stuck,1,calibration,f20260909110_spoof,spoof,7.357887218330284,0.3937512895069147,0.1426110020860928,0.9999750006249843
baro_stuck,1,calibration,f20260909113_spoof,spoof,10.976234307540896,0.4342670869542838,0.4554862383455063,0.9999750006249843
baro_stuck,1,calibration,f20260909115_spoof,spoof,25.9634730035038,0.46205099712245185,0.5795480701183736,0.9999750006249843
baro_stuck,1,calibration,f20260909116_spoof,spoof,10.413736432332945,0.37022892022078685,0.31751070148961513,0.9999750006249843
baro_stuck,1,calibration,f20260909120_spoof,spoof,8.245454005129083,0.41582005044900616,0.5015771514116403,0.9999750006249843
baro_stuck,1,calibration,f20260909123_spoof,spoof,3.858215438723881,0.36327225507216226,0.3058547867794802,0.9999750006249843
baro_stuck,1,calibration,f20260909124_spoof,spoof,11.593463164935564,0.4361148783852655,0.46316183917616427,0.9999750006249843
baro_stuck,1,calibration,f20260909127_spoof,spoof,49.29968830029852,0.46027600567137295,0.31566520733610537,0.9999750006249843
baro_stuck,1,calibration,f20260909133_spoof,spoof,7.091948688969462,0.3801795864127367,0.23215907271831615,0.19999980000020004
baro_stuck,1,calibration,f20260909134_spoof,spoof,6.876168774873393,0.4047408421585345,0.44063787315313363,0.19999980000020004
baro_stuck,1,calibration,f20260909141_spoof,spoof,17.52802468467165,0.4576209287245511,0.5732815300463043,0.9999750006249843
baro_stuck,1,calibration,f20260909142_spoof,spoof,7.4780909162795135,0.4164601957858596,0.03416862619602279,0.9999750006249843
baro_stuck,1,calibration,f20260909145_spoof,spoof,5.661650751245381,0.41466699358627546,0.22095534240505543,0.19999980000020004
baro_stuck,1,calibration,f20260909148_spoof,spoof,23.357734939072095,0.44775092067822364,0.5240368594986042,0.9999750006249843
baro_stuck,1,calibration,f20260909149_spoof,spoof,7.3457262602479645,0.4505330856273595,0.08283627684980888,0.19999980000020004
baro_stuck,1,calibration,f20260909150_spoof,spoof,20.649581566868388,0.4569810680037991,0.0926365319339647,0.19999980000020004
baro_stuck,1,calibration,f20260909151_spoof,spoof,15.10980822708368,0.4822441969548154,0.013200712958091554,0.19999980000020004
baro_stuck,1,calibration,f20260909203_gps_degrade,gps_degrade,15.73691021593884,0.482253232212945,0.013235142151073465,0.9999990000010001
baro_stuck,1,calibration,f20260909207_gps_degrade,gps_degrade,348.0293489262001,0.6478656897971997,6.370174695513597e-07,0.19999980000020004
baro_stuck,1,calibration,f20260909209_gps_degrade,gps_degrade,17.21020079838561,0.4876690465274456,0.092078321422568,0.9999990000010001
baro_stuck,1,calibration,f20260909211_gps_degrade,gps_degrade,487.4558807853725,0.6183391153002683,2.447731582977397e-07,0.9999750006249843
baro_stuck,1,calibration,f20260909218_gps_degrade,gps_degrade,17.58055299460581,0.5001430021460016,0.010672033513319135,0.9999990000010001
baro_stuck,1,calibration,f20260909226_gps_degrade,gps_degrade,25337.23779279542,0.6311929807155426,8.680152152606979e-10,0.19999980000020004
baro_stuck,1,calibration,f20260909230_gps_degrade,gps_degrade,1105.9310645484618,0.6107057601608405,3.445714569227931e-08,0.19999980000020004
baro_stuck,1,calibration,f20260909238_gps_degrade,gps_degrade,72.37098007910953,0.5882671174388134,0.0008867184852898724,0.9999750006249843
baro_stuck,1,calibration,f20260909239_gps_degrade,gps_degrade,1031.6963808722392,0.6257465085627203,1.2476310318199069e-08,0.9999750006249843
baro_stuck,1,calibration,f20260909240_gps_degrade,gps_degrade,16.67192352171578,0.4854923190009453,0.01777790525437173,0.9999990000010001
baro_stuck,1,calibration,f20260909246_gps_degrade,gps_degrade,1002.4843544727081,0.576860891875079,3.2886735644721554e-06,0.9999750006249843
baro_stuck,1,calibration,f20260909251_gps_degrade,gps_degrade,122.31436077333481,0.6104543603533222,4.914603820460606e-05,0.19999980000020004
baro_stuck,1,calibration,f20260909252_gps_degrade,gps_degrade,275.9159620501568,0.5712069592214666,0.0007092991263026871,0.19999980000020004
baro_stuck,1,calibration,f20260909253_gps_degrade,gps_degrade,21.279568303502145,0.46364404006381454,0.197269802669921,0.9999990000010001
baro_stuck,1,calibration,f20260909254_gps_degrade,gps_degrade,16.940640162554285,0.5055558982042654,0.014796231700622609,0.9999990000010001
baro_stuck,1,calibration,f20260909306_sensor_fault,sensor_fault,17.27614710087287,0.45633283112670436,0.04808915906607969,0.9999990000010001
baro_stuck,1,calibration,f20260909307_sensor_fault,sensor_fault,16.087769859478716,0.47636959228398196,0.012954775502795557,0.9999990000010001
baro_stuck,1,calibration,f20260909318_sensor_fault,sensor_fault,28.085987568592497,0.5262461313446601,0.0033805919527754025,0.9999990000010001
baro_stuck,1,calibration,f20260909321_sensor_fault,sensor_fault,42.25510945289782,0.5671920051947403,0.0027711055562874565,0.9999990000010001
baro_stuck,1,calibration,f20260909323_sensor_fault,sensor_fault,37.381561919735574,0.5356656351790502,0.0023715046235079917,0.9999990000010001
baro_stuck,1,calibration,f20260909338_sensor_fault,sensor_fault,15.871980604742381,0.5135850362447656,0.007911648328100096,0.9999990000010001
baro_stuck,1,calibration,f20260909341_sensor_fault,sensor_fault,65.1029533365461,0.5612357547239787,0.000421406981037431,0.9999990000010001
baro_stuck,1,calibration,f20260909345_sensor_fault,sensor_fault,32.95371855465528,0.5320905340792098,0.003177865991595752,0.9999990000010001
baro_stuck,1,calibration,f20260909348_sensor_fault,sensor_fault,17.76257100740585,0.46812201388470104,0.07234043089094155,0.8399991600008401
baro_stuck,1,calibration,f20260909350_sensor_fault,sensor_fault,18.26973206241616,0.44197905840055784,0.35623539174592134,0.47999952000048
baro_stuck,1,calibration,f27414466462551_gps_degrade,gps_degrade,21.715414331437906,0.4972559353970776,0.057984460661784976,0.9999990000010001
baro_stuck,1,calibration,f36042457135056_gps_degrade,gps_degrade,21.116952581587217,0.503296218754141,0.0654888737506758,0.9999990000010001
baro_stuck,1,calibration,f52087898353843_gps_degrade,gps_degrade,52.79975225327587,0.5588662529179427,0.002777327253581263,0.9999990000010001
baro_stuck,2,seen_test,f20260909306_sensor_fault,sensor_fault,27.802123145074145,0.46169433997345877,0.25526770653986375,0.9999990000010001
baro_stuck,2,seen_test,f20260909307_sensor_fault,sensor_fault,21.403806809260885,0.4806161078562404,0.15967335559143125,0.9999990000010001
baro_stuck,2,seen_test,f20260909310_sensor_fault,sensor_fault,24.216532201335067,0.44567804700085345,0.5127856407924671,0.9999750006249843
baro_stuck,2,seen_test,f20260909312_sensor_fault,sensor_fault,11.595184019475246,0.489061240098353,0.012354291990809951,0.9999990000010001
baro_stuck,2,seen_test,f20260909326_sensor_fault,sensor_fault,18.476721612184146,0.5223434871685587,0.00825771638360373,0.9999990000010001
baro_stuck,2,seen_test,f20260909331_sensor_fault,sensor_fault,32.83012562236699,0.4546221391783753,0.41113990967573566,0.9999990000010001
baro_stuck,2,seen_test,f20260909340_sensor_fault,sensor_fault,23.463113281134397,0.4757737430164456,0.13235586610894645,0.9999990000010001
baro_stuck,2,seen_test,f20260909345_sensor_fault,sensor_fault,13.758794281042142,0.48440224659696485,0.019960811021501712,0.9999990000010001
baro_stuck,2,seen_test,f20260909348_sensor_fault,sensor_fault,28.20194437223182,0.47792305242320177,0.4751726028321748,0.8399991600008401
baro_stuck,2,seen_test,f20260909350_sensor_fault,sensor_fault,27.869463041262172,0.4626360596127077,0.24660353699191362,0.47999952000048
baro_stuck,2,seen_test,f20260909359_sensor_fault,sensor_fault,16.985202626518788,0.5378890828286653,0.0060892011859737805,0.9999990000010001
baro_stuck,2,unseen,f20260909301_sensor_fault,sensor_fault,2718.3890772131695,0.3729198865464404,0.16567830922726234,24.999375015624608
baro_stuck,2,unseen,f20260909303_sensor_fault,sensor_fault,2716.170627727074,0.3595072772110767,0.239173728482297,24.999375015624608
baro_stuck,2,unseen,f20260909304_sensor_fault,sensor_fault,2725.1975964729704,0.35946862307337385,0.15166583820231205,24.999375015624608
baro_stuck,2,unseen,f20260909305_sensor_fault,sensor_fault,2707.825050587778,0.38366107534744154,0.3115465170817523,24.999375015624608
baro_stuck,2,unseen,f20260909308_sensor_fault,sensor_fault,2722.1054756746407,0.37719006700178215,0.32092243862595493,24.999375015624608
baro_stuck,2,unseen,f20260909309_sensor_fault,sensor_fault,2710.678693556078,0.37163450423904787,0.19149595148764786,24.999375015624608
baro_stuck,2,unseen,f20260909314_sensor_fault,sensor_fault,257.0843200958957,0.3749512815430199,0.11352501145224747,7.999800004999875
baro_stuck,2,unseen,f20260909315_sensor_fault,sensor_fault,2722.451934974438,0.3938292349967604,0.042810488739203234,24.999375015624608
baro_stuck,2,unseen,f20260909316_sensor_fault,sensor_fault,2718.9025336231866,0.3812298958798285,0.19566673788199385,24.999375015624608
baro_stuck,2,unseen,f20260909317_sensor_fault,sensor_fault,2711.9566054307875,0.3840751896047405,0.12270537255532987,24.999375015624608
baro_stuck,2,unseen,f20260909319_sensor_fault,sensor_fault,2732.090657336751,0.35686571166603653,0.2829895975148,24.999375015624608
baro_stuck,2,unseen,f20260909320_sensor_fault,sensor_fault,2736.6017631683267,0.38152797872346433,0.39963622362239415,24.999375015624608
baro_stuck,2,unseen,f20260909322_sensor_fault,sensor_fault,2710.578276064862,0.3892761159500236,0.4186560877281912,24.999375015624608
baro_stuck,2,unseen,f20260909324_sensor_fault,sensor_fault,2717.400642597237,0.35578485229606394,0.27193996990046887,24.999375015624608
baro_stuck,2,unseen,f20260909325_sensor_fault,sensor_fault,2736.339257327067,0.39605858992282716,0.04426183433977615,24.999375015624608
baro_stuck,2,unseen,f20260909327_sensor_fault,sensor_fault,2732.3494160297037,0.3814250609078206,0.349522357507547,24.999375015624608
baro_stuck,2,unseen,f20260909328_sensor_fault,sensor_fault,2703.2574761066535,0.3712257614760288,0.26201017326836973,24.999375015624608
baro_stuck,2,unseen,f20260909329_sensor_fault,sensor_fault,2721.0161763205483,0.3850727805073152,0.08298538999043337,24.999375015624608
baro_stuck,2,unseen,f20260909333_sensor_fault,sensor_fault,2721.4174542074284,0.3891624048860054,0.05137049215613032,24.999375015624608
baro_stuck,2,unseen,f20260909335_sensor_fault,sensor_fault,2710.3810043220683,0.36274353246967744,0.16958179651145533,24.999375015624608
baro_stuck,2,unseen,f20260909336_sensor_fault,sensor_fault,2757.5514830345596,0.39111317538543905,0.44268418962740863,24.999375015624608
baro_stuck,2,unseen,f20260909337_sensor_fault,sensor_fault,2723.9432466954668,0.36729542732777914,0.29518561699770185,24.999375015624608
baro_stuck,2,unseen,f20260909346_sensor_fault,sensor_fault,2721.5380035418257,0.358413963527201,0.18222220971416792,24.999375015624608
baro_stuck,2,unseen,f20260909351_sensor_fault,sensor_fault,2719.6191186994665,0.37600145180758904,0.3165771852031376,24.999375015624608
baro_stuck,2,unseen,f20260909352_sensor_fault,sensor_fault,2721.4004748219972,0.3918186604779754,0.37888302095115034,24.999375015624608
baro_stuck,2,unseen,f20260909353_sensor_fault,sensor_fault,2749.8695917265118,0.4039657948146219,0.03086062634715825,24.999375015624608
baro_stuck,2,unseen,f20260909354_sensor_fault,sensor_fault,2724.842148255357,0.37269274648255485,0.39808531522951407,24.999375015624608
baro_stuck,2,unseen,f20260909355_sensor_fault,sensor_fault,2724.415482237124,0.36727995508030054,0.40657431207442873,24.999375015624608
baro_stuck,2,unseen,f20260909357_sensor_fault,sensor_fault,2705.7817715377055,0.3772725613021846,0.13926185070831576,24.999375015624608
baro_stuck,2,calibration,f105048958709988_gps_degrade,gps_degrade,22.59926617422916,0.4538633327032208,0.17219606103982366,0.9999990000010001
baro_stuck,2,calibration,f125406956954866_gps_degrade,gps_degrade,22.453958849937816,0.49795543635661793,0.024872017352326692,0.9999990000010001
baro_stuck,2,calibration,f137476638112559_gps_degrade,gps_degrade,14.38838912872161,0.4551529850227856,0.021693695368404375,0.9999990000010001
baro_stuck,2,calibration,f20260909008_nominal,nominal,8.590453128193603,0.4149326827288045,0.028213322774123584,0.19999980000020004
baro_stuck,2,calibration,f20260909010_nominal,nominal,18.21214158554316,0.3915713847087492,0.17850913534147406,0.19999980000020004
baro_stuck,2,calibration,f20260909012_nominal,nominal,4.484365137370411,0.36210092766554647,0.3485670978565375,0.9999750006249843
baro_stuck,2,calibration,f20260909016_nominal,nominal,33.95416741337979,0.40621377314027096,0.22333571496189264,0.9999750006249843
baro_stuck,2,calibration,f20260909018_nominal,nominal,26.708924641243478,0.3977996773272982,0.15555549143009018,0.9999750006249843
baro_stuck,2,calibration,f20260909021_nominal,nominal,10.638172476064739,0.4117609138677072,0.06864059814205814,0.9999750006249843
baro_stuck,2,calibration,f20260909024_nominal,nominal,11.400738584966632,0.41258435639717994,0.03510320780169751,0.9999750006249843
baro_stuck,2,calibration,f20260909025_nominal,nominal,5.381823552094714,0.371032560098658,0.23585572848363923,0.19999980000020004
baro_stuck,2,calibration,f20260909030_nominal,nominal,4.714724468315645,0.3609818533266947,0.12615250418215307,0.19999980000020004
baro_stuck,2,calibration,f20260909031_nominal,nominal,15.641550157267584,0.41993182541287855,0.2872838484229585,0.19999980000020004
baro_stuck,2,calibration,f20260909033_nominal,nominal,4.293409902808625,0.35574009938003853,0.4876761335602191,0.9999750006249843
baro_stuck,2,calibration,f20260909034_nominal,nominal,5.894618536413874,0.3891830817667746,0.048724745687133475,0.19999980000020004
baro_stuck,2,calibration,f20260909035_nominal,nominal,4.294194045796055,0.36241651911510997,0.4806786202888562,0.9999750006249843
baro_stuck,2,calibration,f20260909043_nominal,nominal,4.361191866962667,0.36130203346478307,0.15265610009611197,0.19999980000020004
baro_stuck,2,calibration,f20260909044_nominal,nominal,4.922710959892314,0.36290762947675326,0.4790998854502686,0.9999750006249843
baro_stuck,2,calibration,f20260909051_nominal,nominal,29.033398534812157,0.38655516376394655,0.2370475106124339,0.9999750006249843
baro_stuck,2,calibration,f20260909053_nominal,nominal,6.6347166199230525,0.3794974092623489,0.11438527142454924,0.19999980000020004
baro_stuck,2,calibration,f20260909055_nominal,nominal,4.424340548957941,0.3729419534734952,0.11372600582607573,0.19999980000020004
baro_stuck,2,calibration,f20260909057_nominal,nominal,4.636847405535568,0.3630654606560089,0.22495120332415774,0.9999750006249843
baro_stuck,2,calibration,f20260909059_nominal,nominal,5.997325288466624,0.3774152418805068,0.08119629030290731,0.19999980000020004
baro_stuck,2,calibration,f20260909101_spoof,spoof,6.539705013915168,0.39340284207592846,0.13776271360010917,0.19999980000020004
baro_stuck,2,calibration,f20260909104_spoof,spoof,11.776622830419608,0.4160462756578691,0.2658096657764024,0.19999980000020004
baro_stuck,2,calibration,f20260909106_spoof,spoof,9.720518897242245,0.4064528217436656,0.06282746171477405,0.9999750006249843
baro_stuck,2,calibration,f20260909107_spoof,spoof,7.082241743807564,0.4000977003621675,0.11109829976173424,0.9999750006249843
baro_stuck,2,calibration,f20260909113_spoof,spoof,9.882202005393083,0.4071052723163094,0.40276614661652155,0.9999750006249843
baro_stuck,2,calibration,f20260909116_spoof,spoof,6.495225726945702,0.37371733325015866,0.3685090147123068,0.9999750006249843
baro_stuck,2,calibration,f20260909118_spoof,spoof,21.84374882512266,0.4512439638382743,0.02527033144644497,0.9999750006249843
baro_stuck,2,calibration,f20260909119_spoof,spoof,9.863959641945646,0.42528655777735824,0.06842336807275617,0.9999750006249843
baro_stuck,2,calibration,f20260909121_spoof,spoof,5.0760997257315275,0.39727701542431487,0.2376919724262958,0.9999750006249843
baro_stuck,2,calibration,f20260909123_spoof,spoof,5.878700698847224,0.3805691588694158,0.3643003019924226,0.9999750006249843
baro_stuck,2,calibration,f20260909124_spoof,spoof,11.398196142433758,0.41204750867303674,0.4823494789020043,0.9999750006249843
baro_stuck,2,calibration,f20260909127_spoof,spoof,16.96363988715664,0.4397872812569136,0.5061724935675165,0.9999750006249843
baro_stuck,2,calibration,f20260909141_spoof,spoof,12.549302552154513,0.42396082906048643,0.3932858853951374,0.9999750006249843
baro_stuck,2,calibration,f20260909143_spoof,spoof,13.57401779570072,0.4249694027300791,0.098398293621767,0.9999750006249843
baro_stuck,2,calibration,f20260909147_spoof,spoof,6.385777358082501,0.3801410979334279,0.19438192016046896,0.9999750006249843
baro_stuck,2,calibration,f20260909149_spoof,spoof,7.769045744372061,0.4129925598249472,0.09706382987696227,0.19999980000020004
baro_stuck,2,calibration,f20260909153_spoof,spoof,22.18983163924583,0.4481526863450358,0.022682960732153146,0.9999750006249843
baro_stuck,2,calibration,f20260909154_spoof,spoof,4.944157720519605,0.37330836714720433,0.46489656801279655,0.9999750006249843
baro_stuck,2,calibration,f20260909156_spoof,spoof,7.02833284375332,0.389736326435888,0.2954586716928569,0.9999750006249843
baro_stuck,2,calibration,f20260909159_spoof,spoof,18.542904629623983,0.42436831433183536,0.11454870676628959,0.9999750006249843
baro_stuck,2,calibration,f20260909209_gps_degrade,gps_degrade,24.19461684221575,0.49454513675717576,0.06151835172427844,0.9999990000010001
baro_stuck,2,calibration,f20260909212_gps_degrade,gps_degrade,27.283722646790302,0.503780038947088,0.01427273979405752,0.9999990000010001
baro_stuck,2,calibration,f20260909218_gps_degrade,gps_degrade,34.63279521268852,0.5297413600270638,0.004646570476693701,0.9999990000010001
baro_stuck,2,calibration,f20260909232_gps_degrade,gps_degrade,112.51320843488479,0.5171582766031734,0.008125558978033798,0.9999990000010001
baro_stuck,2,calibration,f20260909236_gps_degrade,gps_degrade,28.8592267906167,0.4834001427003224,0.02913959985960013,0.9999990000010001
baro_stuck,2,calibration,f20260909240_gps_degrade,gps_degrade,26.81707166381867,0.5102464675221317,0.020788199998154733,0.9999990000010001
baro_stuck,2,calibration,f20260909241_gps_degrade,gps_degrade,28.75749138553881,0.5274223101992042,0.014726521377523727,0.19999980000020004
baro_stuck,2,calibration,f20260909248_gps_degrade,gps_degrade,62.69858993082444,0.545062608698005,0.0077219761451705615,0.9999750006249843
baro_stuck,2,calibration,f20260909249_gps_degrade,gps_degrade,4087.82104872765,0.5801606183216145,5.45531136930677e-08,0.9999750006249843
baro_stuck,2,calibration,f20260909250_gps_degrade,gps_degrade,40.11809218059831,0.4960928093039303,0.05873546347986469,0.19999980000020004
baro_stuck,2,calibration,f20260909251_gps_degrade,gps_degrade,36.417479085158405,0.5592384753629662,0.0035469154283842563,0.19999980000020004
baro_stuck,2,calibration,f20260909253_gps_degrade,gps_degrade,26.028611076071698,0.4708100576865384,0.058802597704033066,0.9999990000010001
baro_stuck,2,calibration,f20260909256_gps_degrade,gps_degrade,11.726518526558475,0.43764239127266963,0.3959544549464339,0.19999980000020004
baro_stuck,2,calibration,f20260909259_gps_degrade,gps_degrade,24.49943736096395,0.4916829340163168,0.01276042430944957,0.9999990000010001
baro_stuck,2,calibration,f20260909300_sensor_fault,sensor_fault,27.104761404365643,0.47876423953642355,0.2683535155542536,0.9999990000010001
baro_stuck,2,calibration,f20260909313_sensor_fault,sensor_fault,31.999326915744266,0.4685584132731023,0.41984282241811466,0.95999904000096
baro_stuck,2,calibration,f20260909318_sensor_fault,sensor_fault,15.562718262222944,0.5126007839741752,0.02190201915920298,0.9999990000010001
baro_stuck,2,calibration,f20260909323_sensor_fault,sensor_fault,14.989897378281459,0.4927920178549667,0.014690954611519036,0.9999990000010001
baro_stuck,2,calibration,f20260909330_sensor_fault,sensor_fault,28.02803585449144,0.43698037849119725,0.4894164009958162,0.9999750006249843
baro_stuck,2,calibration,f20260909332_sensor_fault,sensor_fault,20.0068316483343,0.45730243104348,0.38981587734123324,0.9999750006249843
baro_stuck,2,calibration,f20260909338_sensor_fault,sensor_fault,16.11190005258367,0.48992056358073766,0.07746370826856186,0.9999990000010001
baro_stuck,2,calibration,f20260909339_sensor_fault,sensor_fault,22.940525620812043,0.4598339575401159,0.4361891691511217,0.9999750006249843
baro_stuck,2,calibration,f20260909343_sensor_fault,sensor_fault,22.565111524375865,0.5251089560122884,0.003376670227886902,0.9999990000010001
baro_stuck,2,calibration,f20260909356_sensor_fault,sensor_fault,27.73684332961539,0.4394403449856968,0.3991119116336235,0.9999750006249843
baro_stuck,2,calibration,f27414466462551_gps_degrade,gps_degrade,21.152420584542988,0.5010218865183116,0.025303096553311866,0.9999990000010001
baro_stuck,2,calibration,f38329162600154_gps_degrade,gps_degrade,39.91313908483162,0.5629088775582116,0.0026419502275374374,0.9999990000010001
baro_stuck,2,calibration,f52087898353843_gps_degrade,gps_degrade,38.26889224227196,0.5426138780516602,0.0026788062954022918,0.9999990000010001
mag_stuck,0,seen_test,f20260909305_sensor_fault,sensor_fault,45.23287463654312,0.5863406090185841,0.0022606455122687885,0.9999990000010001
mag_stuck,0,seen_test,f20260909315_sensor_fault,sensor_fault,15.988246448102451,0.5155148330868233,0.0071126898780277115,0.9999990000010001
mag_stuck,0,seen_test,f20260909316_sensor_fault,sensor_fault,24.194814843672454,0.5237591555268928,0.007573813345967295,0.9999990000010001
mag_stuck,0,seen_test,f20260909328_sensor_fault,sensor_fault,19.14951137375909,0.5110896563958172,0.022518614381347613,0.9999990000010001
mag_stuck,0,seen_test,f20260909329_sensor_fault,sensor_fault,31.331177573817182,0.5375540651175328,0.018701278804335808,0.9999990000010001
mag_stuck,0,seen_test,f20260909333_sensor_fault,sensor_fault,28.72633176076938,0.4775294702963642,0.09827810682795457,0.9999990000010001
mag_stuck,0,seen_test,f20260909337_sensor_fault,sensor_fault,16.123946139525735,0.5113421015152645,0.006833030882388735,0.9999990000010001
mag_stuck,0,seen_test,f20260909351_sensor_fault,sensor_fault,16.967084836372457,0.4695872874303365,0.03800695639569951,0.9999990000010001
mag_stuck,0,seen_test,f20260909352_sensor_fault,sensor_fault,23.985709073416707,0.4707635125033392,0.037586463929481506,0.9999990000010001
mag_stuck,0,seen_test,f20260909355_sensor_fault,sensor_fault,29.055010949680714,0.46697253900197644,0.15277144935682652,0.9999990000010001
mag_stuck,0,seen_test,f20260909357_sensor_fault,sensor_fault,30.08047596310369,0.5260720144664449,0.011377146181384967,0.9999990000010001
mag_stuck,0,unseen,f20260909300_sensor_fault,sensor_fault,2967.740588715284,0.42365664126926944,0.005801948825593706,24.999375015624608
mag_stuck,0,unseen,f20260909302_sensor_fault,sensor_fault,4661.270430530551,0.43392764828228697,0.004419703367930405,24.999375015624608
mag_stuck,0,unseen,f20260909306_sensor_fault,sensor_fault,2783.3480174003926,0.35959463251987944,0.036321162889532466,24.999375015624608
mag_stuck,0,unseen,f20260909307_sensor_fault,sensor_fault,2819.9478734917857,0.37137252029132933,0.004946184675616805,24.999375015624608
mag_stuck,0,unseen,f20260909310_sensor_fault,sensor_fault,1155.885449597135,0.40544175247425235,0.008006259416965644,15.99960000999975
mag_stuck,0,unseen,f20260909311_sensor_fault,sensor_fault,2818.8201333326424,0.358940179120904,0.005599869127461243,24.999375015624608
mag_stuck,0,unseen,f20260909312_sensor_fault,sensor_fault,2815.693614602099,0.37229271547221093,0.003426104477714631,24.999375015624608
mag_stuck,0,unseen,f20260909313_sensor_fault,sensor_fault,2550.5582424252016,0.3717124086254175,0.05768230547566222,23.999400014999622
mag_stuck,0,unseen,f20260909318_sensor_fault,sensor_fault,2813.4725907459474,0.4075967074504027,0.005205761878857462,24.999375015624608
mag_stuck,0,unseen,f20260909321_sensor_fault,sensor_fault,2826.9342897245137,0.3629406502153229,0.007803952389074942,24.999375015624608
mag_stuck,0,unseen,f20260909323_sensor_fault,sensor_fault,2810.8080516247464,0.4192414798994651,0.0037638615648092344,24.999375015624608
mag_stuck,0,unseen,f20260909326_sensor_fault,sensor_fault,2763.517874048954,0.40149817554637246,0.03426744045416941,24.999375015624608
mag_stuck,0,unseen,f20260909330_sensor_fault,sensor_fault,1973.3687780273426,0.35222668627833054,0.011578948689544677,20.99947501312467
mag_stuck,0,unseen,f20260909331_sensor_fault,sensor_fault,2809.149277171188,0.3714954243975062,0.009405055084166891,24.999375015624608
mag_stuck,0,unseen,f20260909332_sensor_fault,sensor_fault,1279.754581372198,0.40243269144516636,0.007178248274414489,16.999575010624735
mag_stuck,0,unseen,f20260909334_sensor_fault,sensor_fault,2823.2975658832206,0.37169951052406924,0.006009485501157985,24.999375015624608
mag_stuck,0,unseen,f20260909338_sensor_fault,sensor_fault,2906.9271882900935,0.40076951978532416,0.0035790696911092157,24.999375015624608
mag_stuck,0,unseen,f20260909339_sensor_fault,sensor_fault,1445.7221415008787,0.40517268673882034,0.03380997470269487,17.999550011249717
mag_stuck,0,unseen,f20260909340_sensor_fault,sensor_fault,2882.6412635466336,0.38498867801658204,0.0034450275000698083,24.999375015624608
mag_stuck,0,unseen,f20260909341_sensor_fault,sensor_fault,2824.125926966323,0.3833008182887291,0.004511110050975375,24.999375015624608
mag_stuck,0,unseen,f20260909342_sensor_fault,sensor_fault,2788.046164374143,0.3537333800522781,0.048899803834576705,24.999375015624608
mag_stuck,0,unseen,f20260909343_sensor_fault,sensor_fault,2788.7771086579937,0.37145386134262975,0.029265351629425118,24.999375015624608
mag_stuck,0,unseen,f20260909344_sensor_fault,sensor_fault,4869.004679178018,0.45162065244136707,0.007887171503844104,24.999375015624608
mag_stuck,0,unseen,f20260909345_sensor_fault,sensor_fault,2808.011149437326,0.3658699549310013,0.007149547210137386,24.999375015624608
mag_stuck,0,unseen,f20260909347_sensor_fault,sensor_fault,2991.6017987594214,0.39532257122923325,0.00773363729168719,24.999375015624608
mag_stuck,0,unseen,f20260909348_sensor_fault,sensor_fault,2010.1986598659043,0.41831913211030525,0.005807484447842404,20.99947501312467
mag_stuck,0,unseen,f20260909349_sensor_fault,sensor_fault,2818.1453472214253,0.36674917265034374,0.008449776818474808,24.999375015624608
mag_stuck,0,unseen,f20260909350_sensor_fault,sensor_fault,628.8777131412054,0.4318597369739237,0.015203963680336385,11.999700007499811
mag_stuck,0,unseen,f20260909356_sensor_fault,sensor_fault,2378.5466991292938,0.412155017340542,0.006810649874442909,22.99942501437464
mag_stuck,0,unseen,f20260909358_sensor_fault,sensor_fault,4546.437333998202,0.38882976454146534,0.0043222540931867615,24.999375015624608
mag_stuck,0,unseen,f20260909359_sensor_fault,sensor_fault,3487.561380514499,0.4323288320611337,0.002126756964211385,24.999375015624608
mag_stuck,0,calibration,f125406956954866_gps_degrade,gps_degrade,22.50068036614739,0.5099975257067745,0.031040079686801003,0.9999990000010001
mag_stuck,0,calibration,f137476638112559_gps_degrade,gps_degrade,23.319803334638838,0.4917561209956754,0.018816476340904775,0.9999990000010001
mag_stuck,0,calibration,f179117136627038_gps_degrade,gps_degrade,65.78583330432838,0.5742459506310101,0.19777285981742743,0.9999990000010001
mag_stuck,0,calibration,f198225816701839_gps_degrade,gps_degrade,17.52252082136503,0.4843842729000793,0.014066051131839119,0.9999990000010001
mag_stuck,0,calibration,f20260909001_nominal,nominal,6.104461897282233,0.3773862941346003,0.3848598142363616,0.9999750006249843
mag_stuck,0,calibration,f20260909003_nominal,nominal,5.145231256059976,0.35449658094873243,0.23640638517842205,0.19999980000020004
mag_stuck,0,calibration,f20260909010_nominal,nominal,6.629964370818906,0.35120846802213906,0.30440164415980797,0.19999980000020004
mag_stuck,0,calibration,f20260909013_nominal,nominal,6.68589245748978,0.356592552661653,0.16323412332164444,0.19999980000020004
mag_stuck,0,calibration,f20260909014_nominal,nominal,5.551033464189294,0.35545019573619574,0.4518368438076007,0.9999750006249843
mag_stuck,0,calibration,f20260909015_nominal,nominal,11.491722465978281,0.4181205534077908,0.06150922326067143,0.9999750006249843
mag_stuck,0,calibration,f20260909022_nominal,nominal,10.000988169272235,0.3878467438304967,0.13509906321909781,0.19999980000020004
mag_stuck,0,calibration,f20260909024_nominal,nominal,9.280204748286884,0.37040550581603815,0.3089778093915858,0.9999750006249843
mag_stuck,0,calibration,f20260909027_nominal,nominal,6.3284234018036285,0.36239788051710636,0.31935263296598604,0.19999980000020004
mag_stuck,0,calibration,f20260909029_nominal,nominal,6.978337169288389,0.35454327722361717,0.2842924226099752,0.9999750006249843
mag_stuck,0,calibration,f20260909035_nominal,nominal,7.175660922188373,0.36057646918072256,0.11638205618860142,0.19999980000020004
mag_stuck,0,calibration,f20260909041_nominal,nominal,17.549501736916326,0.41401892435456417,0.07634137464680124,0.19999980000020004
mag_stuck,0,calibration,f20260909043_nominal,nominal,8.971067374392065,0.368337828878187,0.11906112438670136,0.19999980000020004
mag_stuck,0,calibration,f20260909045_nominal,nominal,10.629156062425713,0.36867145398103696,0.28896435209952565,0.19999980000020004
mag_stuck,0,calibration,f20260909047_nominal,nominal,6.1088012524253,0.36383241513627573,0.3193000274162896,0.9999750006249843
mag_stuck,0,calibration,f20260909050_nominal,nominal,4.393520277589777,0.35107010406235967,0.47528892559780156,0.19999980000020004
mag_stuck,0,calibration,f20260909054_nominal,nominal,7.200769252008998,0.3542518397543844,0.35950433000544035,0.19999980000020004
mag_stuck,0,calibration,f20260909055_nominal,nominal,4.694212806557134,0.35062193955476517,0.47593093512085205,0.9999750006249843
mag_stuck,0,calibration,f20260909056_nominal,nominal,17.114004694528937,0.40987555439753254,0.05102443041395077,0.19999980000020004
mag_stuck,0,calibration,f20260909059_nominal,nominal,4.994130766423593,0.3613423847030689,0.21018541311661887,0.9999750006249843
mag_stuck,0,calibration,f20260909100_spoof,spoof,15.030837536359652,0.47240358781316644,0.17208083040050848,0.15999984000016002
mag_stuck,0,calibration,f20260909102_spoof,spoof,6.086985727948368,0.3537828170273614,0.47149168836600097,0.9999750006249843
mag_stuck,0,calibration,f20260909106_spoof,spoof,16.431261051722498,0.4248758636684016,0.05486750378686478,0.9999750006249843
mag_stuck,0,calibration,f20260909107_spoof,spoof,22.355920125202793,0.40811019706261215,0.03911171947259906,0.9999750006249843
mag_stuck,0,calibration,f20260909112_spoof,spoof,18.436851581067646,0.43237814960390936,0.033723351345455566,0.19999980000020004
mag_stuck,0,calibration,f20260909116_spoof,spoof,4.586265866421815,0.34624815880786347,0.4542133544691058,0.19999980000020004
mag_stuck,0,calibration,f20260909121_spoof,spoof,58.64658209369069,0.539462102236643,0.4333452727464667,0.9999750006249843
mag_stuck,0,calibration,f20260909124_spoof,spoof,13.520755129598651,0.42183783673049474,0.4856154420175468,0.9999750006249843
mag_stuck,0,calibration,f20260909126_spoof,spoof,13.28297171837286,0.3993138457250645,0.1167200161680012,0.19999980000020004
mag_stuck,0,calibration,f20260909137_spoof,spoof,7.618503265803282,0.39911635446555915,0.2031394078696065,0.19999980000020004
mag_stuck,0,calibration,f20260909138_spoof,spoof,9.481235528585724,0.3941227206340632,0.2353415011451877,0.9999750006249843
mag_stuck,0,calibration,f20260909139_spoof,spoof,17.149600538124805,0.41683856047724804,0.17262741804704962,0.9999750006249843
mag_stuck,0,calibration,f20260909140_spoof,spoof,8.30236843950533,0.4161460680889674,0.1392982948234993,0.19999980000020004
mag_stuck,0,calibration,f20260909142_spoof,spoof,28.455016103814366,0.4551113435101829,0.037219178192877345,0.19999980000020004
mag_stuck,0,calibration,f20260909143_spoof,spoof,7.814882649567353,0.37475241849822694,0.2758647366502389,0.9999750006249843
mag_stuck,0,calibration,f20260909146_spoof,spoof,13.449562591722412,0.4251122769814623,0.1473473978305343,0.19999980000020004
mag_stuck,0,calibration,f20260909150_spoof,spoof,12.712831288383658,0.4169067901601012,0.5197070258725414,0.19999980000020004
mag_stuck,0,calibration,f20260909156_spoof,spoof,12.940744889487384,0.4099354383018396,0.11041509514940795,0.19999980000020004
mag_stuck,0,calibration,f20260909158_spoof,spoof,13.31864817637161,0.41446024251256286,0.05525910353376262,0.9999750006249843
mag_stuck,0,calibration,f20260909159_spoof,spoof,19.432237817725856,0.4177444272024336,0.05764329024617554,0.9999750006249843
mag_stuck,0,calibration,f20260909200_gps_degrade,gps_degrade,25.02598426449789,0.48942707611949016,0.013514332535445539,0.9999990000010001
mag_stuck,0,calibration,f20260909204_gps_degrade,gps_degrade,43.37220710242639,0.539227579772856,0.14220318143200494,0.9999990000010001
mag_stuck,0,calibration,f20260909205_gps_degrade,gps_degrade,93.0754704816405,0.6219126380909492,0.03302409946592488,0.9999750006249843
mag_stuck,0,calibration,f20260909208_gps_degrade,gps_degrade,47.946226548655666,0.5251406294367595,0.0950918625446815,0.19999980000020004
mag_stuck,0,calibration,f20260909213_gps_degrade,gps_degrade,16.355885927571297,0.4510690127511778,0.10073940103227763,0.9999990000010001
mag_stuck,0,calibration,f20260909217_gps_degrade,gps_degrade,79.96652899907491,0.5396106891791718,0.1363515084140412,0.19999980000020004
mag_stuck,0,calibration,f20260909218_gps_degrade,gps_degrade,24.677222024320404,0.49876959423840894,0.009410498646689969,0.9999990000010001
mag_stuck,0,calibration,f20260909222_gps_degrade,gps_degrade,50.66736774883474,0.5249593619879723,0.10952118190237659,0.19999980000020004
mag_stuck,0,calibration,f20260909224_gps_degrade,gps_degrade,15.187594068924849,0.4652016556358025,0.03851636228782118,0.9999990000010001
mag_stuck,0,calibration,f20260909235_gps_degrade,gps_degrade,187.4350911033083,0.5927424098407514,0.45140566177990726,0.19999980000020004
mag_stuck,0,calibration,f20260909238_gps_degrade,gps_degrade,155.40874687852386,0.6289819351026201,0.4244107925208993,0.9999750006249843
mag_stuck,0,calibration,f20260909243_gps_degrade,gps_degrade,100.33373838587069,0.5912328384980752,0.005667551242586777,0.19999980000020004
mag_stuck,0,calibration,f20260909246_gps_degrade,gps_degrade,748.1634560033638,0.6068672247708815,0.0011031921198974004,0.9999750006249843
mag_stuck,0,calibration,f20260909258_gps_degrade,gps_degrade,38.00619394245878,0.5265556636219263,0.032598814717910596,0.19999980000020004
mag_stuck,0,calibration,f20260909303_sensor_fault,sensor_fault,26.432948225233233,0.49773407286034843,0.0044329550192543365,0.9999990000010001
mag_stuck,0,calibration,f20260909304_sensor_fault,sensor_fault,15.84342678393915,0.5126313153575484,0.0060726297614239755,0.9999990000010001
mag_stuck,0,calibration,f20260909308_sensor_fault,sensor_fault,25.127667638075636,0.5444498655406438,0.006574847508342252,0.9999990000010001
mag_stuck,0,calibration,f20260909309_sensor_fault,sensor_fault,30.779308316099485,0.45824942359033455,0.09472047253545812,0.9999990000010001
mag_stuck,0,calibration,f20260909317_sensor_fault,sensor_fault,30.11154498846947,0.4743354335431,0.11041015956305689,0.9999990000010001
mag_stuck,0,calibration,f20260909320_sensor_fault,sensor_fault,20.82683745284864,0.5098138989423734,0.009381847534436272,0.9999990000010001
mag_stuck,0,calibration,f20260909336_sensor_fault,sensor_fault,27.401513761622116,0.447697054299805,0.06896165096767393,0.9999990000010001
mag_stuck,0,calibration,f20260909346_sensor_fault,sensor_fault,16.593301963799643,0.4964914860255555,0.018832631795329458,0.9999990000010001
mag_stuck,0,calibration,f20260909353_sensor_fault,sensor_fault,18.21320250620909,0.5211864131647567,0.0025016578250623978,0.9999990000010001
mag_stuck,0,calibration,f267926232552533_gps_degrade,gps_degrade,23.648335549971605,0.483872929308673,0.026801892225995716,0.9999990000010001
mag_stuck,0,calibration,f80546156924787_gps_degrade,gps_degrade,18.68856601751551,0.489668350349102,0.013099475560716445,0.9999990000010001
mag_stuck,1,seen_test,f20260909309_sensor_fault,sensor_fault,46.95666460487906,0.47230172899231426,0.4523611213919695,0.9999990000010001
mag_stuck,1,seen_test,f20260909314_sensor_fault,sensor_fault,33.72984806841739,0.42445510991246543,0.4525118792759094,0.31999968000032003
mag_stuck,1,seen_test,f20260909315_sensor_fault,sensor_fault,14.290790648942838,0.5241660143922289,0.02407248345070867,0.9999990000010001
mag_stuck,1,seen_test,f20260909325_sensor_fault,sensor_fault,21.621888189296172,0.537383505824741,0.024609906067359244,0.9999990000010001
mag_stuck,1,seen_test,f20260909328_sensor_fault,sensor_fault,21.524636886173763,0.5262290613239777,0.05368140405837196,0.9999990000010001
mag_stuck,1,seen_test,f20260909333_sensor_fault,sensor_fault,41.30831116145597,0.44047615960308467,0.4686464802382182,0.9999990000010001
mag_stuck,1,seen_test,f20260909336_sensor_fault,sensor_fault,39.31009035528741,0.4581309688468281,0.31865450251198113,0.9999990000010001
mag_stuck,1,seen_test,f20260909337_sensor_fault,sensor_fault,15.41846128487854,0.5253112143886379,0.006296051870271158,0.9999990000010001
mag_stuck,1,seen_test,f20260909352_sensor_fault,sensor_fault,36.515847221497744,0.47454372921187027,0.3016315445557456,0.9999990000010001
mag_stuck,1,seen_test,f20260909355_sensor_fault,sensor_fault,40.384808327137,0.4572483243024559,0.3143330145260137,0.9999990000010001
mag_stuck,1,seen_test,f20260909357_sensor_fault,sensor_fault,20.82557423214268,0.5048147095174166,0.029675488901371283,0.9999990000010001
mag_stuck,1,unseen,f20260909300_sensor_fault,sensor_fault,2889.903609289322,0.40801648044751365,0.13974178998826692,24.999375015624608
mag_stuck,1,unseen,f20260909302_sensor_fault,sensor_fault,4534.775944010533,0.4179764560043283,0.0015543606476398075,24.999375015624608
mag_stuck,1,unseen,f20260909306_sensor_fault,sensor_fault,2781.9420107418837,0.37911296161280383,0.06929499949219309,24.999375015624608
mag_stuck,1,unseen,f20260909307_sensor_fault,sensor_fault,2823.9404724211454,0.416733895649183,0.36442610275717924,24.999375015624608
mag_stuck,1,unseen,f20260909310_sensor_fault,sensor_fault,1119.9131206592913,0.39966990988392587,0.2740996574251773,15.99960000999975
mag_stuck,1,unseen,f20260909311_sensor_fault,sensor_fault,2793.36519208575,0.36796731366088353,0.3562878720831061,24.999375015624608
mag_stuck,1,unseen,f20260909312_sensor_fault,sensor_fault,2790.1168913926417,0.38803432412652133,0.3955913018735554,24.999375015624608
mag_stuck,1,unseen,f20260909313_sensor_fault,sensor_fault,2574.65817872839,0.37957699026208574,0.2754553492526358,23.999400014999622
mag_stuck,1,unseen,f20260909318_sensor_fault,sensor_fault,2781.1794849789876,0.4005677358610602,0.3482912528074481,24.999375015624608
mag_stuck,1,unseen,f20260909321_sensor_fault,sensor_fault,2794.288668025569,0.3664130707002985,0.055486757252836916,24.999375015624608
mag_stuck,1,unseen,f20260909323_sensor_fault,sensor_fault,2770.4160659486656,0.40226713526781044,0.4514006982080824,24.999375015624608
mag_stuck,1,unseen,f20260909326_sensor_fault,sensor_fault,2774.7215865658795,0.391559984268278,0.14293097211418837,24.999375015624608
mag_stuck,1,unseen,f20260909330_sensor_fault,sensor_fault,1961.5023439457796,0.36810216359361064,0.4251446049050237,20.99947501312467
mag_stuck,1,unseen,f20260909331_sensor_fault,sensor_fault,2787.423031442615,0.37428831360643455,0.22025856598317473,24.999375015624608
mag_stuck,1,unseen,f20260909332_sensor_fault,sensor_fault,1256.6055722402327,0.3991332019942227,0.4343161795192054,16.999575010624735
mag_stuck,1,unseen,f20260909334_sensor_fault,sensor_fault,2803.543505617342,0.3671393167007497,0.10766581603193204,24.999375015624608
mag_stuck,1,unseen,f20260909338_sensor_fault,sensor_fault,2847.6313686162384,0.4334117604882598,0.09391432334872807,24.999375015624608
mag_stuck,1,unseen,f20260909339_sensor_fault,sensor_fault,1422.0430139318657,0.4017520931394081,0.4675434428354692,17.999550011249717
mag_stuck,1,unseen,f20260909340_sensor_fault,sensor_fault,2796.3477483471033,0.39863779324789345,0.3362275668876039,24.999375015624608
mag_stuck,1,unseen,f20260909341_sensor_fault,sensor_fault,2809.4411909066093,0.37110030179913484,0.371388769956413,24.999375015624608
mag_stuck,1,unseen,f20260909342_sensor_fault,sensor_fault,2771.461091680473,0.38460348328405447,0.11341498398312011,24.999375015624608
mag_stuck,1,unseen,f20260909343_sensor_fault,sensor_fault,2830.9548378945747,0.39216500703599405,0.44960106600098015,24.999375015624608
mag_stuck,1,unseen,f20260909344_sensor_fault,sensor_fault,4753.248368716575,0.40050721563719566,0.004988583952868719,24.999375015624608
mag_stuck,1,unseen,f20260909345_sensor_fault,sensor_fault,2793.348167095109,0.3739713364651962,0.31384626304276975,24.999375015624608
mag_stuck,1,unseen,f20260909347_sensor_fault,sensor_fault,2911.9345611010417,0.4007525692597079,0.15145840813541178,24.999375015624608
mag_stuck,1,unseen,f20260909348_sensor_fault,sensor_fault,1974.5190065089266,0.43160895244118613,0.1293791057380591,20.99947501312467
mag_stuck,1,unseen,f20260909349_sensor_fault,sensor_fault,2815.2981269475667,0.3795872069352498,0.4724458744928467,24.999375015624608
mag_stuck,1,unseen,f20260909350_sensor_fault,sensor_fault,637.0087361533932,0.4082404773959222,0.08987276562250235,11.999700007499811
mag_stuck,1,unseen,f20260909356_sensor_fault,sensor_fault,2334.8789748433524,0.3895648468501316,0.2735654709668668,22.99942501437464
mag_stuck,1,unseen,f20260909358_sensor_fault,sensor_fault,4377.548036210743,0.4056868441479647,0.006380324266972659,24.999375015624608
mag_stuck,1,unseen,f20260909359_sensor_fault,sensor_fault,3344.831296647039,0.42345795561119665,0.010989544276430618,24.999375015624608
mag_stuck,1,calibration,f154051046525415_gps_degrade,gps_degrade,17.04388180142175,0.494603773435348,0.022957027072821767,0.9999990000010001
mag_stuck,1,calibration,f179243424651613_gps_degrade,gps_degrade,32.703393964337295,0.47485837348037513,0.27282833238325277,0.9999990000010001
mag_stuck,1,calibration,f20260909000_nominal,nominal,4.325629408021018,0.3808130829033946,0.1146843622612187,0.15999984000016002
mag_stuck,1,calibration,f20260909003_nominal,nominal,5.619420842877569,0.37826446379760803,0.1052745145944638,0.19999980000020004
mag_stuck,1,calibration,f20260909006_nominal,nominal,11.806691001699566,0.4030185042805495,0.06450143418885157,0.9999750006249843
mag_stuck,1,calibration,f20260909007_nominal,nominal,6.100124381009485,0.37201373618035133,0.5140524061582051,0.9999750006249843
mag_stuck,1,calibration,f20260909009_nominal,nominal,9.154948985875144,0.3883370337619003,0.07842227905894295,0.9999750006249843
mag_stuck,1,calibration,f20260909011_nominal,nominal,5.602797602141582,0.39499525355975296,0.0988068719561126,0.9999750006249843
mag_stuck,1,calibration,f20260909014_nominal,nominal,5.69513271072115,0.3851413140771595,0.31810640292318515,0.9999750006249843
mag_stuck,1,calibration,f20260909015_nominal,nominal,10.710654856207874,0.3939750739827428,0.047008444417682704,0.9999750006249843
mag_stuck,1,calibration,f20260909023_nominal,nominal,5.727718697988084,0.3715442336849626,0.16722256913473077,0.19999980000020004
mag_stuck,1,calibration,f20260909026_nominal,nominal,5.786204346165896,0.39568594398064866,0.1041581610638892,0.9999750006249843
mag_stuck,1,calibration,f20260909030_nominal,nominal,6.480981761064446,0.3734461285980965,0.13341805192856326,0.19999980000020004
mag_stuck,1,calibration,f20260909033_nominal,nominal,7.149633010871492,0.3724068240778595,0.15774665879101324,0.9999750006249843
mag_stuck,1,calibration,f20260909034_nominal,nominal,8.334192387039051,0.3982179382013989,0.058927716650848505,0.19999980000020004
mag_stuck,1,calibration,f20260909037_nominal,nominal,4.7787070833101195,0.3747370104524506,0.46094025253479765,0.19999980000020004
mag_stuck,1,calibration,f20260909042_nominal,nominal,7.937722532272604,0.37913858304410947,0.09809600625276305,0.19999980000020004
mag_stuck,1,calibration,f20260909044_nominal,nominal,7.260204207796757,0.37837262371026137,0.14200960033183485,0.19999980000020004
mag_stuck,1,calibration,f20260909047_nominal,nominal,7.474979476789094,0.3937390641909352,0.17180716923092754,0.9999750006249843
mag_stuck,1,calibration,f20260909048_nominal,nominal,7.813164705733549,0.399392317467558,0.12560998415879832,0.19999980000020004
mag_stuck,1,calibration,f20260909050_nominal,nominal,5.252718552106574,0.36311053060614285,0.21292325056956507,0.19999980000020004
mag_stuck,1,calibration,f20260909052_nominal,nominal,6.58647495751748,0.38453200104170165,0.15490163133976131,0.9999750006249843
mag_stuck,1,calibration,f20260909103_spoof,spoof,10.076544294364345,0.408220399352697,0.22162759502977902,0.9999750006249843
mag_stuck,1,calibration,f20260909106_spoof,spoof,6.615371347885754,0.4222995390002794,0.04245674455075865,0.9999750006249843
mag_stuck,1,calibration,f20260909109_spoof,spoof,9.749476592971432,0.43213506661171985,0.26520372281967197,0.9999750006249843
mag_stuck,1,calibration,f20260909110_spoof,spoof,6.2900930148283996,0.3715652893622824,0.2575831751962615,0.9999750006249843
mag_stuck,1,calibration,f20260909113_spoof,spoof,13.537346738758822,0.44000607823475424,0.49308011070883917,0.19999980000020004
mag_stuck,1,calibration,f20260909115_spoof,spoof,30.29078059721549,0.46931794524796405,0.5320942466015042,0.19999980000020004
mag_stuck,1,calibration,f20260909116_spoof,spoof,9.917302616185063,0.3727347988634592,0.39155527217687136,0.19999980000020004
mag_stuck,1,calibration,f20260909120_spoof,spoof,6.197325769047533,0.407455250720031,0.5295088669564786,0.19999980000020004
mag_stuck,1,calibration,f20260909123_spoof,spoof,7.182532300243945,0.37486366464843607,0.23108037001090287,0.9999750006249843
mag_stuck,1,calibration,f20260909124_spoof,spoof,11.876526523009817,0.42230039648700207,0.33665323464402963,0.9999750006249843
mag_stuck,1,calibration,f20260909127_spoof,spoof,52.77895146546157,0.47557126179389936,0.24754434109043977,0.19999980000020004
mag_stuck,1,calibration,f20260909133_spoof,spoof,8.456696057483576,0.3927878683766863,0.481642596555762,0.19999980000020004
mag_stuck,1,calibration,f20260909134_spoof,spoof,9.038554617157764,0.41649954547681517,0.41167748061004805,0.9999750006249843
mag_stuck,1,calibration,f20260909141_spoof,spoof,21.005361842595693,0.46484788919905873,0.5010211021590902,0.19999980000020004
mag_stuck,1,calibration,f20260909142_spoof,spoof,9.360230771084868,0.4201008871561122,0.05031267085956581,0.19999980000020004
mag_stuck,1,calibration,f20260909145_spoof,spoof,6.874329694807377,0.41469621958077496,0.27613176184098265,0.19999980000020004
mag_stuck,1,calibration,f20260909148_spoof,spoof,19.983568863347976,0.4530849432332602,0.4531006142637195,0.19999980000020004
mag_stuck,1,calibration,f20260909149_spoof,spoof,10.057026257366322,0.4547822195796601,0.08910386145757831,0.19999980000020004
mag_stuck,1,calibration,f20260909150_spoof,spoof,20.19565630038298,0.4539605213367551,0.3607747487924886,0.19999980000020004
mag_stuck,1,calibration,f20260909151_spoof,spoof,13.187342391502558,0.4891681282322667,0.028755134191023934,0.19999980000020004
mag_stuck,1,calibration,f20260909203_gps_degrade,gps_degrade,13.857974547340659,0.48312429732887846,0.014941257303230593,0.9999990000010001
mag_stuck,1,calibration,f20260909207_gps_degrade,gps_degrade,345.43983425177424,0.6518265728789664,6.319143882604905e-07,0.9999750006249843
mag_stuck,1,calibration,f20260909209_gps_degrade,gps_degrade,16.250030441076706,0.49360708875264625,0.07200085287907665,0.9999990000010001
mag_stuck,1,calibration,f20260909211_gps_degrade,gps_degrade,500.76388434125835,0.6300261833086139,3.1116840326639306e-07,0.9999750006249843
mag_stuck,1,calibration,f20260909218_gps_degrade,gps_degrade,21.63899878198076,0.5039034526747673,0.010601387950169405,0.9999990000010001
mag_stuck,1,calibration,f20260909226_gps_degrade,gps_degrade,23390.29586662509,0.6291566294847404,1.3172044233122904e-08,0.19999980000020004
mag_stuck,1,calibration,f20260909230_gps_degrade,gps_degrade,1176.5187912842957,0.620001503568997,3.3225276752091304e-08,0.19999980000020004
mag_stuck,1,calibration,f20260909238_gps_degrade,gps_degrade,73.88198525276849,0.593882942714919,0.0007974321142418805,0.9999750006249843
mag_stuck,1,calibration,f20260909239_gps_degrade,gps_degrade,1058.8048087774234,0.6325927371291531,1.7824884235295713e-08,0.9999750006249843
mag_stuck,1,calibration,f20260909240_gps_degrade,gps_degrade,15.032715194193688,0.4906506506777392,0.016889902584302563,0.9999990000010001
mag_stuck,1,calibration,f20260909246_gps_degrade,gps_degrade,1056.9631450449313,0.5718567173769888,3.79036445452563e-06,0.9999750006249843
mag_stuck,1,calibration,f20260909251_gps_degrade,gps_degrade,127.29269679959006,0.622851243885412,9.653739306614284e-05,0.9999750006249843
mag_stuck,1,calibration,f20260909252_gps_degrade,gps_degrade,293.09762616388326,0.5554733970547713,0.0011416921525212453,0.19999980000020004
mag_stuck,1,calibration,f20260909253_gps_degrade,gps_degrade,22.386463060916473,0.4702030856340911,0.21937914862892938,0.9999990000010001
mag_stuck,1,calibration,f20260909254_gps_degrade,gps_degrade,18.772477832790027,0.5229776347234363,0.011960310872953572,0.9999990000010001
mag_stuck,1,calibration,f20260909301_sensor_fault,sensor_fault,20.100844537192348,0.5205564220387597,0.005551573332793436,0.9999990000010001
mag_stuck,1,calibration,f20260909304_sensor_fault,sensor_fault,19.56514165438392,0.5155754161456775,0.00487300778574884,0.9999990000010001
mag_stuck,1,calibration,f20260909305_sensor_fault,sensor_fault,27.201961932509274,0.5521331890851009,0.004723248593658469,0.9999990000010001
mag_stuck,1,calibration,f20260909317_sensor_fault,sensor_fault,46.69455540261837,0.46212598826787454,0.4991097611813,0.9999990000010001
mag_stuck,1,calibration,f20260909319_sensor_fault,sensor_fault,41.704254099762785,0.4375442926236458,0.4779258445215778,0.9999990000010001
mag_stuck,1,calibration,f20260909327_sensor_fault,sensor_fault,153.60020155858862,0.5456209510694601,0.00017187437373122894,0.9999990000010001
mag_stuck,1,calibration,f20260909351_sensor_fault,sensor_fault,21.018992677791978,0.4909464450511528,0.1723725995248947,0.9999990000010001
mag_stuck,1,calibration,f20260909353_sensor_fault,sensor_fault,32.3225239368589,0.5440190630692378,0.004890452074213569,0.9999990000010001
mag_stuck,1,calibration,f20260909354_sensor_fault,sensor_fault,15.09229500290298,0.4996926724018936,0.04563474443595961,0.9999990000010001
mag_stuck,1,calibration,f27414466462551_gps_degrade,gps_degrade,22.34343048611252,0.4953972067173461,0.04315319634887205,0.9999990000010001
mag_stuck,1,calibration,f36042457135056_gps_degrade,gps_degrade,29.04099409658359,0.501965690644978,0.07926583892930084,0.9999990000010001
mag_stuck,1,calibration,f52087898353843_gps_degrade,gps_degrade,58.01980407069142,0.5810015166955788,0.0029414617911752705,0.9999990000010001
mag_stuck,2,seen_test,f20260909304_sensor_fault,sensor_fault,21.302172065896,0.5231716090561199,0.0020267100863564647,0.9999990000010001
mag_stuck,2,seen_test,f20260909305_sensor_fault,sensor_fault,26.61504873447915,0.5437654961386891,0.0010027335871463094,0.9999990000010001
mag_stuck,2,seen_test,f20260909308_sensor_fault,sensor_fault,30.926016170122303,0.5249741679848297,0.005826966418866486,0.9999990000010001
mag_stuck,2,seen_test,f20260909314_sensor_fault,sensor_fault,19.55941453131223,0.45187030053650107,0.5443669128195526,0.31999968000032003
mag_stuck,2,seen_test,f20260909320_sensor_fault,sensor_fault,30.067917230313196,0.5363390539795307,0.008035889072615876,0.9999990000010001
mag_stuck,2,seen_test,f20260909324_sensor_fault,sensor_fault,24.563892798883938,0.48205255322480284,0.00783175617955234,0.9999990000010001
mag_stuck,2,seen_test,f20260909333_sensor_fault,sensor_fault,18.463230264403578,0.4479513147157158,0.11345360235483581,0.9999990000010001
mag_stuck,2,seen_test,f20260909337_sensor_fault,sensor_fault,23.04631257803785,0.519549266877587,0.0025289482155032017,0.9999990000010001
mag_stuck,2,seen_test,f20260909351_sensor_fault,sensor_fault,11.051830980676494,0.48387872206113025,0.029237747052802354,0.9999990000010001
mag_stuck,2,seen_test,f20260909353_sensor_fault,sensor_fault,32.775082049575914,0.5569479011205688,0.004136104129767504,0.9999990000010001
mag_stuck,2,seen_test,f20260909357_sensor_fault,sensor_fault,27.077915005309944,0.5150009003839418,0.01635847501923615,0.9999990000010001
mag_stuck,2,unseen,f20260909300_sensor_fault,sensor_fault,3190.322071345101,0.41819398187470097,0.002399299865523341,24.999375015624608
mag_stuck,2,unseen,f20260909302_sensor_fault,sensor_fault,5335.710924479152,0.4221665147368553,0.01191512844127729,24.999375015624608
mag_stuck,2,unseen,f20260909306_sensor_fault,sensor_fault,2956.134665928823,0.3734211799438315,0.001579337255831037,24.999375015624608
mag_stuck,2,unseen,f20260909307_sensor_fault,sensor_fault,2960.6934234056544,0.3880729490891113,0.0019080067179235716,24.999375015624608
mag_stuck,2,unseen,f20260909310_sensor_fault,sensor_fault,1233.0972376526088,0.39827455317823884,0.04779536462287837,15.99960000999975
mag_stuck,2,unseen,f20260909311_sensor_fault,sensor_fault,2943.8469788229086,0.37252619381161806,0.001604147620674179,24.999375015624608
mag_stuck,2,unseen,f20260909312_sensor_fault,sensor_fault,2959.115935949607,0.36953653879557136,0.0019110129690459443,24.999375015624608
mag_stuck,2,unseen,f20260909313_sensor_fault,sensor_fault,2737.9240893086303,0.3673714935995179,0.0033603485699333913,23.999400014999622
mag_stuck,2,unseen,f20260909318_sensor_fault,sensor_fault,2964.806812775189,0.4091241943700103,0.0015346060918124405,24.999375015624608
mag_stuck,2,unseen,f20260909321_sensor_fault,sensor_fault,2921.1276394144684,0.3771601156344569,0.0033058002795306463,24.999375015624608
mag_stuck,2,unseen,f20260909323_sensor_fault,sensor_fault,2980.2931900331578,0.39383194554644957,0.0021539307355866733,24.999375015624608
mag_stuck,2,unseen,f20260909326_sensor_fault,sensor_fault,3033.0986830101892,0.4139555488261957,0.003416599401029896,24.999375015624608
mag_stuck,2,unseen,f20260909330_sensor_fault,sensor_fault,2058.781032875441,0.3547044954539147,0.006489538254530136,20.99947501312467
mag_stuck,2,unseen,f20260909331_sensor_fault,sensor_fault,2965.6494806315904,0.3647807831350862,0.0020527335945176306,24.999375015624608
mag_stuck,2,unseen,f20260909332_sensor_fault,sensor_fault,1346.6965822649363,0.38906178919900924,0.03488877953800551,16.999575010624735
mag_stuck,2,unseen,f20260909334_sensor_fault,sensor_fault,2951.111151633231,0.3588675422262989,0.0021645096080269433,24.999375015624608
mag_stuck,2,unseen,f20260909338_sensor_fault,sensor_fault,3120.6367254002807,0.41299815507931636,0.0021084894756191463,24.999375015624608
mag_stuck,2,unseen,f20260909339_sensor_fault,sensor_fault,1511.2128503936215,0.4008842098820598,0.02051647885238539,17.999550011249717
mag_stuck,2,unseen,f20260909340_sensor_fault,sensor_fault,3053.354717336688,0.3857376910716397,0.0030234133243960404,24.999375015624608
mag_stuck,2,unseen,f20260909341_sensor_fault,sensor_fault,2953.309618315843,0.3604260518251671,0.0022194218185951353,24.999375015624608
mag_stuck,2,unseen,f20260909342_sensor_fault,sensor_fault,2955.583370369614,0.3656564758692612,0.001539468225088103,24.999375015624608
mag_stuck,2,unseen,f20260909343_sensor_fault,sensor_fault,2947.833603126022,0.37358234346492736,0.0015222235649262617,24.999375015624608
mag_stuck,2,unseen,f20260909344_sensor_fault,sensor_fault,5594.832604731819,0.40886457496047174,0.010517416457926254,24.999375015624608
mag_stuck,2,unseen,f20260909345_sensor_fault,sensor_fault,2966.0579007515184,0.3740187798458919,0.0015236679577002032,24.999375015624608
mag_stuck,2,unseen,f20260909347_sensor_fault,sensor_fault,3235.0527045133213,0.382055539786257,0.003172300958301344,24.999375015624608
mag_stuck,2,unseen,f20260909348_sensor_fault,sensor_fault,2152.644151567242,0.4294065726745256,0.009752432373933306,20.99947501312467
mag_stuck,2,unseen,f20260909349_sensor_fault,sensor_fault,2954.6479834456745,0.3718572009040873,0.0014418058503332665,24.999375015624608
mag_stuck,2,unseen,f20260909350_sensor_fault,sensor_fault,684.3196906817466,0.40454510900803237,0.32412613274888236,11.999700007499811
mag_stuck,2,unseen,f20260909356_sensor_fault,sensor_fault,2514.019988659195,0.3939782362597675,0.003101726700593166,22.99942501437464
mag_stuck,2,unseen,f20260909358_sensor_fault,sensor_fault,5066.544088869584,0.4236307946040013,0.024341402420206104,24.999375015624608
mag_stuck,2,unseen,f20260909359_sensor_fault,sensor_fault,3844.5418666256464,0.4049013376942084,0.00516327415778417,24.999375015624608
mag_stuck,2,calibration,f105048958709988_gps_degrade,gps_degrade,27.41288916515328,0.46287928239179027,0.1820584007586563,0.9999990000010001
mag_stuck,2,calibration,f125406956954866_gps_degrade,gps_degrade,15.543393119339413,0.4917548091256122,0.02983937851869234,0.9999990000010001
mag_stuck,2,calibration,f137476638112559_gps_degrade,gps_degrade,18.59500228675964,0.47852688614183736,0.020840168617446753,0.9999990000010001
mag_stuck,2,calibration,f20260909008_nominal,nominal,10.471382323298085,0.4051610252675275,0.02624986895628767,0.9999750006249843
mag_stuck,2,calibration,f20260909010_nominal,nominal,11.976883302866343,0.3780783790066742,0.19354655915341756,0.19999980000020004
mag_stuck,2,calibration,f20260909012_nominal,nominal,4.1403993723434525,0.35534402622026995,0.5195883572890241,0.9999750006249843
mag_stuck,2,calibration,f20260909016_nominal,nominal,38.675943883462736,0.41545493772552994,0.1802555908922534,0.9999750006249843
mag_stuck,2,calibration,f20260909018_nominal,nominal,52.046313324077765,0.41206385188073547,0.14056410313765455,0.9999750006249843
mag_stuck,2,calibration,f20260909021_nominal,nominal,22.05284887567917,0.4415697148732957,0.1106316265029954,0.9999750006249843
mag_stuck,2,calibration,f20260909024_nominal,nominal,15.21952884282174,0.4207856336656887,0.04488479264378631,0.9999750006249843
mag_stuck,2,calibration,f20260909025_nominal,nominal,21.92436564446325,0.3926314811619098,0.5387821911882424,0.9999750006249843
mag_stuck,2,calibration,f20260909030_nominal,nominal,4.3246523851999,0.3594045370001773,0.15206996046417742,0.19999980000020004
mag_stuck,2,calibration,f20260909031_nominal,nominal,31.066488695207216,0.4068409758306301,0.34530588517892824,0.19999980000020004
mag_stuck,2,calibration,f20260909033_nominal,nominal,5.63234399226407,0.35734564657948964,0.4899866234518271,0.9999750006249843
mag_stuck,2,calibration,f20260909034_nominal,nominal,6.059211104267512,0.38733631724439394,0.04355223108454498,0.19999980000020004
mag_stuck,2,calibration,f20260909035_nominal,nominal,4.540393900225666,0.3625701793432175,0.3703223874505558,0.19999980000020004
mag_stuck,2,calibration,f20260909043_nominal,nominal,7.521163298964539,0.36471221356551453,0.39604539021406104,0.19999980000020004
mag_stuck,2,calibration,f20260909044_nominal,nominal,5.844410235586513,0.3600392415740784,0.20466011380502758,0.19999980000020004
mag_stuck,2,calibration,f20260909051_nominal,nominal,8.492332171884776,0.36886534859814946,0.32186313792374954,0.9999750006249843
mag_stuck,2,calibration,f20260909053_nominal,nominal,8.975537860588622,0.3795524340188339,0.2780494244368378,0.9999750006249843
mag_stuck,2,calibration,f20260909055_nominal,nominal,9.076158726854175,0.39108834977270374,0.050400541062536997,0.9999750006249843
mag_stuck,2,calibration,f20260909057_nominal,nominal,5.505243919511188,0.36336339107912796,0.20836150859440994,0.19999980000020004
mag_stuck,2,calibration,f20260909059_nominal,nominal,11.822232704269707,0.3941742825006825,0.06188419997834005,0.9999750006249843
mag_stuck,2,calibration,f20260909101_spoof,spoof,6.561287271917844,0.3908474914251777,0.20761264909253963,0.19999980000020004
mag_stuck,2,calibration,f20260909104_spoof,spoof,14.562429758685386,0.409378450441006,0.22057422625042078,0.9999750006249843
mag_stuck,2,calibration,f20260909106_spoof,spoof,8.611885206270834,0.3986838022498746,0.15210468156520784,0.9999750006249843
mag_stuck,2,calibration,f20260909107_spoof,spoof,8.045534769974799,0.38902820062102367,0.2169079130305256,0.9999750006249843
mag_stuck,2,calibration,f20260909113_spoof,spoof,10.793529757723006,0.41207258593777263,0.5001997971465454,0.19999980000020004
mag_stuck,2,calibration,f20260909116_spoof,spoof,7.1482942533214695,0.3626190530945408,0.31607879088138546,0.19999980000020004
mag_stuck,2,calibration,f20260909118_spoof,spoof,16.285628880800598,0.4403967516456387,0.09240403353875992,0.19999980000020004
mag_stuck,2,calibration,f20260909119_spoof,spoof,10.077245168607378,0.43369303857259855,0.1019342452161508,0.9999750006249843
mag_stuck,2,calibration,f20260909121_spoof,spoof,39.30186520303189,0.39317327138984626,0.14490584986707,0.9999750006249843
mag_stuck,2,calibration,f20260909123_spoof,spoof,6.389237330705061,0.3658142897123586,0.33638493125842517,0.9999750006249843
mag_stuck,2,calibration,f20260909124_spoof,spoof,14.999552741662772,0.4171977649476554,0.5602190832161171,0.9999750006249843
mag_stuck,2,calibration,f20260909127_spoof,spoof,17.83949166161333,0.43713733024233853,0.46065504810236446,0.19999980000020004
mag_stuck,2,calibration,f20260909141_spoof,spoof,10.83891593030765,0.4291926844260388,0.5183030577811888,0.19999980000020004
mag_stuck,2,calibration,f20260909143_spoof,spoof,11.160024355318958,0.4194142209614449,0.17229854140340095,0.9999750006249843
mag_stuck,2,calibration,f20260909147_spoof,spoof,10.082280590375259,0.38851790742206727,0.1978037815004563,0.9999750006249843
mag_stuck,2,calibration,f20260909149_spoof,spoof,8.100131127112647,0.4130140433862707,0.1266190809652793,0.19999980000020004
mag_stuck,2,calibration,f20260909153_spoof,spoof,20.459074340050957,0.4475578827495352,0.08216845450916599,0.9999750006249843
mag_stuck,2,calibration,f20260909154_spoof,spoof,6.023010662511563,0.35581735627055205,0.4907216179154189,0.9999750006249843
mag_stuck,2,calibration,f20260909156_spoof,spoof,7.980850456100149,0.3938260410395608,0.3398477545618548,0.19999980000020004
mag_stuck,2,calibration,f20260909159_spoof,spoof,11.036417192589525,0.40658500359807737,0.135299359776052,0.9999750006249843
mag_stuck,2,calibration,f20260909209_gps_degrade,gps_degrade,24.874679460610892,0.489527020455855,0.06448533817120783,0.9999990000010001
mag_stuck,2,calibration,f20260909212_gps_degrade,gps_degrade,25.871348340772425,0.5053042509429636,0.010400763067662022,0.9999990000010001
mag_stuck,2,calibration,f20260909218_gps_degrade,gps_degrade,31.16635530723505,0.5199835789743977,0.006428849261269298,0.9999990000010001
mag_stuck,2,calibration,f20260909232_gps_degrade,gps_degrade,93.25943866241556,0.5206132042602755,0.009438172237056897,0.9999990000010001
mag_stuck,2,calibration,f20260909236_gps_degrade,gps_degrade,27.30913160044884,0.48608571940631945,0.036881831031314594,0.9999990000010001
mag_stuck,2,calibration,f20260909240_gps_degrade,gps_degrade,28.766445973564064,0.5053713946797403,0.013598155916412447,0.9999990000010001
mag_stuck,2,calibration,f20260909241_gps_degrade,gps_degrade,33.89124377676484,0.5215394293069165,0.019176904874453005,0.19999980000020004
mag_stuck,2,calibration,f20260909248_gps_degrade,gps_degrade,64.71274147290913,0.5550317063739436,0.011767924168481825,0.9999750006249843
mag_stuck,2,calibration,f20260909249_gps_degrade,gps_degrade,4469.358282609529,0.5986132153272541,6.428315735274026e-08,0.19999980000020004
mag_stuck,2,calibration,f20260909250_gps_degrade,gps_degrade,36.19756366734352,0.4883070700993058,0.0648942180394354,0.19999980000020004
mag_stuck,2,calibration,f20260909251_gps_degrade,gps_degrade,42.97610043487732,0.556517141272102,0.0038597758728520226,0.9999750006249843
mag_stuck,2,calibration,f20260909253_gps_degrade,gps_degrade,30.2148236989288,0.483960681190842,0.060173513520616395,0.9999990000010001
mag_stuck,2,calibration,f20260909256_gps_degrade,gps_degrade,15.441904279367911,0.4363974030246822,0.4544130557433751,0.19999980000020004
mag_stuck,2,calibration,f20260909259_gps_degrade,gps_degrade,25.55705923255707,0.49079891819816307,0.011340020886083657,0.9999990000010001
mag_stuck,2,calibration,f20260909301_sensor_fault,sensor_fault,24.843678456392027,0.5360913735858143,0.004889965807399754,0.9999990000010001
mag_stuck,2,calibration,f20260909303_sensor_fault,sensor_fault,43.64918567291203,0.5360422677378683,0.006104689833361543,0.9999990000010001
mag_stuck,2,calibration,f20260909315_sensor_fault,sensor_fault,23.167758648517452,0.5270728803484321,0.007864024939066683,0.9999990000010001
mag_stuck,2,calibration,f20260909316_sensor_fault,sensor_fault,23.004299206671867,0.5423498537095843,0.00280242235734407,0.9999990000010001
mag_stuck,2,calibration,f20260909319_sensor_fault,sensor_fault,18.038166819006655,0.4421270362516665,0.10276005965967228,0.9999990000010001
mag_stuck,2,calibration,f20260909325_sensor_fault,sensor_fault,28.3623207326509,0.5448665553770575,0.015087568028681164,0.9999990000010001
mag_stuck,2,calibration,f20260909329_sensor_fault,sensor_fault,35.87145283687294,0.5217126459709978,0.021092927775120174,0.9999990000010001
mag_stuck,2,calibration,f20260909335_sensor_fault,sensor_fault,23.870694165888825,0.49592926588569614,0.021830844363461832,0.9999990000010001
mag_stuck,2,calibration,f20260909354_sensor_fault,sensor_fault,25.841986123772337,0.5072829598783347,0.029567322915246774,0.9999990000010001
mag_stuck,2,calibration,f27414466462551_gps_degrade,gps_degrade,24.587175607397658,0.49784949335999906,0.027133865381790634,0.9999990000010001
mag_stuck,2,calibration,f38329162600154_gps_degrade,gps_degrade,37.5656777894642,0.5574391693625829,0.002660847938832589,0.9999990000010001
mag_stuck,2,calibration,f52087898353843_gps_degrade,gps_degrade,41.047009329552864,0.552179332969547,0.003378763763208781,0.9999990000010001
